UniqueID,test,logFC,P.Value,Adj.P.Value
ATP6,ADvsCTL,-0.33399516,0.011671368,0.04747071
ND2,ADvsCTL,-0.261774729,0.007678173,0.0346047
ND5,ADvsCTL,-0.411002853,0.003233242,0.018283577
ND6,ADvsCTL,-0.52021971,0.070100425,0.178698026
COX1,ADvsCTL,-0.316365716,0.011362676,0.046570787
ND4,ADvsCTL,-0.380955595,0.000507343,0.004774541
COX3,ADvsCTL,-0.232449455,0.028115407,0.090769354
ND3,ADvsCTL,-0.080967336,0.752898357,0.85528793
ATP8,ADvsCTL,-0.282041265,0.005130066,0.025750568
MAGOHB,ADvsCTL,0.020209851,0.688030784,0.810515137
HLA-DRB1,ADvsCTL,1.116368824,0.03113796,0.098277906
TM9SF4,ADvsCTL,-0.120973014,0.43106809,0.601955499
PTEN,ADvsCTL,-0.081100641,0.470304435,0.639610475
TM9SF2,ADvsCTL,-0.061480901,0.546806344,0.705502786
TM9SF3,ADvsCTL,-0.121887671,0.135028451,0.281484374
AP1S1,ADvsCTL,-0.234787683,0.018557433,0.066675131
EIF3C,ADvsCTL,0.053423971,0.142360532,0.292808178
CP110,ADvsCTL,0.162742647,0.355172213,0.533685758
PLP2,ADvsCTL,0.786712343,1.41e-06,6.82e-05
WDR45,ADvsCTL,-0.045852649,0.700633434,0.81925358
SPECC1,ADvsCTL,0.054607574,0.351302535,0.529752439
EXOC3,ADvsCTL,-0.064480477,0.110041281,0.246030335
CCDC22,ADvsCTL,0.100577115,0.073665445,0.185265972
TFE3,ADvsCTL,-0.38136306,0.002989675,0.01721822
HDAC6,ADvsCTL,-0.008746532,0.939858691,0.967568851
SDHA,ADvsCTL,-0.340232052,3.85e-07,3.11e-05
APPBP2,ADvsCTL,-0.157113754,0.361137729,0.538599146
FLOT2,ADvsCTL,-0.315108369,0.003990855,0.021401864
ALDOC,ADvsCTL,-0.016015219,0.733441709,0.840606471
RAB34,ADvsCTL,0.266541595,0.006693372,0.031324285
TAOK1,ADvsCTL,-0.142108751,0.000272549,0.00300221
EFHD2,ADvsCTL,0.110320943,0.266883644,0.444888541
NECAP2,ADvsCTL,0.703137901,2.28e-06,9.21e-05
COG4,ADvsCTL,-0.184074293,0.223089777,0.395047947
SH2B1,ADvsCTL,0.020158251,0.798877851,0.884186549
PCDH8,ADvsCTL,-0.445252889,0.006246383,0.029756213
BCKDK,ADvsCTL,-0.113295608,0.394318814,0.5686735
FBXO42,ADvsCTL,-0.601373218,0.067403373,0.173464208
hCG_1993905,ADvsCTL,0.236654949,0.425205394,0.597597186
CD2BP2,ADvsCTL,-0.023315999,0.874234125,0.928720434
RPL18,ADvsCTL,-0.079618624,0.255762403,0.434300983
CPT1C,ADvsCTL,-0.297637249,0.245272961,0.422372135
RUSF1,ADvsCTL,-0.222859652,1.05e-05,0.000277953
TGFB1I1,ADvsCTL,0.153628864,0.488241484,0.654110821
FLJ20643,ADvsCTL,-0.260896349,0.155535073,0.310940462
NUP62,ADvsCTL,0.030021595,0.541304615,0.700540499
RRAS,ADvsCTL,0.163898292,0.053203084,0.146288144
AKT1S1,ADvsCTL,0.09118896,0.626128639,0.766464143
RNF40,ADvsCTL,0.08916143,0.778240332,0.869911843
SPHK2,ADvsCTL,-0.065641442,0.516527432,0.678236914
SR-A1,ADvsCTL,0.136838017,0.094007809,0.219789269
BMERB1,ADvsCTL,0.075549707,0.521881748,0.682402366
UBE2D1,ADvsCTL,-0.157540571,0.063668173,0.166230551
MYH11,ADvsCTL,-0.582622079,0.121796795,0.263088391
MYH11,ADvsCTL,-0.532726442,0.083480331,0.201568989
CCDC6,ADvsCTL,0.062326206,0.26127814,0.439336238
PHYHIPL,ADvsCTL,-0.094540192,0.063542322,0.165962208
PBLD,ADvsCTL,0.476720519,0.081871208,0.199087085
HNRNPH3,ADvsCTL,0.093255012,0.078868701,0.194023473
FAM241B,ADvsCTL,-0.38221124,0.006238992,0.029756213
LRRC20,ADvsCTL,-0.021840237,0.789857776,0.87821866
EIF4EBP2,ADvsCTL,0.556459262,0.118136439,0.257029396
PALD1,ADvsCTL,0.220254109,0.056048043,0.151673025
SEC24C,ADvsCTL,-0.092665345,0.059446729,0.158194716
DNAJC9,ADvsCTL,0.071969706,0.543832648,0.703081581
VCL,ADvsCTL,0.121687068,0.215859217,0.387490728
CISD1,ADvsCTL,-0.334149633,2.01e-06,8.42e-05
HERC4,ADvsCTL,-0.125893581,0.050293842,0.14010984
MACROH2A2,ADvsCTL,-0.10881665,0.489145604,0.654687985
AP3M1,ADvsCTL,0.000562522,0.995042589,0.996983053
MOCS2,ADvsCTL,0.06688238,0.40922919,0.582311684
PLPP1,ADvsCTL,-0.200245614,0.512949978,0.675018147
VDAC2,ADvsCTL,-0.175996047,0.003210981,0.018171978
EXOC2,ADvsCTL,-0.078587887,0.020402509,0.071240412
SERPINB9,ADvsCTL,-0.001464676,0.99373713,0.995813761
NQO2,ADvsCTL,0.31282161,0.066698676,0.172081626
TPMT,ADvsCTL,0.175593382,0.14357257,0.294464009
RANBP9,ADvsCTL,0.004248858,0.933404698,0.964175671
NUP153,ADvsCTL,0.115569799,0.21618514,0.387688783
TBC1D7,ADvsCTL,-0.017198971,0.83429631,0.906449071
SERPINB6,ADvsCTL,0.747308061,0.016938059,0.062288068
LOC221955,ADvsCTL,0.140499684,0.085568707,0.20550775
BPHL,ADvsCTL,-0.285801989,0.057300019,0.153848091
RIPOR2,ADvsCTL,-0.009949113,0.941869251,0.968297201
CCDC115,ADvsCTL,-0.230520657,0.172359774,0.333903544
TMEM14C,ADvsCTL,-0.026942497,0.927883486,0.961838149
FAM8A1,ADvsCTL,0.084399739,0.761505537,0.85935195
SIRT5,ADvsCTL,-0.124037082,0.071758362,0.181693416
C9,ADvsCTL,0.075330924,0.63745685,0.77515965
OXCT1,ADvsCTL,-0.246037356,0.000322196,0.003413187
HMGN4,ADvsCTL,0.478745886,0.007237849,0.033168423
SLC1A3,ADvsCTL,-0.032813787,0.596976894,0.745225752
VAMP7,ADvsCTL,-0.038141701,0.596139507,0.745096694
NUP155,ADvsCTL,0.139987914,0.007693642,0.034652703
SDF4,ADvsCTL,-0.011075646,0.951880455,0.973746191
VWA1,ADvsCTL,-0.080711736,0.611947967,0.754627417
AMPD2,ADvsCTL,0.223658071,0.000559024,0.0050964
AHCYL1,ADvsCTL,-0.05236587,0.40687206,0.580332406
NNT,ADvsCTL,-0.334373524,3.93e-08,7.25e-06
CTTNBP2NL,ADvsCTL,-0.212699406,0.218284972,0.389899132
AP4B1,ADvsCTL,-0.592251475,0.123044995,0.265147588
CSDE1,ADvsCTL,-0.175158408,1.16e-05,0.000300007
CAPZA1,ADvsCTL,-0.014890599,0.71646528,0.829876772
MAGI3,ADvsCTL,-0.13537827,0.092640031,0.217338468
TRIM33,ADvsCTL,0.441916219,0.012102406,0.048605587
CLCC1,ADvsCTL,0.203715491,0.007105771,0.032742994
WDR77,ADvsCTL,-0.223739858,0.148746016,0.301718639
RHOC,ADvsCTL,0.174509338,0.731452666,0.839481543
PAK4,ADvsCTL,0.202661947,0.28767779,0.466997596
HNRNPUL1,ADvsCTL,0.163554174,0.053757728,0.147082288
BCKDHA,ADvsCTL,0.082757493,0.258703563,0.436962281
RAB4B,ADvsCTL,-0.02757962,0.551541179,0.709321598
MGC20255,ADvsCTL,0.043656342,0.779049185,0.870410187
GSK3A,ADvsCTL,-0.223832632,1.92e-05,0.000418144
PAFAH1B3,ADvsCTL,0.367030838,0.000172344,0.002173876
TIMM50,ADvsCTL,-0.204785453,0.000565118,0.005132439
SPTBN4,ADvsCTL,-0.076367248,0.135639494,0.281863438
SAMD4B,ADvsCTL,0.046716063,0.690472832,0.812726409
SMG9,ADvsCTL,-0.097803886,0.823772745,0.899013405
PLD3,ADvsCTL,0.006876616,0.924762244,0.959720259
ERCC1,ADvsCTL,-0.131916295,0.865232393,0.924207989
PPP5C,ADvsCTL,-0.204660005,2.29e-05,0.000478137
ARHGEF1,ADvsCTL,0.557581983,1.7e-05,0.000383662
SAE1,ADvsCTL,-0.004686385,0.935518651,0.964957893
NAPA,ADvsCTL,-0.121901069,0.0151822,0.057355865
EHD2,ADvsCTL,-0.005745682,0.963427879,0.978267484
DHRS11,ADvsCTL,-0.062724295,0.511823815,0.674246164
APOC1,ADvsCTL,-0.204970387,0.456887653,0.627174215
APOC2,ADvsCTL,-0.065874268,0.799908015,0.884469627
VASP,ADvsCTL,0.284009975,0.123522222,0.26578019
SEPW1,ADvsCTL,0.053207297,0.402261741,0.576273392
SLC25A18,ADvsCTL,0.102096558,0.298577012,0.47860814
NELL2,ADvsCTL,0.142502274,0.149839002,0.303432416
ACACA,ADvsCTL,-0.137024248,0.005441285,0.026912805
PFKM,ADvsCTL,-0.041073936,0.256443888,0.434483657
ARF3,ADvsCTL,0.294857147,0.132231156,0.278029438
DDX23,ADvsCTL,0.059403993,0.405428853,0.578965602
SPATS2,ADvsCTL,0.037386243,0.807682797,0.889143306
SMARCD1,ADvsCTL,-0.810499886,0.079203298,0.194440042
CNTN1,ADvsCTL,-0.118570183,0.004725,0.024288552
METTL7A,ADvsCTL,0.28468495,0.000174953,0.002173876
TFCP2,ADvsCTL,-0.067686005,0.526304533,0.686438533
SLC38A1,ADvsCTL,0.071076113,0.59722168,0.745225752
PRKAG1,ADvsCTL,0.027595449,0.555269194,0.711571586
ATG101,ADvsCTL,0.017052555,0.952808936,0.973746191
GPD1,ADvsCTL,0.570981164,0.00107356,0.008137107
CORO2A,ADvsCTL,-0.26235023,0.031777998,0.099526897
SLC44A1,ADvsCTL,0.560727269,0.014202511,0.054740131
hCG_28765,ADvsCTL,-0.106433175,0.044206763,0.126836556
GNG10,ADvsCTL,0.160789033,0.194710656,0.362462151
PTBP3,ADvsCTL,0.102954858,0.348300815,0.526439958
TEX10,ADvsCTL,-0.220097653,0.487009361,0.65343375
LTB4DH,ADvsCTL,0.261289648,0.025502175,0.084668154
SLC9A7,ADvsCTL,0.055963599,0.615274995,0.757690984
ARAF,ADvsCTL,0.164751073,0.359824354,0.537913243
NCBP1,ADvsCTL,0.162227717,0.246044967,0.423004845
CDK16,ADvsCTL,-0.175151193,0.038734271,0.115608136
ALG2,ADvsCTL,-0.095805528,0.390718865,0.565253579
PGAP4,ADvsCTL,-0.282822293,0.156151645,0.312086353
UBA1,ADvsCTL,0.023278823,0.556095175,0.711869122
UBE2L3,ADvsCTL,0.225650777,0.005170204,0.025933945
XBP1,ADvsCTL,0.256611154,0.322010487,0.50130644
MTMR3,ADvsCTL,0.086766534,0.790271723,0.87821866
PDXP,ADvsCTL,-0.164203629,0.0060104,0.028995847
TFIP11,ADvsCTL,-0.20833946,0.323891047,0.502859552
SYN3,ADvsCTL,-0.302316911,0.000863363,0.006969886
CDC42EP1,ADvsCTL,0.637771434,0.000983604,0.007650037
NF2,ADvsCTL,0.077187376,0.365390742,0.542355676
EIF4ENIF1,ADvsCTL,0.006207199,0.97491651,0.984497327
PISD,ADvsCTL,-0.291835549,0.004957146,0.025199117
YWHAH,ADvsCTL,-0.114449462,0.076927144,0.190937526
SF3A1,ADvsCTL,0.092356224,0.07868314,0.193824598
PVALB,ADvsCTL,0.085303804,0.602440574,0.748549844
MIEF1,ADvsCTL,-0.260515743,0.007399193,0.033642476
KCNJ4,ADvsCTL,-0.60773396,8.75e-05,0.001322128
APOL2,ADvsCTL,-0.280461426,0.007980947,0.035715618
MYH9,ADvsCTL,-0.055232637,0.250916769,0.428187412
XRCC6,ADvsCTL,0.120532211,0.05598834,0.151570994
SOX10,ADvsCTL,0.872542514,0.083066189,0.201109087
JOSD1,ADvsCTL,0.08700561,0.651043885,0.784546601
SUN2,ADvsCTL,0.463664251,0.002909985,0.016934886
NPTXR,ADvsCTL,-0.420308614,0.00404955,0.021592596
NAGA,ADvsCTL,-0.211161128,0.538009917,0.697154627
SMARCE1,ADvsCTL,0.133887501,0.1413778,0.291217215
LASP1,ADvsCTL,0.14840625,0.141496217,0.291377694
TNRC6B,ADvsCTL,0.254269406,0.184511017,0.349627962
KLHL11,ADvsCTL,-0.184379713,0.423479906,0.59587069
ACLY,ADvsCTL,-0.048928296,0.291102297,0.470539061
RANGAP1,ADvsCTL,0.158687723,0.003063784,0.01751812
PHF5A,ADvsCTL,0.117223614,0.422786744,0.595342462
RAB5C,ADvsCTL,-0.068060571,0.063351196,0.165602991
PMM1,ADvsCTL,-0.14552255,0.083356747,0.201473482
RPL27,ADvsCTL,-0.04294569,0.655163835,0.787481695
ORMDL3,ADvsCTL,-0.180125134,0.127365979,0.271128585
VPS25,ADvsCTL,-0.010266082,0.847930286,0.914905411
COA3,ADvsCTL,-0.369995405,5.39e-05,0.000932213
JUP,ADvsCTL,0.34505373,0.019866681,0.069844104
PALM,ADvsCTL,-0.225205715,0.016361815,0.060602748
GHDC,ADvsCTL,0.020998553,0.871261406,0.927342897
CDC34,ADvsCTL,0.06148347,0.59539413,0.744553195
VAT1,ADvsCTL,0.614750095,3.69e-06,0.000127659
PSMD13,ADvsCTL,0.038603484,0.315647485,0.495395793
PSME3,ADvsCTL,-0.140437828,0.054398608,0.148496845
RNF126,ADvsCTL,-0.418692368,0.284955592,0.46352003
IFITM1,ADvsCTL,0.374226003,0.381344086,0.557023492
HDGFL3,ADvsCTL,0.068517186,0.349657577,0.528046809
ZFAND5,ADvsCTL,0.017679973,0.952533369,0.973746191
PSAT1,ADvsCTL,0.475142391,1.11e-07,1.41e-05
TJP2,ADvsCTL,0.410253104,0.026666217,0.087584519
HNRPK,ADvsCTL,0.119113692,0.010607715,0.044438728
NTRK2,ADvsCTL,-0.13797944,0.015064052,0.057119519
GDA,ADvsCTL,-0.136743648,0.118169917,0.257029396
TJP2,ADvsCTL,0.456686666,0.439216549,0.609665117
GNAQ,ADvsCTL,0.126307318,0.018601612,0.066724025
CARD19,ADvsCTL,0.137697241,0.412053093,0.58521719
FLJ00163,ADvsCTL,-0.427660744,0.098279642,0.227161139
CTIF,ADvsCTL,0.045150114,0.607906111,0.75193449
RPL17,ADvsCTL,-0.113483241,0.010484295,0.044120281
SMAD4,ADvsCTL,-0.217346778,0.313096954,0.493125989
RFK,ADvsCTL,-0.116090632,0.318992579,0.498307184
SPTLC1,ADvsCTL,0.127376811,0.204050159,0.37242649
KDSR,ADvsCTL,0.419567929,0.000172761,0.002173876
SPIN1,ADvsCTL,0.043430538,0.77531895,0.868400687
MAGED4,ADvsCTL,0.113887796,0.354386897,0.532728307
BCL2,ADvsCTL,-0.045276826,0.874900401,0.92888348
VPS4B,ADvsCTL,0.092784456,0.169132645,0.329499075
TADA3,ADvsCTL,-0.427077981,0.224725711,0.396480755
CNTN4,ADvsCTL,-0.24102624,0.081932092,0.199167806
ATG7,ADvsCTL,0.066642561,0.352390744,0.530503688
CHCHD4,ADvsCTL,-0.318615855,0.001487856,0.010419393
TMEM43,ADvsCTL,0.1673853,0.131281923,0.276518557
SLC6A1,ADvsCTL,0.019839703,0.835255127,0.90700334
CRELD1,ADvsCTL,-0.217038373,0.002167392,0.013615768
RPL32,ADvsCTL,-0.458739741,0.012012699,0.048353298
ANKRD28,ADvsCTL,-0.102943917,0.154337268,0.309381382
OXNAD1,ADvsCTL,-0.292887914,0.089732326,0.212918596
RBSN,ADvsCTL,-0.141563059,0.005717625,0.027905966
TRNT1,ADvsCTL,-0.008474377,0.875911513,0.929404266
CRBN,ADvsCTL,-0.066728127,0.300815531,0.480730085
HDAC11,ADvsCTL,0.249655712,0.182226485,0.347127941
UBP1,ADvsCTL,-0.012179282,0.948033151,0.971950179
RAB5A,ADvsCTL,-0.064984009,0.30879169,0.489022155
UBE2E1,ADvsCTL,-0.163488976,0.693501058,0.814194402
LRRFIP2,ADvsCTL,-0.000698361,0.996596586,0.998261976
ATP2B2,ADvsCTL,-0.352155352,1.77e-05,0.000395631
WDR48,ADvsCTL,-0.100938427,0.041490722,0.121367532
HHATL,ADvsCTL,0.397127563,0.003666291,0.020146398
ACAA1,ADvsCTL,0.144791679,0.007125647,0.032792566
OXSR1,ADvsCTL,0.004171112,0.929226872,0.96234666
MOBP,ADvsCTL,0.595989669,0.078579371,0.193701651
POMGNT2,ADvsCTL,-0.192275189,0.223314196,0.395199604
UBE2E2,ADvsCTL,-0.207018199,0.073689135,0.185265972
CTNNB1,ADvsCTL,0.013223912,0.729023157,0.838615635
RPL15,ADvsCTL,0.03022588,0.678434159,0.804082535
MYL1,ADvsCTL,0.095145328,0.663541983,0.793624457
CLEC3B,ADvsCTL,0.176702106,0.418609949,0.591303332
OXSM,ADvsCTL,-0.238185605,0.001986441,0.012837799
ANO10,ADvsCTL,0.049254208,0.413526197,0.586685194
KIAA1143,ADvsCTL,0.193688564,0.221769712,0.39357755
DHX30,ADvsCTL,-0.133828889,0.040600353,0.119394253
GORASP1,ADvsCTL,0.152881788,0.431754547,0.60259308
AMT,ADvsCTL,0.229042971,0.424747,0.597186312
APEH,ADvsCTL,-0.005956369,0.905827437,0.948119306
CCDC51,ADvsCTL,-0.022195819,0.750037344,0.853479021
PRKAR2A,ADvsCTL,-0.10853644,0.059029357,0.15755075
DAG1,ADvsCTL,0.124339647,0.071610777,0.18143583
IP6K1,ADvsCTL,-0.134563079,0.029335774,0.093741568
BSN,ADvsCTL,-0.387168586,0.000281386,0.00306204
SNRK,ADvsCTL,-0.236994384,0.010211963,0.043134499
CHDH,ADvsCTL,0.26484341,0.128900965,0.273183454
LAMB2,ADvsCTL,0.119387943,0.209256124,0.379425081
PCBP4,ADvsCTL,0.436813627,0.360826919,0.53838577
ABHD6,ADvsCTL,0.102397164,0.285901768,0.464743823
RHOA,ADvsCTL,-0.033336707,0.430849173,0.601766622
SUCLG2,ADvsCTL,0.39873426,0.000269309,0.002975641
RPL29,ADvsCTL,-0.282317219,0.039514395,0.117023815
FAM107A,ADvsCTL,1.222295674,5.46e-07,3.75e-05
PRKCD,ADvsCTL,-0.361878545,0.027774642,0.090032899
CAMKV,ADvsCTL,-0.183418547,0.038320897,0.114898797
THOC7,ADvsCTL,0.002212606,0.971273497,0.983313014
WDR82,ADvsCTL,0.067635389,0.363377535,0.540706373
FHIT,ADvsCTL,-0.071610472,0.147554441,0.300498045
PRICKLE2,ADvsCTL,-0.041955064,0.830778587,0.90460042
TMF1,ADvsCTL,0.129091324,0.235177957,0.409513724
CTSB,ADvsCTL,0.011634999,0.867209671,0.925469905
NETO1,ADvsCTL,-0.129188327,0.45609955,0.626570677
CBLN2,ADvsCTL,-0.485338798,0.018026923,0.065258004
MBP,ADvsCTL,0.807923328,0.02219952,0.076074866
THUMPD1,ADvsCTL,0.093132713,0.217135421,0.38823144
CHORDC1,ADvsCTL,0.035806492,0.717017919,0.830265683
MRE11,ADvsCTL,0.371612891,0.001263108,0.009233267
C11orf54,ADvsCTL,0.164365208,0.159192762,0.315963835
PANX1,ADvsCTL,-0.202936313,0.136389405,0.283147374
DCUN1D5,ADvsCTL,0.102868869,0.482307984,0.649184381
LYRM1,ADvsCTL,-0.104647455,0.275088526,0.453956537
ZBTB16,ADvsCTL,-0.120134307,0.285286906,0.46395404
RNF214,ADvsCTL,-0.001011621,0.986042018,0.990863403
BACE1,ADvsCTL,0.448976192,0.01859457,0.066724025
APOA1,ADvsCTL,0.038939422,0.872062441,0.927591177
YAP1,ADvsCTL,0.343585987,0.042899326,0.124199578
PHLDB1,ADvsCTL,0.37468519,0.006127208,0.029401605
C1QTNF5,ADvsCTL,1.971764164,0.000829448,0.006793213
SORL1,ADvsCTL,-0.016177777,0.765069416,0.86175138
VWA5A,ADvsCTL,0.19684395,0.068267214,0.175185897
FEZ1,ADvsCTL,0.109535031,0.391697369,0.565986174
hCG_2032701,ADvsCTL,0.050679879,0.306561754,0.486776755
FXYD6,ADvsCTL,-0.135939991,0.326349062,0.505040619
FAM118B,ADvsCTL,-0.117896105,0.387862624,0.562479003
VPS26B,ADvsCTL,-0.129802519,0.026094808,0.086061419
THYN1,ADvsCTL,0.206948762,0.013641116,0.053210708
GRAMD1B,ADvsCTL,-0.142736551,0.261835477,0.439837129
NRGN,ADvsCTL,0.226923957,0.252813624,0.43071729
APLP2,ADvsCTL,0.197045232,0.051730112,0.143136011
DEGS1,ADvsCTL,0.147462195,0.246082725,0.423004845
ACBD3,ADvsCTL,-0.095608525,0.259185012,0.437325308
ARF1,ADvsCTL,-0.146425789,0.000784692,0.006487687
MRPL55,ADvsCTL,0.027422233,0.918841559,0.955781249
LBR,ADvsCTL,0.659760195,0.055280453,0.150163255
NUP133,ADvsCTL,0.222580959,0.28863269,0.468018151
C1orf198,ADvsCTL,0.629231074,3.73e-05,0.0007028
CHRM3,ADvsCTL,-0.194501043,0.180549073,0.345120776
COQ8A,ADvsCTL,-0.089382269,0.186309027,0.352385178
PARP1,ADvsCTL,0.303162757,0.003350461,0.018754761
MAIP1,ADvsCTL,-0.16896143,0.016442694,0.060839661
RAB4A,ADvsCTL,0.003474449,0.945079523,0.970166549
SPATS2L,ADvsCTL,0.167436391,0.137857876,0.285520214
PPIL3,ADvsCTL,0.60162324,0.012657516,0.050329195
DKFZp762L015,ADvsCTL,0.105175197,0.176065796,0.339346535
TSNAX,ADvsCTL,0.130922175,0.172597183,0.334213349
TOMM20,ADvsCTL,-0.591180675,0.004349435,0.022793652
ICA1L,ADvsCTL,-0.107231546,0.143352022,0.294217382
GGPS1,ADvsCTL,0.181394781,0.009772552,0.041668031
SLC39A10,ADvsCTL,-0.312154281,0.001130644,0.008471585
NRP2,ADvsCTL,-0.226486519,0.445550391,0.616197647
EEF1B2,ADvsCTL,-0.153854178,0.002577288,0.015601339
ADAM23,ADvsCTL,-0.123893307,0.076896401,0.190927102
HSPD1,ADvsCTL,-0.17023234,0.000881089,0.007089123
GREM2,ADvsCTL,-0.324478851,0.246660482,0.423327923
SUMO1,ADvsCTL,0.043093969,0.728593691,0.838255665
LANCL1,ADvsCTL,0.153866852,0.031641776,0.099215037
BZW1,ADvsCTL,0.096195022,0.114937724,0.252384929
MAP2,ADvsCTL,-0.180778928,0.130490934,0.275740684
AAMP,ADvsCTL,0.076949418,0.266612831,0.444746311
NDUFB3,ADvsCTL,-0.367833618,3.04e-05,0.000598858
PNKD,ADvsCTL,-0.114239392,0.332350667,0.511795836
IGFBP5,ADvsCTL,0.890036568,6.85e-07,4.25e-05
ZFAND2B,ADvsCTL,-0.137253292,0.481962574,0.649184381
ABCB6,ADvsCTL,-0.234195053,0.116100665,0.254374682
DNPEP,ADvsCTL,0.232216368,0.001603908,0.011029549
EPHA4,ADvsCTL,-0.341167605,2.08e-05,0.000445453
CPS1,ADvsCTL,0.157589932,0.681355615,0.806470632
FN1,ADvsCTL,-0.032260341,0.84862679,0.915305518
ITM2C,ADvsCTL,0.031025163,0.685011253,0.808740354
BCS1L,ADvsCTL,-0.129460939,0.019521536,0.069103548
CHPF,ADvsCTL,0.260908476,0.325698226,0.50457621
COPS7B,ADvsCTL,0.15090628,0.037885803,0.113926665
MRPL44,ADvsCTL,-0.222846927,0.128318243,0.27241268
CUL3,ADvsCTL,-0.138841319,0.000773906,0.006428067
GMPPA,ADvsCTL,0.226776054,0.004667156,0.024084614
ARMC9,ADvsCTL,-0.025133973,0.945498773,0.97031997
WDFY1,ADvsCTL,-0.372561995,0.000139658,0.00184323
MFF,ADvsCTL,-0.322836634,9.7e-07,5.58e-05
DGKD,ADvsCTL,-0.190286614,0.200196864,0.368573341
CAB39,ADvsCTL,0.098548958,0.058802639,0.157120126
IRS1,ADvsCTL,-0.036588748,0.819921239,0.897425564
NCL,ADvsCTL,0.135007482,0.018351906,0.066201235
TNRC15,ADvsCTL,0.000560831,0.992509969,0.994861233
STK25,ADvsCTL,-0.108039513,0.59376304,0.743547623
ARL4C,ADvsCTL,-0.324198563,0.223447204,0.395199604
COPS8,ADvsCTL,-0.102279325,0.031153875,0.098285008
CTNNBIP1,ADvsCTL,0.038104565,0.883956709,0.933945447
KCNAB2,ADvsCTL,-0.053348484,0.378803572,0.554935661
HDLBP,ADvsCTL,-0.074424086,0.139580393,0.288423374
PEX11B,ADvsCTL,0.188438156,0.036452135,0.110913793
ENO1,ADvsCTL,0.26306009,1.42e-06,6.83e-05
ICMT,ADvsCTL,0.157392947,0.692135484,0.813751313
LRRC47,ADvsCTL,-0.048628899,0.408452557,0.581321576
KIF1B,ADvsCTL,-0.285462284,0.074431157,0.186285078
LZIC,ADvsCTL,0.496622531,3.1e-06,0.00011302
LRRC4B,ADvsCTL,-0.270278114,0.0008528,0.006915659
SYT3,ADvsCTL,-0.330471457,0.000489737,0.004678196
KLK6,ADvsCTL,0.461079913,0.073849534,0.185474756
MDH2,ADvsCTL,-0.307653378,2.43e-05,0.000499732
TMEM120A,ADvsCTL,-0.109922382,0.367562315,0.544306029
RPS9,ADvsCTL,-0.263674822,0.000520995,0.004851306
RDH13,ADvsCTL,-0.200348164,0.114116797,0.25117568
SYT5,ADvsCTL,0.108166609,0.196958516,0.36554719
RPS5,ADvsCTL,-0.00930089,0.909164467,0.949560043
CNOT3,ADvsCTL,0.248687268,0.109992288,0.24601198
CHMP2A,ADvsCTL,0.025808353,0.719577399,0.83133958
ZSCAN18,ADvsCTL,-0.237073072,0.102608383,0.234528789
UBE2M,ADvsCTL,-0.0011641,0.981001868,0.987592224
TTLL12,ADvsCTL,-0.043231219,0.638996102,0.776401851
ALG12,ADvsCTL,-0.916607221,0.035020185,0.107237204
FLJ20699,ADvsCTL,0.094314001,0.700802268,0.819254138
CYB5R3,ADvsCTL,0.087418565,0.153233206,0.308086982
NUP50,ADvsCTL,-0.052293227,0.678882165,0.804480958
SLC43A3,ADvsCTL,0.088828892,0.479067278,0.646880219
YPEL4,ADvsCTL,-0.388599192,0.323658283,0.502606656
SSRP1,ADvsCTL,0.034795301,0.64350533,0.780114588
SBF1,ADvsCTL,-0.16701774,0.000349767,0.003630406
ARSA,ADvsCTL,0.225719195,0.088963139,0.211331526
DAGLA,ADvsCTL,-0.146837401,0.036664779,0.11132535
FTH1,ADvsCTL,0.293475166,0.023474869,0.079386336
DAK,ADvsCTL,0.173673907,0.005023853,0.025412498
MTA2,ADvsCTL,-0.224368248,0.347727032,0.526236175
UBXN1,ADvsCTL,0.147290637,0.053662257,0.147040613
BSCL2,ADvsCTL,-0.323634885,5.3e-05,0.00091787
TNKS1BP1,ADvsCTL,0.060044246,0.417490481,0.590330063
ZDHHC5,ADvsCTL,-0.022926097,0.807447508,0.889020347
BSCL2,ADvsCTL,-0.523638078,0.187746687,0.354492512
PLAAT3,ADvsCTL,0.431048406,0.214919522,0.386473698
PPP1R14B,ADvsCTL,0.09136178,0.56982389,0.722754936
TRMT112,ADvsCTL,-0.012247157,0.954332149,0.974795675
SF1,ADvsCTL,0.159472153,0.027440203,0.089270638
MAP4K2,ADvsCTL,-0.05407316,0.589019865,0.739410103
EHD1,ADvsCTL,0.218983656,0.000575632,0.005175654
ASRGL1,ADvsCTL,0.100865009,0.184233413,0.349193923
ZFPL1,ADvsCTL,0.432093128,0.103237762,0.235145415
TM7SF2,ADvsCTL,0.032596454,0.762617232,0.860320711
MRPL49,ADvsCTL,-0.184626041,0.107211559,0.241367096
DPF2,ADvsCTL,0.172185779,0.544312486,0.703294361
PPP2R5B,ADvsCTL,-0.086737299,0.49430414,0.658797421
EIF1AD,ADvsCTL,0.058893181,0.662702848,0.793016401
RTN3,ADvsCTL,0.346816015,0.182089873,0.347051525
PC,ADvsCTL,-0.018049231,0.681472982,0.806470632
KCNK4,ADvsCTL,0.194215789,0.250518635,0.427930293
PPP6R3,ADvsCTL,0.023526782,0.581003849,0.732543504
CPT1A,ADvsCTL,0.024544661,0.713553321,0.828325656
EFEMP2,ADvsCTL,0.153226771,0.33402019,0.513798613
CTSF,ADvsCTL,0.312810065,0.046944456,0.132680341
BANF1,ADvsCTL,0.13394478,0.241450908,0.416838267
PACS1,ADvsCTL,-0.179999935,0.001762791,0.011784157
PLEKHB1,ADvsCTL,0.562653599,0.028484384,0.091672563
RAB6A,ADvsCTL,0.306873485,0.082133243,0.199454562
LRFN4,ADvsCTL,-0.152452245,0.439583852,0.609821918
PITPNM1,ADvsCTL,-0.041164099,0.436224023,0.606746625
SSH3,ADvsCTL,0.614627128,0.245671516,0.422653723
RAB6A,ADvsCTL,0.154975943,0.000134406,0.001789079
COA4,ADvsCTL,0.116072433,0.365252858,0.5423029
CORO1B,ADvsCTL,0.251413367,0.000156312,0.002018592
NDUFC2,ADvsCTL,-0.36882245,0.000108987,0.001543198
PRCP,ADvsCTL,0.074993932,0.47958196,0.647089296
ACY3,ADvsCTL,0.374211299,0.156750828,0.312599259
STARD10,ADvsCTL,-0.031410133,0.819187933,0.897277113
NUMA1,ADvsCTL,0.379129067,0.000116452,0.001624756
PAAF1,ADvsCTL,0.317641923,0.270772698,0.449289046
NEU3,ADvsCTL,-0.251545243,0.045830203,0.130402155
PAK1,ADvsCTL,-0.271398154,0.000197731,0.002389864
HYPK,ADvsCTL,-0.108706912,0.541483089,0.700645414
ADSS2,ADvsCTL,0.060305518,0.424566441,0.5971659
SECISBP2L,ADvsCTL,0.1051776,0.53262087,0.691791606
GNB5,ADvsCTL,-0.397414624,4.06e-07,3.16e-05
USP8,ADvsCTL,0.072746667,0.175320879,0.338545794
EIF3J,ADvsCTL,0.005110779,0.90957199,0.949847753
CCPG1,ADvsCTL,0.130605156,0.673677815,0.800159267
ARPP19,ADvsCTL,0.00696232,0.916978826,0.954395701
ADAM10,ADvsCTL,0.50303693,0.004893758,0.024929748
C1orf71,ADvsCTL,-0.489746452,0.025103325,0.083595055
DMXL2,ADvsCTL,-0.334423814,1.04e-05,0.000277254
HERC1,ADvsCTL,-0.058714145,0.218183017,0.389899132
MAP2K5,ADvsCTL,-0.221810231,0.135281011,0.281625515
DKFZp586J151,ADvsCTL,-0.185409123,0.14789559,0.300852885
SPG21,ADvsCTL,0.002708003,0.980416394,0.987422372
DPP8,ADvsCTL,-0.196416816,0.02084247,0.072530183
HEL-S-270,ADvsCTL,0.681214869,0.001993362,0.012839959
PKM,ADvsCTL,-0.021493641,0.690962904,0.813037161
RPLP1,ADvsCTL,-0.108466433,0.012503288,0.049770973
CORO1A,ADvsCTL,-0.394143217,2.23e-05,0.000466531
PPP4C,ADvsCTL,-0.173735038,0.088645309,0.210924812
DOC2A,ADvsCTL,-0.250566303,0.001392254,0.009954754
EDNRB,ADvsCTL,0.162873711,0.380476864,0.556480294
AGPAT5,ADvsCTL,0.039904873,0.487791353,0.653770814
TIMM9,ADvsCTL,-0.301302875,2.03e-05,0.000437921
GNPNAT1,ADvsCTL,-0.156565826,0.607404581,0.751860464
MTHFD1,ADvsCTL,0.063298101,0.196908082,0.36554719
KTN1,ADvsCTL,0.21142837,0.000121096,0.001662471
NUMB,ADvsCTL,-0.247955128,0.015509276,0.058252724
VATD,ADvsCTL,-0.1256814,0.007250398,0.033175643
FERMT2,ADvsCTL,0.164994315,0.001159174,0.008604681
ARG2,ADvsCTL,0.36645591,0.482590181,0.649442689
PSEN1,ADvsCTL,-0.103267799,0.613874252,0.756533378
PPM1A,ADvsCTL,-0.117106775,0.004969941,0.025214449
TTC9,ADvsCTL,-0.220918761,0.016548248,0.061167291
ANGEL1,ADvsCTL,-0.174304459,0.144654809,0.296046699
TMEM63C,ADvsCTL,0.156401108,0.107649224,0.242202336
HSPA2,ADvsCTL,0.653310563,0.007245425,0.033173993
DLST,ADvsCTL,-0.249840834,7.11e-05,0.001138949
NEK9,ADvsCTL,0.06621773,0.37856577,0.554813281
ERH,ADvsCTL,-0.020841438,0.741031001,0.847010327
SRSF5,ADvsCTL,-0.226247301,0.216729395,0.388205199
SMOC1,ADvsCTL,1.755647285,2.96e-13,2.13e-09
GALC,ADvsCTL,-0.155265557,0.479573416,0.647089296
FBLN5,ADvsCTL,0.509080347,0.194560803,0.362392156
ALDH6A1,ADvsCTL,0.114105373,0.037245763,0.112803611
NDUFB1,ADvsCTL,-0.175420751,0.031257015,0.098480819
SPTLC2,ADvsCTL,0.155886305,0.26039345,0.438432238
ITPK1,ADvsCTL,0.132538527,0.110865478,0.246932576
TMED10,ADvsCTL,-0.001205297,0.98941358,0.993002914
SERPINA1,ADvsCTL,-1.774199684,0.121965245,0.263215123
CCNK,ADvsCTL,0.397861148,0.053631194,0.147015694
SETD3,ADvsCTL,0.189157251,0.022366188,0.076174237
EVL,ADvsCTL,-0.084569697,0.267339012,0.44548844
WARS1,ADvsCTL,-0.195973736,0.001520651,0.010609159
PPP4R3A,ADvsCTL,-0.046855901,0.760039463,0.858370837
PAPOLA,ADvsCTL,0.184664173,0.549435456,0.707372335
BAG5,ADvsCTL,-0.154998457,0.001298211,0.0094504
CDC42BPB,ADvsCTL,-0.153313519,8e-05,0.001239921
SERPINA3,ADvsCTL,0.279393335,0.284141512,0.462969826
GSKIP,ADvsCTL,-0.04388047,0.79209994,0.879798467
EIF5,ADvsCTL,0.119513555,0.008590379,0.037817771
GPT2,ADvsCTL,0.136931073,0.319971377,0.499303485
MT3,ADvsCTL,0.04350147,0.71907578,0.831199815
DNAJA2,ADvsCTL,-0.058673635,0.196998129,0.36554719
PLLP,ADvsCTL,0.299538896,0.11052258,0.24666116
MT1M,ADvsCTL,-0.019763251,0.947900762,0.971950179
PSME3IP1,ADvsCTL,-0.239599558,0.312175748,0.491890505
COQ9,ADvsCTL,-0.231979286,0.004041437,0.021588339
BBS2,ADvsCTL,0.191237729,0.148502416,0.301543048
ADGRG1,ADvsCTL,0.2376187,0.025137787,0.083595055
ARL2BP,ADvsCTL,0.006034738,0.972111575,0.983313014
NDRG4,ADvsCTL,-0.137335661,0.188417848,0.355345984
GOT2,ADvsCTL,-0.102332512,0.400433322,0.574569496
C16orf70,ADvsCTL,-0.050270848,0.391183729,0.565595362
NUTF2,ADvsCTL,0.185921598,0.000470638,0.004556258
PDF,ADvsCTL,-0.204268653,0.115470869,0.253380708
DYNC1LI2,ADvsCTL,0.22024157,0.001655278,0.011273763
COG8,ADvsCTL,-0.134708044,0.352189754,0.530393004
TPPP3,ADvsCTL,0.690801802,0.00010195,0.001464089
SRPK2,ADvsCTL,-0.076359439,0.218545499,0.390240928
VPS4A,ADvsCTL,0.036941024,0.415896693,0.588800301
PRKAR2B,ADvsCTL,-0.172433997,0.021485727,0.074265659
DLD,ADvsCTL,-0.342216354,3.84e-07,3.11e-05
NAMPT,ADvsCTL,0.240950118,0.010267802,0.0433429
IMPDH1,ADvsCTL,0.062115793,0.65750028,0.788895575
CCDC136,ADvsCTL,-0.267102551,0.002669304,0.015900932
SNTB2,ADvsCTL,0.054199421,0.44226649,0.612834302
NDUFA5,ADvsCTL,-0.398494927,8.16e-06,0.000233984
MEST,ADvsCTL,-0.708264609,0.000678389,0.005857611
CNOT4,ADvsCTL,0.13459148,0.098400907,0.227296599
PTN,ADvsCTL,0.269315303,0.313703741,0.493865399
SLC44A2,ADvsCTL,0.489335839,0.00095498,0.007534263
PLXNA4,ADvsCTL,-0.373287352,2.88e-07,2.56e-05
AKR1B1,ADvsCTL,0.210032928,0.000343276,0.00358893
S1PR2,ADvsCTL,-0.089533983,0.842930245,0.911896113
CDC37,ADvsCTL,-0.119448987,0.018178213,0.065706475
MRPL4,ADvsCTL,-0.305565294,0.125178558,0.26822669
DHPS,ADvsCTL,-0.6842287,0.032885214,0.102222709
TMEM205,ADvsCTL,0.108271662,0.314142594,0.494177505
NACC1,ADvsCTL,-0.119533726,0.369715505,0.546407156
PLPPR2,ADvsCTL,-0.398255848,0.422856199,0.595342462
ELOF1,ADvsCTL,0.037506836,0.87232635,0.927591177
GCDH,ADvsCTL,-0.042869286,0.680397918,0.806011566
RAB3D,ADvsCTL,-0.255103158,0.004304461,0.022633032
RAD23A,ADvsCTL,0.115356555,0.045582656,0.129903347
BST2,ADvsCTL,0.112730639,0.614874885,0.757587366
BRD4,ADvsCTL,-0.24374006,0.49086852,0.655919982
GIPC1,ADvsCTL,0.043832202,0.438904373,0.609349383
RAB8A,ADvsCTL,0.034851536,0.452718737,0.623235574
RAB3A,ADvsCTL,-0.333994409,0.000615839,0.005435248
PRKACA,ADvsCTL,-0.172162971,0.038300249,0.114884775
DDA1,ADvsCTL,-0.092339031,0.609369484,0.752608979
SLC25A42,ADvsCTL,-0.223364685,0.064328644,0.167468672
AP1M1,ADvsCTL,-0.114140001,0.033696857,0.104205285
BABAM1,ADvsCTL,0.049790044,0.507199803,0.670271576
TMEM59L,ADvsCTL,-0.760082503,0.127559711,0.27146065
UPF1,ADvsCTL,0.015401851,0.648596038,0.78330277
MVB12A,ADvsCTL,0.230269624,0.149939298,0.303484
KXD1,ADvsCTL,-0.299769853,0.234579772,0.409050254
CCDC124,ADvsCTL,0.351443025,0.000198025,0.002389864
ATP13A1,ADvsCTL,-0.116701333,0.015323854,0.057739382
RGS14,ADvsCTL,-0.031542339,0.925497184,0.96006652
KLHL26,ADvsCTL,-0.16725781,0.134921316,0.281382726
PIK3R2,ADvsCTL,0.101987561,0.303510641,0.483888246
IFI30,ADvsCTL,0.821480121,0.039348504,0.116803083
FKBP8,ADvsCTL,-0.261938456,0.000592754,0.005296496
KIAA1191,ADvsCTL,-0.143581332,0.326808571,0.505208263
UIMC1,ADvsCTL,0.042343574,0.915267572,0.953052884
SNCB,ADvsCTL,0.081264679,0.650271185,0.78425733
PRR7,ADvsCTL,0.434377457,0.18919804,0.356224854
HNRNPF,ADvsCTL,0.450437484,1.27e-05,0.000319205
ATP6V1H,ADvsCTL,-0.212766934,0.001104136,0.008325
PENK,ADvsCTL,0.295949263,0.40202935,0.576134562
FAM110B,ADvsCTL,0.040189152,0.792342482,0.879931986
RAB2A,ADvsCTL,-0.182223183,0.000213665,0.002500259
BPNT2,ADvsCTL,-0.213517389,0.111702992,0.248003871
YTHDF3,ADvsCTL,-0.08008567,0.251345014,0.428519717
COPS5,ADvsCTL,-0.043161149,0.290946054,0.470527805
ARFGEF1,ADvsCTL,-0.088804537,0.09998787,0.229927349
STAU2,ADvsCTL,-0.00053391,0.9957618,0.997564711
TMEM68,ADvsCTL,-0.355160604,0.043007177,0.124237199
ELOC,ADvsCTL,-0.051335846,0.261360153,0.439336238
PKIA,ADvsCTL,0.211929939,0.086428979,0.206951947
SDCBP,ADvsCTL,0.111105759,0.135534096,0.281843525
PRKAR1B,ADvsCTL,-0.187626203,0.019661034,0.069483013
PSMG3,ADvsCTL,-0.070010292,0.450213345,0.620974994
LACTB2,ADvsCTL,0.217647762,0.091863051,0.216135046
RPL7,ADvsCTL,0.051135846,0.390948661,0.565472294
TTYH3,ADvsCTL,-0.383607506,0.00041633,0.00413627
NUDT1,ADvsCTL,0.225378095,0.497928077,0.662399973
EIF3B,ADvsCTL,0.069688035,0.076525728,0.190138018
POLE3,ADvsCTL,1.130478606,0.016682121,0.061475599
IMPA1,ADvsCTL,0.150877859,0.065044601,0.169026666
HDHD3,ADvsCTL,-0.048613355,0.730422564,0.839416226
TRIM32,ADvsCTL,0.007391735,0.943599264,0.96933869
RAB14,ADvsCTL,-0.1047217,0.009019879,0.03929739
MRRF,ADvsCTL,0.084051941,0.669548274,0.797889452
FBXL18,ADvsCTL,-0.260607116,6.73e-05,0.0010899
PPP6C,ADvsCTL,-0.05420706,0.369209196,0.545883195
GAPVD1,ADvsCTL,0.008979681,0.842067415,0.911667785
RPL35,ADvsCTL,-0.137747445,0.385809086,0.560744545
LRSAM1,ADvsCTL,-0.069410833,0.077278352,0.191478879
NIBAN2,ADvsCTL,0.36627882,0.018170721,0.065706475
ALAD,ADvsCTL,0.474320888,0.000127957,0.001736594
CDK9,ADvsCTL,-0.007048008,0.986758105,0.991068902
ATP6V1G1,ADvsCTL,-0.152460139,0.098508614,0.227471094
LRRC8A,ADvsCTL,-0.152582561,0.014639803,0.055935191
SH3GLB2,ADvsCTL,0.426046095,0.162915593,0.320616104
ARPC5L,ADvsCTL,-0.121190778,0.054570282,0.148683349
RABEPK,ADvsCTL,0.268778405,0.00047817,0.004616743
FUBP3,ADvsCTL,0.36559082,0.000655338,0.005706837
NCS1,ADvsCTL,-0.170566414,0.018864343,0.067452902
DOLPP1,ADvsCTL,0.671863585,0.203316556,0.371464564
NUP214,ADvsCTL,0.179072973,0.125741071,0.268943064
MVB12B,ADvsCTL,0.151379775,0.066121574,0.170837816
URM1,ADvsCTL,-0.112866756,0.548033312,0.706373854
TBC1D13,ADvsCTL,-0.121353168,0.184057771,0.349004729
SLC27A4,ADvsCTL,-0.177415471,0.00472737,0.024288552
MRPS2,ADvsCTL,-0.168390553,0.235582483,0.409607155
NTMT1,ADvsCTL,-0.188990303,0.488910088,0.654518939
UCK1,ADvsCTL,-0.152859863,0.445681717,0.616260782
PTGDS,ADvsCTL,0.454841232,0.003767487,0.020498889
TRAF2,ADvsCTL,-0.119955551,0.100658374,0.231026064
BRD3,ADvsCTL,0.084469102,0.714348929,0.828518717
UBADC1,ADvsCTL,0.024378576,0.773418811,0.86748815
PTP4A1,ADvsCTL,-0.039721507,0.778102945,0.869896337
CACNG4,ADvsCTL,-0.131847217,0.482728957,0.649507929
AMZ2,ADvsCTL,-0.175103662,0.307209381,0.487052474
ITGB4,ADvsCTL,0.406009274,0.000259273,0.002895889
MRPS7,ADvsCTL,-0.295290304,0.03973761,0.117481558
WBP2,ADvsCTL,-0.248876926,8.5e-05,0.001296449
GNA13,ADvsCTL,0.41973867,3.19e-05,0.000622741
PRPSAP1,ADvsCTL,0.118472802,0.103222028,0.235145415
UNK,ADvsCTL,-0.161679522,0.496924527,0.661349719
RPL38,ADvsCTL,-0.011070522,0.872295223,0.927591177
GAA,ADvsCTL,0.083058955,0.44859596,0.619456851
SAP30BP,ADvsCTL,0.287334919,0.065483087,0.169798069
NPLOC4,ADvsCTL,-0.026792552,0.564772296,0.719010111
MCRIP1,ADvsCTL,-0.489662424,1.29e-05,0.000319622
CDR2L,ADvsCTL,0.26422187,0.149429559,0.302773752
P4HB,ADvsCTL,-0.112254301,0.001489105,0.010419393
TMEM94,ADvsCTL,-0.211431977,0.005077739,0.025549893
SLC16A3,ADvsCTL,-0.193604287,0.382754102,0.558108708
WDR45L,ADvsCTL,0.10393645,0.269204999,0.447617095
SRSF2,ADvsCTL,0.037775654,0.599450468,0.746806881
SEPTIN9,ADvsCTL,0.0504113,0.372690862,0.549508898
TIMP2,ADvsCTL,0.344419487,0.006062008,0.029160691
EIF4A3,ADvsCTL,-0.079365426,0.258726867,0.436962281
CYBC1,ADvsCTL,0.103116828,0.401004464,0.575274254
MPZL1,ADvsCTL,0.084537146,0.591046041,0.741306743
MPC2,ADvsCTL,-0.032166694,0.771389623,0.866022406
CACYBP,ADvsCTL,0.076547422,0.301632474,0.481714562
XPR1,ADvsCTL,-0.176565532,0.354482356,0.532760465
HSD17B7,ADvsCTL,-0.018718353,0.930593644,0.96301335
ACBD6,ADvsCTL,-0.101990051,0.364914317,0.541984035
FAM20B,ADvsCTL,-0.09520814,0.503401493,0.666721956
C1orf21,ADvsCTL,-0.169082906,0.15662545,0.312599019
SERPINC1,ADvsCTL,0.123982778,0.401582495,0.575644257
TOR1AIP2,ADvsCTL,0.237737177,0.002738698,0.016226896
CFH,ADvsCTL,0.179404807,0.257238887,0.435164466
NEK7,ADvsCTL,0.352666186,0.006771223,0.031585868
TMEM9,ADvsCTL,-0.126761464,0.566280725,0.720038404
CHI3L1,ADvsCTL,-0.627106013,0.113590023,0.2504761
FMOD,ADvsCTL,-0.395159544,0.585926651,0.736426769
LAMC1,ADvsCTL,0.132218428,0.181279345,0.346148747
ARL8A,ADvsCTL,0.199762294,0.004809386,0.024587003
FAM129A,ADvsCTL,0.283388034,0.405091755,0.578680515
CDK18,ADvsCTL,0.172189076,0.056883886,0.153303032
RO60,ADvsCTL,0.197797993,0.004832864,0.024689482
ATP6V0D2,ADvsCTL,-0.281429783,0.08782586,0.209738185
CPNE3,ADvsCTL,0.277126107,0.000122943,0.001680555
DDX3Y,ADvsCTL,1.130570632,0.095188332,0.221347831
SYT2,ADvsCTL,0.27012189,0.230775748,0.404574691
CNTN2,ADvsCTL,0.042019625,0.691552526,0.813198842
RBBP5,ADvsCTL,-0.139906009,0.59237051,0.742564937
COX6C,ADvsCTL,-0.385536145,0.001699909,0.011459652
CPQ,ADvsCTL,-0.008058294,0.951078632,0.973363377
PABPC1,ADvsCTL,-0.025707004,0.530909456,0.69044146
MTDH,ADvsCTL,0.152790593,0.021804906,0.075079409
RPL30,ADvsCTL,-0.182098073,0.032088601,0.10027519
MFSD4A,ADvsCTL,-0.000564113,0.998050347,0.998721853
DECR1,ADvsCTL,-0.049650579,0.617232612,0.759062092
SPAG1,ADvsCTL,-0.072505097,0.487788282,0.653770814
ANKRD46,ADvsCTL,-0.536510862,0.002500937,0.01524512
MAL2,ADvsCTL,0.004158074,0.978744656,0.986424312
POLR2K,ADvsCTL,0.025907042,0.8847762,0.934673992
CYRIB,ADvsCTL,-0.151788483,0.001223607,0.008981503
RIDA,ADvsCTL,0.016068178,0.864165929,0.923526054
ATP6V1C1,ADvsCTL,-0.251622502,5.11e-05,0.000896711
SCG5,ADvsCTL,0.000311903,0.998034087,0.998721853
RAD21,ADvsCTL,0.411918122,0.007550644,0.034201373
CCDC32,ADvsCTL,0.692049798,0.147744544,0.300800031
FYTTD1,ADvsCTL,0.075694531,0.399477557,0.573464389
C15orf24,ADvsCTL,-0.087729349,0.185557108,0.351332529
NDUFAF1,ADvsCTL,-0.141430266,0.232297987,0.406351998
VPS39,ADvsCTL,0.14475289,0.005049378,0.025487842
LRRC57,ADvsCTL,-0.311289223,1.63e-06,7.53e-05
CHP1,ADvsCTL,-0.242124117,0.005036394,0.025458033
EMC4,ADvsCTL,0.062318386,0.710443676,0.826629142
EHD4,ADvsCTL,0.221839486,0.0009616,0.007542841
RMDN3,ADvsCTL,-0.048595291,0.375173331,0.551978271
THBS1,ADvsCTL,-0.18332472,0.394347757,0.5686735
PAK6,ADvsCTL,-0.15433202,0.712509112,0.828094692
VPS18,ADvsCTL,0.010770729,0.786590733,0.875707652
GUF1,ADvsCTL,-0.164411195,0.120952001,0.261735181
SLAIN2,ADvsCTL,-0.052720236,0.675648493,0.801705644
OCIAD1,ADvsCTL,-0.028328379,0.669233286,0.797889452
HUWE1,ADvsCTL,0.001020339,0.978008417,0.986096796
TSR2,ADvsCTL,0.011295005,0.9083309,0.949198157
FAM114A1,ADvsCTL,0.526016734,0.022819055,0.07745987
LIAS,ADvsCTL,-0.084031122,0.644780838,0.780682067
SHINC3,ADvsCTL,-0.261292652,0.004045145,0.021588339
GNPDA2,ADvsCTL,-0.022899973,0.664451919,0.79444858
GABRA2,ADvsCTL,-0.453267891,0.003682639,0.020205358
MAPT,ADvsCTL,0.33619749,0.011262729,0.046372529
MAPT,ADvsCTL,0.838575466,1.32e-10,1.72e-07
MAGED2,ADvsCTL,0.356336751,0.000617552,0.005437023
NDUFA4,ADvsCTL,-0.37569522,1.59e-05,0.000362841
ANKMY2,ADvsCTL,-0.165461151,0.003640857,0.020052591
SNX13,ADvsCTL,-0.242071351,0.094020795,0.219789269
MPP6,ADvsCTL,-0.023132091,0.752626014,0.855235216
ICA1,ADvsCTL,-0.146501374,0.006663879,0.031206564
AVL9,ADvsCTL,-0.351768362,0.000213772,0.002500259
KBTBD2,ADvsCTL,0.04195946,0.873042307,0.927658272
CPVL,ADvsCTL,0.63769101,0.183105889,0.348075553
FAM221A,ADvsCTL,-0.107411103,0.518367152,0.679645874
GSDME,ADvsCTL,0.019449356,0.799541813,0.884377097
HIBADH,ADvsCTL,-0.027342331,0.650782061,0.784362494
SEPT7,ADvsCTL,-0.031630835,0.845820374,0.913511404
MFAP2,ADvsCTL,0.322583505,0.584908542,0.735532717
PADI2,ADvsCTL,0.822689432,4.54e-06,0.000149857
C1QC,ADvsCTL,0.526226832,0.126132612,0.269620173
ASAP3,ADvsCTL,0.300429152,0.158686634,0.315258436
RAP1GAP,ADvsCTL,-0.054163528,0.755229299,0.856287534
HSPG2,ADvsCTL,-0.068495249,0.618161222,0.75968455
C1QB,ADvsCTL,0.355462791,0.030517107,0.096785515
LUZP1,ADvsCTL,-0.017514131,0.823336983,0.899013405
RCC2,ADvsCTL,0.228503997,0.002386131,0.014745221
ELOA,ADvsCTL,0.391639185,0.062650379,0.164528725
DDOST,ADvsCTL,0.013972502,0.82814143,0.902822265
ALDH4A1,ADvsCTL,0.177902104,0.065174533,0.169303147
MRTO4,ADvsCTL,-0.087628262,0.660743913,0.791462276
CDC42,ADvsCTL,-0.050592542,0.224650625,0.396480755
CDC42,ADvsCTL,-0.475767599,5.66e-06,0.000174669
PTPN4,ADvsCTL,-0.158273923,0.341929713,0.520897859
BIN1,ADvsCTL,0.198470312,0.091287963,0.215289941
ALPL,ADvsCTL,-0.567465143,0.00529322,0.026367127
RALB,ADvsCTL,0.030144991,0.772422401,0.866776026
C1QA,ADvsCTL,0.650049257,0.000220102,0.002549431
DDX18,ADvsCTL,-0.099038242,0.426135431,0.598436578
ACTR3,ADvsCTL,0.042442345,0.199696552,0.368312127
MRPS27,ADvsCTL,-0.143551767,0.378739602,0.554935661
CERT1,ADvsCTL,-0.283866562,0.022583912,0.076697865
HEXB,ADvsCTL,-0.064496881,0.279888754,0.458910373
ARSB,ADvsCTL,-0.137641025,0.283246279,0.462307802
WDR41,ADvsCTL,0.036585377,0.811302717,0.891361747
GFM2,ADvsCTL,-0.622160881,0.034713821,0.106574993
HAPLN1,ADvsCTL,-0.115735406,0.176210419,0.339443371
ZFYVE16,ADvsCTL,-0.053718932,0.837369809,0.908476778
FAM172A,ADvsCTL,0.003391872,0.979386347,0.986794509
TNPO1,ADvsCTL,0.15032731,0.043872901,0.126079814
GLRX,ADvsCTL,0.09879916,0.135269633,0.281625515
MAP1B,ADvsCTL,-0.077530526,0.213683993,0.385048211
LHFPL2,ADvsCTL,-0.107572609,0.652898134,0.786122578
YBX3,ADvsCTL,-0.260105975,0.276508128,0.455443775
KLRC1,ADvsCTL,0.525855837,0.05374465,0.147082288
VCAN,ADvsCTL,0.800130536,0.000752421,0.006315244
PTPRO,ADvsCTL,-0.275173226,0.064489651,0.167827084
ARHGDIB,ADvsCTL,0.227132752,0.010482079,0.044120281
HEBP1,ADvsCTL,0.262323038,0.006246612,0.029756213
FLJ22028,ADvsCTL,-0.107984291,0.54986576,0.707616662
RECQL,ADvsCTL,0.328852517,6.99e-05,0.00112435
KRAS,ADvsCTL,-0.226961528,0.037323552,0.112849226
CCDC91,ADvsCTL,-0.066017229,0.293387253,0.473275289
MGST1,ADvsCTL,0.2389935,0.105731615,0.239159592
SPRYD3,ADvsCTL,0.029611929,0.912468807,0.95176742
MAP3K12,ADvsCTL,-0.065716851,0.619916453,0.761321333
CALCOCO1,ADvsCTL,-0.301321284,9.65e-06,0.000262967
HNRNPA1,ADvsCTL,0.004950779,0.931417194,0.96301335
RAB5B,ADvsCTL,-0.121936724,0.00332439,0.018666929
RPS26,ADvsCTL,-0.18138659,0.010652501,0.044470947
ESYT1,ADvsCTL,-0.097297666,0.057180368,0.153756407
DGKA,ADvsCTL,-0.10881914,0.221681041,0.393522143
MYL6B,ADvsCTL,-0.053044498,0.326768443,0.505208263
PTGES3,ADvsCTL,0.053993353,0.267429318,0.44548844
CAPRIN2,ADvsCTL,0.059551946,0.803365111,0.886153234
TAC3,ADvsCTL,0.549770797,0.000347302,0.003620496
B4GALNT1,ADvsCTL,0.07449007,0.699649747,0.818438873
PDE1B,ADvsCTL,-0.033426372,0.800028558,0.884469627
CS,ADvsCTL,-0.305607455,2.99e-07,2.62e-05
ERBB3,ADvsCTL,-0.18040278,0.380031855,0.556055561
PA2G4,ADvsCTL,-0.038051301,0.296733217,0.476748275
RAP1B,ADvsCTL,0.017112284,0.73851972,0.844702661
DTX3,ADvsCTL,-0.149037042,0.216690314,0.388205199
SHMT2,ADvsCTL,-0.052978679,0.554456159,0.711036398
KCNC2,ADvsCTL,0.14813261,0.262175233,0.439894204
hCG_2015932,ADvsCTL,-0.289769161,0.02255587,0.076657511
RAB21,ADvsCTL,0.075537859,0.322140597,0.50130644
CSRP2,ADvsCTL,0.04129687,0.802257399,0.885610416
NAP1L1,ADvsCTL,0.006490352,0.88937985,0.937472049
OSBPL8,ADvsCTL,-0.159990745,0.005536091,0.027237416
LEMD3,ADvsCTL,-0.191111091,0.011605319,0.047396591
NUDT4,ADvsCTL,-0.137297409,0.11761769,0.256526394
CNOT2,ADvsCTL,0.071962663,0.28260357,0.461887635
NAP1L1,ADvsCTL,-0.220803513,0.19396875,0.361800502
TMPO,ADvsCTL,0.143506736,0.040676532,0.119474749
SYT1,ADvsCTL,-0.402730936,5.48e-05,0.000945008
CKAP4,ADvsCTL,-0.132760324,0.019132465,0.068229956
PWP1,ADvsCTL,0.051625947,0.395921581,0.57014293
TMPO,ADvsCTL,1.252862894,0.017681421,0.064331039
UBE3B,ADvsCTL,-0.093438139,0.485551977,0.651843108
GLTP,ADvsCTL,0.535146892,0.047577387,0.134258198
IFT81,ADvsCTL,-0.368837505,0.342297699,0.520979126
KCTD10,ADvsCTL,-0.169601223,0.29906479,0.478889811
RPL6,ADvsCTL,0.216838421,0.011625363,0.047404329
TRAFD1,ADvsCTL,-0.033308199,0.785884298,0.875192097
RASAL1,ADvsCTL,-0.055357929,0.633428245,0.771983966
SDSL,ADvsCTL,0.029878563,0.810287495,0.890883443
NUAK1,ADvsCTL,-0.162882287,0.110678447,0.246832428
RBM19,ADvsCTL,0.736515105,0.314528949,0.494299046
FBXO21,ADvsCTL,0.127613914,0.184085075,0.349004729
RNFT2,ADvsCTL,-0.036507527,0.844162575,0.912543042
USP30,ADvsCTL,-0.018206359,0.840657755,0.910807536
PPP1CC,ADvsCTL,-0.066691146,0.323602002,0.502606656
CAMKK2,ADvsCTL,-0.504033205,4.63e-09,2.22e-06
CLIP1,ADvsCTL,0.009122337,0.793289417,0.880439866
DENR,ADvsCTL,-0.221166188,0.000573878,0.005173225
PUS1,ADvsCTL,0.06136732,0.736896741,0.843759672
VPS37B,ADvsCTL,-0.039390708,0.68838256,0.81079675
NLGN4X,ADvsCTL,-0.032386117,0.887534316,0.936350005
AACS,ADvsCTL,-0.002313451,0.9860315,0.990863403
RAB9A,ADvsCTL,0.087435052,0.105889319,0.239441016
CA5B,ADvsCTL,0.0525625,0.76920237,0.864891107
PIR,ADvsCTL,0.150352744,0.247941412,0.424427077
PDHA1,ADvsCTL,-0.404678339,1.66e-07,1.87e-05
TMEM47,ADvsCTL,0.259432244,0.003839859,0.020798272
HCCS,ADvsCTL,0.149283076,0.158938491,0.315551909
CTPS2,ADvsCTL,0.253702229,0.002487176,0.015225749
CD99L2,ADvsCTL,0.072490527,0.273331256,0.452040496
IMPACT,ADvsCTL,-0.017783444,0.869836699,0.926377728
KIAA1012,ADvsCTL,-0.118625561,0.052393633,0.14439364
RPRD1A,ADvsCTL,0.081778334,0.493126575,0.657715456
SS18,ADvsCTL,-0.048740982,0.650569476,0.784362494
CDH2,ADvsCTL,0.106549065,0.03352531,0.103808676
MFGE8,ADvsCTL,-0.289639817,0.283158443,0.462269333
ANPEP,ADvsCTL,0.010671317,0.956593664,0.975516171
IQGAP1,ADvsCTL,0.334212258,0.006357966,0.030206636
GDPGP1,ADvsCTL,0.11016016,0.611060464,0.753920741
RCCD1,ADvsCTL,-0.065882043,0.643895497,0.780114588
CHD2,ADvsCTL,-0.018453662,0.833959312,0.906417246
SEC11A,ADvsCTL,0.02101508,0.823715981,0.899013405
PTDSS2,ADvsCTL,0.45715031,0.164604524,0.322703827
RPLP2,ADvsCTL,-0.102841131,0.023545179,0.079586689
MRPL23,ADvsCTL,-0.468768254,0.057439428,0.154049891
CD151,ADvsCTL,0.584817826,0.001057212,0.008047115
CD81,ADvsCTL,0.158121991,0.123499148,0.26578019
NAP1L4,ADvsCTL,0.112890299,0.001788179,0.01187121
BRSK2,ADvsCTL,-0.142991027,0.3157778,0.495395793
ARMCX3,ADvsCTL,-0.096812115,0.278987523,0.457850161
CARS1,ADvsCTL,0.054347474,0.587287164,0.737621192
ARMCX2,ADvsCTL,0.104912149,0.398466971,0.572337152
ARMCX1,ADvsCTL,-0.118495178,0.282355119,0.461586448
DDR1,ADvsCTL,0.208531925,0.377683847,0.553859309
H2BC11,ADvsCTL,0.489136255,7.32e-05,0.001161939
H2BC4,ADvsCTL,0.375241599,0.000903374,0.007227161
DDX39B,ADvsCTL,0.14083794,0.016250059,0.060281936
TAPBP,ADvsCTL,-0.125401196,0.276744278,0.455728386
MTCH1,ADvsCTL,-0.087567434,0.086106363,0.206271461
SLC39A7,ADvsCTL,-0.271286663,0.054443957,0.148564258
PPIL1,ADvsCTL,-0.094932545,0.23322203,0.407373982
VPS52,ADvsCTL,-0.157556229,0.01983345,0.069768828
TFEB,ADvsCTL,-0.090196507,0.826272985,0.901195084
LEMD2,ADvsCTL,0.153668085,0.283696792,0.46262322
KLC4,ADvsCTL,0.119034219,0.080201805,0.195888483
TAF8,ADvsCTL,-0.284345634,0.666818357,0.796219197
MRPS10,ADvsCTL,-0.395691782,0.021342496,0.073877082
TNRC5,ADvsCTL,0.024465045,0.746170326,0.850539202
PPP2R5D,ADvsCTL,-0.093067093,0.028172049,0.090911418
MAPK14,ADvsCTL,0.194893796,0.324873835,0.503733023
RAB23,ADvsCTL,0.043992097,0.374156424,0.550820131
TJAP1,ADvsCTL,0.387343673,0.007060545,0.032597239
GSTA4,ADvsCTL,-0.321884751,0.10829379,0.243424135
MRPL14,ADvsCTL,-0.032806043,0.755568842,0.856287534
HSP90AB1,ADvsCTL,0.042571572,0.521732539,0.682331301
MMUT,ADvsCTL,-0.16146454,0.065515025,0.169812962
TTC19,ADvsCTL,-0.413251982,0.000466073,0.004524244
PAICS,ADvsCTL,0.195215241,0.001939413,0.012613199
SLC4A4,ADvsCTL,-0.030386784,0.731643235,0.839481543
EXOC1,ADvsCTL,-0.051356918,0.189725763,0.356224854
UBA6,ADvsCTL,0.217196793,0.000333335,0.003500261
ART3,ADvsCTL,-0.097960877,0.552104487,0.709538606
SEC31A,ADvsCTL,-0.037498902,0.442609669,0.613191708
ABCG2,ADvsCTL,0.00869593,0.954619144,0.974867114
GPRIN3,ADvsCTL,0.04853591,0.870830504,0.927021432
RUFY3,ADvsCTL,-0.052547133,0.385992088,0.560783899
MTHFD2L,ADvsCTL,-0.198900073,0.235768104,0.409731812
SPARCL1,ADvsCTL,-0.052089077,0.487418089,0.653770814
G3BP2,ADvsCTL,-0.163979394,0.03166046,0.099230365
PDLIM5,ADvsCTL,0.27246795,0.002295385,0.014282616
HNRNPD,ADvsCTL,-0.014260171,0.79551044,0.881816396
HNRNPDL,ADvsCTL,-0.057224841,0.463188203,0.633158591
USO1,ADvsCTL,-0.045676774,0.1919978,0.359267558
SCARB2,ADvsCTL,0.172566648,0.024387464,0.081818578
BDH2,ADvsCTL,0.638931339,6.88e-07,4.25e-05
UBE2D3,ADvsCTL,-0.095588358,0.453795463,0.624477599
TBCK,ADvsCTL,-0.094399539,0.164302478,0.322199488
RPL34,ADvsCTL,-0.432064105,0.002665186,0.015900932
ADH1B,ADvsCTL,0.553270199,0.034057555,0.10504974
NUDT9,ADvsCTL,-0.203181767,0.062159009,0.163417306
GAR1,ADvsCTL,0.270332039,0.019975143,0.070088393
NFKB1,ADvsCTL,0.240604531,0.005701793,0.02788103
SLC9B2,ADvsCTL,-0.009408044,0.948706593,0.972501998
PSPH,ADvsCTL,-0.048986818,0.629835402,0.769546984
PHKG1,ADvsCTL,0.269477543,0.003356749,0.018775346
RABGEF1,ADvsCTL,-0.091763035,0.034689262,0.106574993
ASL,ADvsCTL,0.010577933,0.867353073,0.925469905
MRPL57,ADvsCTL,-0.212749038,0.210880612,0.381430048
KCTD7,ADvsCTL,0.240979448,0.170303556,0.330989862
UBL3,ADvsCTL,0.155379695,0.522270102,0.68278605
KATNAL1,ADvsCTL,-0.192900921,0.022275906,0.076155225
MTIF3,ADvsCTL,-0.160382421,0.068983438,0.17645728
HMGB1,ADvsCTL,0.343667625,0.000403128,0.004038581
HSPH1,ADvsCTL,-0.103904588,0.17587186,0.339154502
ZMYM2,ADvsCTL,0.207019915,0.05564771,0.150819133
GJB6,ADvsCTL,-0.532844901,4.81e-05,0.000853896
CAB39L,ADvsCTL,0.039067933,0.556701378,0.712264854
HEL-S-37,ADvsCTL,0.502980862,1.18e-05,0.000302652
FNDC3A,ADvsCTL,-0.034042078,0.719058402,0.831199815
GTF2F2,ADvsCTL,0.197536727,0.07095212,0.180338726
KPNA3,ADvsCTL,0.018496044,0.651944843,0.785357548
TSC22D1,ADvsCTL,-0.330540609,0.026973681,0.08823178
SPART,ADvsCTL,0.047631739,0.329545891,0.508565456
ARGLU1,ADvsCTL,-0.098061021,0.357858442,0.535896363
COG6,ADvsCTL,-0.147975271,0.107891058,0.242670539
COL4A2,ADvsCTL,0.065774149,0.594951074,0.744210752
RANBP5,ADvsCTL,-0.091585583,0.094856686,0.221064087
MED4,ADvsCTL,-0.435420343,0.004667587,0.024084614
CDC16,ADvsCTL,0.164170379,0.118891169,0.258207783
CLYBL,ADvsCTL,-0.369841593,0.149948858,0.303484
PDZD2,ADvsCTL,-0.686705232,0.000217723,0.002538215
KCNIP3,ADvsCTL,-0.225937388,0.263594592,0.441451898
FAHD2A,ADvsCTL,-0.030770347,0.609752872,0.752953203
COX2,ADvsCTL,-0.322766693,1.43e-05,0.000340209
COX1,ADvsCTL,-0.683187711,0.147891143,0.300852885
GBA,ADvsCTL,-0.155082693,0.096082044,0.222941335
LRRC7,ADvsCTL,-0.327004468,0.004266812,0.022484382
DMD,ADvsCTL,0.093980342,0.132295213,0.278082836
EPPK1,ADvsCTL,0.128741185,0.754897114,0.856287534
PDE4DIP,ADvsCTL,0.212720361,0.05202953,0.143665417
PEX12,ADvsCTL,0.185921426,0.151702285,0.306008496
SMN1,ADvsCTL,0.230742394,0.157227937,0.31316577
NUCB2,ADvsCTL,-0.047125841,0.654601756,0.787384406
GPX4,ADvsCTL,0.032058639,0.519963527,0.680703904
C12orf45,ADvsCTL,0.414940604,0.040974637,0.120200068
MBD3,ADvsCTL,-0.508546807,0.178800462,0.342963126
EIF2B4,ADvsCTL,0.225063496,0.002887993,0.016857428
COL1A2,ADvsCTL,-0.089119126,0.857327247,0.920273823
CBWD1,ADvsCTL,-0.119052053,0.671981082,0.798935524
HTD2,ADvsCTL,-0.228528095,0.334522832,0.513848607
SRCIN1,ADvsCTL,0.187337188,0.334208375,0.513844681
PTPDC1,ADvsCTL,-0.633134363,0.26287091,0.440650304
ANK3,ADvsCTL,-0.206831752,0.172905019,0.334689398
GIMAP1-GIMAP5,ADvsCTL,0.099967632,0.685037758,0.808740354
PTPRJ,ADvsCTL,0.087837991,0.43781049,0.608182862
ROBO1,ADvsCTL,0.130445447,0.235497862,0.409566643
TMEM230,ADvsCTL,0.003285022,0.976535827,0.985164405
CNTN5,ADvsCTL,-0.135584047,0.17835788,0.342388104
TEX264,ADvsCTL,-0.045382567,0.697795682,0.817001705
PYCR2,ADvsCTL,-0.679093741,0.015544298,0.05832558
GYPA,ADvsCTL,1.224771146,0.078239818,0.193129378
CLCN3,ADvsCTL,-0.058253858,0.506447821,0.669523834
MRPL45,ADvsCTL,-0.322268924,0.011150911,0.046069558
NHS,ADvsCTL,0.179468269,0.468350221,0.637796883
CTNNBL1,ADvsCTL,-0.011723786,0.908554055,0.949198157
SPCS2,ADvsCTL,-0.104166207,0.093525328,0.218915614
FGF2,ADvsCTL,0.108439239,0.283154578,0.462269333
TRIM46,ADvsCTL,-0.292433607,0.110100141,0.246030335
LIME1,ADvsCTL,-0.70419241,0.253707169,0.431830493
PEG10,ADvsCTL,0.184332617,0.129136586,0.273602199
SYNJ2BP-COX16,ADvsCTL,-0.165262788,0.029710942,0.094729967
GPX1,ADvsCTL,0.225748673,0.003344872,0.018752659
RPS24,ADvsCTL,-0.157146392,0.028483513,0.091672563
EIF5B,ADvsCTL,0.054181068,0.24787834,0.424420115
MYCBP,ADvsCTL,-0.065351587,0.451513132,0.622171256
SELENOT,ADvsCTL,-0.249169208,0.284610403,0.463246339
TEX2,ADvsCTL,0.113510938,0.055078795,0.14972856
ANK3,ADvsCTL,-0.307401052,0.19739626,0.36613494
ARNT2,ADvsCTL,0.230865865,0.361566609,0.538923051
ITSN2,ADvsCTL,-0.227140606,9.21e-05,0.00137472
COG1,ADvsCTL,-0.357488858,0.005759462,0.028010667
PDLIM2,ADvsCTL,0.20083084,0.609175367,0.752588975
MTHFD1L,ADvsCTL,-0.136567351,0.128664654,0.272923875
CLTC,ADvsCTL,-0.223314573,7.33e-05,0.001161939
MPC1,ADvsCTL,-0.168432795,0.310920006,0.490788978
ZMYND8,ADvsCTL,0.414943624,0.276309874,0.455221467
POLR2E,ADvsCTL,0.247549032,0.23676577,0.411068353
TTC28,ADvsCTL,0.293181182,0.672835635,0.799819323
ALOX5AP,ADvsCTL,0.183547255,0.568828301,0.722128833
SYN2,ADvsCTL,-0.13892368,0.186262824,0.352385178
SELENOM,ADvsCTL,0.113032374,0.229526121,0.402874912
ABRAXAS1,ADvsCTL,0.358177429,0.317230438,0.496483582
IQSEC1,ADvsCTL,-0.19558212,0.000674005,0.005827062
GMPR2,ADvsCTL,0.097821338,0.164300175,0.322199488
ROBO2,ADvsCTL,-0.550768185,0.024588905,0.082264183
PRODH,ADvsCTL,0.110805939,0.464126746,0.633725073
RBM15,ADvsCTL,0.52050837,0.014610576,0.055900996
ARR3,ADvsCTL,0.055171391,0.596803826,0.745225752
NRN1,ADvsCTL,-0.79616164,1.52e-09,1.37e-06
CDH4,ADvsCTL,0.263841943,0.212295346,0.38335987
FCGBP,ADvsCTL,0.882524705,0.003937683,0.021251762
GPR155,ADvsCTL,0.166395261,0.221013052,0.393015299
ABCA2,ADvsCTL,0.267122313,0.052934531,0.145605384
VPS11,ADvsCTL,0.08792567,0.202345653,0.370191388
MTSS2,ADvsCTL,0.272027349,0.000118017,0.001635636
HEATR6,ADvsCTL,-0.211239675,0.392463665,0.566865691
THSD7A,ADvsCTL,-0.04428819,0.665849767,0.795721564
VTA1,ADvsCTL,-0.242490864,0.000142625,0.001868668
GSTT2B,ADvsCTL,0.069750652,0.878721861,0.930738675
AP2M1,ADvsCTL,-0.267953847,1.19e-05,0.000303584
F11R,ADvsCTL,0.044314477,0.77046391,0.865482793
TAP2,ADvsCTL,0.066695633,0.529934248,0.689834598
APOOL,ADvsCTL,-0.055486064,0.504278674,0.667269408
MAPK8IP3,ADvsCTL,-0.081513312,0.128408013,0.272459833
LYNX1,ADvsCTL,-0.207566797,0.078871769,0.194023473
SPATA33,ADvsCTL,-0.105015722,0.520109642,0.680703904
KCNN3,ADvsCTL,0.813324686,0.000759354,0.006338723
ALS2CR19,ADvsCTL,0.204001816,0.489673483,0.654687985
DHX29,ADvsCTL,0.074078391,0.29035448,0.469752536
SELENOH,ADvsCTL,0.144031034,0.075963075,0.188935823
DTNBP1,ADvsCTL,0.060366642,0.616986425,0.758996002
METTL26,ADvsCTL,-0.023268574,0.750115372,0.853479021
FRMPD4,ADvsCTL,-0.292755987,0.129672446,0.274414211
RAVER1,ADvsCTL,0.126047156,0.555694801,0.711654624
PLEKHA2,ADvsCTL,0.085991274,0.213950739,0.385121319
MAP7,ADvsCTL,0.292921225,0.012775707,0.050575489
DIPK1A,ADvsCTL,-0.311488296,0.365740605,0.542651026
HMGN3,ADvsCTL,0.613523929,2.5e-06,9.6e-05
RNASET2,ADvsCTL,0.397510074,0.008044215,0.035916844
IDH3B,ADvsCTL,-0.274455315,0.000425701,0.004207996
PPIP5K2,ADvsCTL,-0.401347931,0.001889905,0.012358262
KIF3A,ADvsCTL,-0.148761085,0.001858704,0.012187474
SBDS,ADvsCTL,0.276798511,0.003018389,0.017313614
SNAP47,ADvsCTL,-0.159844536,0.382660358,0.558085149
CTSH,ADvsCTL,0.468508104,0.008990484,0.039193063
RBM26,ADvsCTL,0.101097226,0.106694973,0.240653445
MARK1,ADvsCTL,-0.339716101,6.67e-06,0.000199931
PRKCQ,ADvsCTL,0.158664994,0.574105721,0.726392691
CSMD2,ADvsCTL,-0.199012422,0.096246954,0.223251965
SLC4A1AP,ADvsCTL,0.412885987,0.002373066,0.014677099
FAM13C,ADvsCTL,-0.227105494,0.065438597,0.169792307
CHL1,ADvsCTL,0.512151773,0.396211904,0.570332645
dJ402G11.5,ADvsCTL,-0.153098953,0.454123398,0.624691069
SNX12,ADvsCTL,-0.133585241,0.002970208,0.017174203
MYH7B,ADvsCTL,1.17207811,5.26e-05,0.000915942
ACOT2,ADvsCTL,0.270376887,0.109463722,0.24521101
RELA,ADvsCTL,0.178389201,0.144570691,0.296013943
OTUD6B,ADvsCTL,-0.101557796,0.276953823,0.455969065
NOMO1,ADvsCTL,0.199884977,0.358409412,0.536420912
ZMIZ2,ADvsCTL,-0.092002023,0.849327855,0.915787028
UNC5C,ADvsCTL,0.264407664,0.04044598,0.119019631
SRCIN1,ADvsCTL,-0.035678018,0.40154067,0.575644257
ADORA1,ADvsCTL,-0.251028172,0.033259925,0.103091287
STAU1,ADvsCTL,0.01033089,0.850063099,0.916002589
ATXN3,ADvsCTL,-0.135606046,0.477224863,0.645482971
IKBKG,ADvsCTL,-0.039576069,0.559826781,0.714787228
CHTOP,ADvsCTL,1.03813846,0.037787946,0.113704472
ARFIP2,ADvsCTL,-0.152864573,0.057513762,0.154134311
SELENOF,ADvsCTL,-0.146195187,0.049607856,0.138736124
GPX3,ADvsCTL,0.011461941,0.964251614,0.97867389
NEB,ADvsCTL,-0.354592825,0.200623527,0.368792495
PSME2,ADvsCTL,0.321057017,0.000778033,0.006447456
C1S,ADvsCTL,0.246847345,0.074104626,0.185730079
CNN2,ADvsCTL,0.442652851,0.098919899,0.228054755
IFIT2,ADvsCTL,0.003914278,0.978616514,0.986424312
PAK3,ADvsCTL,-0.160482754,0.055557372,0.150666921
SPAG9,ADvsCTL,-0.014401635,0.771741522,0.866282268
SYN2,ADvsCTL,-0.567287549,0.06214008,0.163417306
HECTD1,ADvsCTL,-0.124484178,0.343551392,0.522334636
HEL-S-73,ADvsCTL,0.071871184,0.045714898,0.130125549
WDR20,ADvsCTL,0.120865783,0.091980892,0.216215215
DOCK9,ADvsCTL,0.098446234,0.084480824,0.203574729
CNTNAP2,ADvsCTL,-0.17369311,0.001799485,0.011918687
SCRN1,ADvsCTL,0.155884904,0.000682729,0.005867953
CUL1,ADvsCTL,-0.076636818,0.108955605,0.244371557
RARRES2,ADvsCTL,0.657876824,0.000206446,0.002458551
GGCT,ADvsCTL,-0.099188094,0.162346133,0.320097644
BBS9,ADvsCTL,0.049012632,0.693531086,0.814194402
CDK5,ADvsCTL,-0.162094877,0.011739695,0.047565963
ABCF2,ADvsCTL,0.09839378,0.079539639,0.194800348
AGAP3,ADvsCTL,-0.122847913,0.065536046,0.169812962
GARS1,ADvsCTL,0.027731071,0.462384743,0.632530588
TMUB1,ADvsCTL,0.22988469,0.039117254,0.116340096
NUB1,ADvsCTL,0.15803322,0.108643027,0.244056618
PRKAG2,ADvsCTL,0.010332634,0.802847836,0.885896199
TPK1,ADvsCTL,0.05189059,0.609248658,0.752588975
PDIA4,ADvsCTL,-0.001048696,0.986864412,0.991068902
GIMAP1,ADvsCTL,0.09858011,0.393099258,0.567328042
RHEB,ADvsCTL,-0.104656294,0.077957754,0.192746235
DOCK1,ADvsCTL,0.334046745,0.008803891,0.038543147
SMTN,ADvsCTL,-0.659735301,0.121631302,0.26280984
GET1,ADvsCTL,-0.015814348,0.858273427,0.920877202
RNF114,ADvsCTL,0.333093569,0.002930066,0.017037964
ISG15,ADvsCTL,0.163977517,0.654712378,0.787384406
GPS1,ADvsCTL,-0.164812284,0.21791456,0.389527692
PTRH1,ADvsCTL,-0.139525543,0.436115886,0.606746625
AAK1,ADvsCTL,0.494662511,0.000558802,0.0050964
CD99,ADvsCTL,0.531659183,0.044170914,0.126784273
GATD3A,ADvsCTL,-0.144186473,0.043042993,0.124290747
PYCR3,ADvsCTL,-0.151422191,0.272018324,0.450939803
WDR18,ADvsCTL,-0.082455154,0.587159199,0.737589263
SCLY,ADvsCTL,0.03373732,0.726057,0.836541406
HSD11B1,ADvsCTL,-0.173294538,0.298129967,0.478458021
MYEF2,ADvsCTL,-0.029961548,0.546928911,0.705534372
LMTK3,ADvsCTL,-0.320811754,0.001071432,0.008129548
SPOCK1,ADvsCTL,0.084184065,0.647452864,0.782687328
MBNL1,ADvsCTL,0.029398794,0.714195345,0.828518717
CACHD1,ADvsCTL,0.49970437,0.000568316,0.00515498
PPM1K,ADvsCTL,0.155118105,0.150182271,0.303870907
IL1RAPL1,ADvsCTL,-0.451762171,2.86e-06,0.000107135
CNTNAP4,ADvsCTL,-0.093298511,0.236285749,0.41053222
PUM2,ADvsCTL,-0.06460353,0.406029884,0.579708805
RBM10,ADvsCTL,-0.000411618,0.998069208,0.998721853
CACNA1C,ADvsCTL,0.214095805,0.274791806,0.453759748
GSTM4,ADvsCTL,-0.376441097,0.595016827,0.744210752
EPB41L3,ADvsCTL,-0.218732366,0.000166219,0.002127683
KCNQ5,ADvsCTL,-0.313919726,0.027705973,0.089850794
ASAP1,ADvsCTL,-0.23371273,0.001185881,0.008775766
AKAP9,ADvsCTL,-0.016109744,0.857818099,0.920525972
NAV1,ADvsCTL,-0.154500161,0.192698064,0.360020045
PCMT1,ADvsCTL,-0.07183533,0.098204399,0.227060187
MTX1,ADvsCTL,-0.239875788,0.001870518,0.01224714
NOLC1,ADvsCTL,-0.06283589,0.658592914,0.789806407
UPRT,ADvsCTL,-0.249759311,0.077207656,0.191478879
SNRPC,ADvsCTL,0.262298906,0.154358269,0.309381382
ABI1,ADvsCTL,-0.124683534,0.0210688,0.07299994
MPP2,ADvsCTL,-0.03773129,0.62202479,0.762722202
ELAVL2,ADvsCTL,-0.194251031,0.161395043,0.318795831
TBC1D22A,ADvsCTL,-0.301879018,0.133418638,0.2793829
PPP1R12B,ADvsCTL,0.035604849,0.62394632,0.764703677
OPALIN,ADvsCTL,0.468540779,0.06709405,0.172791803
DKFZp781G125,ADvsCTL,-0.104920986,0.549036166,0.706984809
EIF4G3,ADvsCTL,-0.129195449,0.015622549,0.058535524
RCAN2,ADvsCTL,0.01172554,0.975740542,0.984776444
EXOC7,ADvsCTL,-0.115709868,0.004804914,0.024581613
ADCY3,ADvsCTL,-0.064918496,0.688914196,0.81129008
ERBB4,ADvsCTL,-0.064977716,0.459510545,0.629573209
HADH,ADvsCTL,0.004059457,0.931363539,0.96301335
BTBD9,ADvsCTL,-0.682906526,0.371784041,0.548787729
WIPF3,ADvsCTL,-0.141571405,0.150595464,0.304364476
FHL2,ADvsCTL,-0.461505932,0.056712713,0.153071123
HPH2,ADvsCTL,-0.128941089,0.205966016,0.374592555
EXOC5,ADvsCTL,-0.05998417,0.197028563,0.36554719
DDX42,ADvsCTL,0.075273054,0.199271469,0.367905461
RASA2,ADvsCTL,-0.45919713,1.12e-07,1.41e-05
GPSM1,ADvsCTL,-0.147928557,0.117728988,0.256589295
ARHGAP5,ADvsCTL,-0.023802726,0.517669464,0.678992789
ACE,ADvsCTL,0.124412844,0.401249016,0.575510303
PRMT3,ADvsCTL,0.267065547,0.038573679,0.11536818
NELFE,ADvsCTL,0.526274445,0.605974639,0.750736407
FRMPD3,ADvsCTL,0.308961122,0.328492183,0.507265838
PLS3,ADvsCTL,-0.498820826,0.004939436,0.025126846
MON1A,ADvsCTL,0.049655282,0.81956942,0.897421653
SLAIN1,ADvsCTL,0.462664657,0.020315252,0.071004669
AKR1C3,ADvsCTL,0.161643544,0.15810001,0.31437647
SLC4A7,ADvsCTL,-0.265551486,0.104523775,0.237173347
PPP1R8,ADvsCTL,-0.089477996,0.554422729,0.711036398
PTPRC,ADvsCTL,0.181582664,0.071565173,0.18143583
MARK3,ADvsCTL,-0.222768403,0.000213061,0.002500259
PRXL2B,ADvsCTL,-0.179025333,0.062943465,0.164997209
C16orf89,ADvsCTL,0.620603944,0.369361783,0.54599657
CCM2,ADvsCTL,0.198293453,0.450954214,0.621758417
SLC45A1,ADvsCTL,0.054190339,0.657504376,0.788895575
RNF213,ADvsCTL,-0.12719394,0.338079518,0.517946078
LMO7,ADvsCTL,-0.242570339,0.041887223,0.122229125
ILK,ADvsCTL,0.281491035,0.000209728,0.002485296
SPOCK3,ADvsCTL,0.504389636,0.005345734,0.026591885
CADM1,ADvsCTL,-0.236201313,0.001937831,0.012613199
RIPOR1,ADvsCTL,0.032270365,0.771216435,0.86596313
CUL2,ADvsCTL,-0.11262496,0.009166905,0.039745359
FAIM2,ADvsCTL,0.080224109,0.3738631,0.550726455
RGMA,ADvsCTL,0.121524638,0.664178973,0.794254256
TTN,ADvsCTL,0.505232177,0.010278573,0.043360951
IL6ST,ADvsCTL,-0.015040884,0.924896544,0.959720259
JAK1,ADvsCTL,0.291952171,0.001991231,0.012839959
CNTFR,ADvsCTL,0.163587719,0.049470768,0.138406548
LU,ADvsCTL,-0.142126615,0.146426537,0.299161821
ADSL,ADvsCTL,0.209131108,0.000834914,0.006816728
TMED7-TICAM2,ADvsCTL,-0.019105695,0.819947283,0.897425564
ARHGEF9,ADvsCTL,-0.050692429,0.58646282,0.736843155
RPS6KA4,ADvsCTL,-0.061475653,0.581204259,0.732620155
ARPIN-AP3S2,ADvsCTL,-0.006489546,0.91268298,0.951852787
PPAN,ADvsCTL,0.23105426,0.271084524,0.449702718
CORO7-PAM16,ADvsCTL,-0.021331759,0.631278039,0.770407692
USP13,ADvsCTL,-0.815897197,0.030636037,0.097077098
ERAP1,ADvsCTL,0.010176535,0.952798852,0.973746191
TSC1-PDGFRB,ADvsCTL,-0.03347018,0.852189917,0.917436869
NPC1,ADvsCTL,0.204037723,0.126758317,0.270234906
URLC2,ADvsCTL,0.23720586,0.239848734,0.414918698
SCAMP5,ADvsCTL,-0.322480852,4.2e-05,0.000774385
C16orf91,ADvsCTL,-0.171041814,0.347988934,0.526365352
TGFBR3,ADvsCTL,0.544249897,0.017198339,0.063083964
ACSS3,ADvsCTL,0.280336939,0.003195405,0.018126615
PI4KB,ADvsCTL,0.022348318,0.695741467,0.815523156
SRSF7,ADvsCTL,0.037749017,0.565604003,0.719642254
LYZ,ADvsCTL,0.359378754,0.360173957,0.538054262
TRAPPC2L,ADvsCTL,-0.067454443,0.514205574,0.676299267
TPT1,ADvsCTL,-0.17335011,0.008580493,0.037817771
PIGBOS1,ADvsCTL,-0.269130629,0.280434374,0.459595455
RHOA,ADvsCTL,-0.129771341,0.4793568,0.647028234
FCHO1,ADvsCTL,-0.348340947,0.111358244,0.247604282
GSTZ1,ADvsCTL,0.190195972,0.110884502,0.246932576
DKFZp762F247,ADvsCTL,0.165183818,0.041756189,0.122010825
DACT3,ADvsCTL,-0.174516037,0.311605781,0.491207622
CRTAC1,ADvsCTL,0.033463147,0.702794306,0.821049121
TMCC2,ADvsCTL,-0.007414443,0.930653136,0.96301335
SOD2,ADvsCTL,0.046673334,0.456187927,0.626572419
FBXL15,ADvsCTL,-0.250756283,0.111918608,0.248126459
ARHGEF4,ADvsCTL,0.148142429,0.391547671,0.565883544
RPSA,ADvsCTL,-0.073613012,0.118666556,0.25787569
ABI2,ADvsCTL,-0.176458185,0.054764426,0.149099363
PEX1,ADvsCTL,-0.122287947,0.428502778,0.600471553
SYBU,ADvsCTL,0.753527308,0.238029117,0.412664121
ABLIM3,ADvsCTL,-0.221288663,0.009825137,0.041842633
SCOC,ADvsCTL,0.114288235,0.685062558,0.808740354
CAST,ADvsCTL,0.24363765,0.002092236,0.013259429
CHD4,ADvsCTL,0.184443925,0.007616042,0.034395388
TAFA2,ADvsCTL,-0.051198978,0.75297236,0.85528793
MAN2A2,ADvsCTL,-0.090884948,0.49887286,0.663043695
CAPNS1,ADvsCTL,0.281928568,0.00017556,0.002177244
DHRS7B,ADvsCTL,-0.235711736,0.030210501,0.096018764
CELF4,ADvsCTL,-0.074388625,0.494446118,0.658864566
IQSEC1,ADvsCTL,-0.250117064,0.177991512,0.341867275
TTC8,ADvsCTL,0.16810193,0.462460498,0.632530588
EPB41L1,ADvsCTL,-0.145059864,0.00115861,0.008604681
IGHV5-51,ADvsCTL,0.91121865,0.110369498,0.246472461
MTRES1,ADvsCTL,-0.135320992,0.207464189,0.376787752
CDK11B,ADvsCTL,-0.040599891,0.800002656,0.884469627
FAM120B,ADvsCTL,-0.028721918,0.792565985,0.879967736
NRXN1,ADvsCTL,-0.113157382,0.104359973,0.236876392
MAP4K4,ADvsCTL,0.102453067,0.209159262,0.379345077
KCNT1,ADvsCTL,-0.307657051,0.418014826,0.590693373
UBE2A,ADvsCTL,-0.3079442,0.067748352,0.174165081
NBEA,ADvsCTL,-0.186699168,0.000722712,0.006130264
NCAM1,ADvsCTL,-0.162281026,0.048822991,0.136913753
DDX3X,ADvsCTL,-0.028366613,0.601503278,0.747907632
SPTAN1,ADvsCTL,0.42366111,0.000854915,0.006925004
THEMIS,ADvsCTL,0.280281414,0.269614552,0.448013409
CYTH2,ADvsCTL,-0.164500306,0.366550642,0.543292554
COBLL1,ADvsCTL,0.382761365,0.058255279,0.155831246
SLC12A5,ADvsCTL,0.550796987,0.304875913,0.485385667
MYO6,ADvsCTL,0.133018114,0.1310232,0.276314924
PHF6,ADvsCTL,-0.591447804,0.059924121,0.158994543
ANKRD18B,ADvsCTL,0.512850727,0.548108005,0.706373854
FXR1,ADvsCTL,0.047780791,0.394932628,0.569288656
LOC391322,ADvsCTL,0.29502254,0.385903746,0.560768818
DIAPH1,ADvsCTL,-0.163054516,0.012697388,0.050385477
HSPA1B,ADvsCTL,0.003339108,0.974608096,0.984413784
ABHD16A,ADvsCTL,-0.34713584,4.91e-08,8.61e-06
GABBR1,ADvsCTL,-0.358524484,0.000202899,0.002428369
IQSEC3,ADvsCTL,-0.30204705,0.001446966,0.010264325
HLA-DRA,ADvsCTL,0.98650324,0.001030221,0.007891777
EPHB6,ADvsCTL,-0.29881291,3.85e-06,0.000130747
SLC12A7,ADvsCTL,0.190272833,0.235335439,0.409513724
SCRIB,ADvsCTL,0.24666152,0.000639684,0.005597625
HNRNPCL4,ADvsCTL,-0.387831836,0.006462528,0.030542028
C4A,ADvsCTL,0.982458445,1.1e-06,6.02e-05
GPR162,ADvsCTL,-0.155631931,0.521710689,0.682331301
PUF60,ADvsCTL,0.042300549,0.396824345,0.570871503
TMEM132E,ADvsCTL,-0.207604812,0.509274186,0.672403061
CPNE5,ADvsCTL,-0.513194534,3.44e-05,0.000662249
CELF2,ADvsCTL,-0.304245778,5.27e-05,0.000915942
PNMA6F,ADvsCTL,-0.048260211,0.907780233,0.948803141
PON2,ADvsCTL,0.011149249,0.950546885,0.973363377
WDR81,ADvsCTL,-0.102708156,0.309452438,0.489688326
PLIN4,ADvsCTL,0.703801737,3.53e-07,2.99e-05
NHSL2,ADvsCTL,-0.136215161,0.519677821,0.680634116
INPP5F,ADvsCTL,0.005912263,0.971480206,0.983313014
DAAM2,ADvsCTL,0.48503211,0.002667709,0.015900932
HEL-S-284,ADvsCTL,-0.261624039,8.84e-06,0.000247317
TPM1,ADvsCTL,0.132358726,0.260298088,0.438432238
CST3,ADvsCTL,0.059588951,0.68109804,0.806470632
SPATA20,ADvsCTL,-0.113794832,0.421162725,0.593655395
ADCY8,ADvsCTL,0.226100261,0.150329295,0.303997362
PSMA7,ADvsCTL,0.122698495,0.002136118,0.013478153
PGLS,ADvsCTL,0.270690118,0.000479523,0.004623603
PSME1,ADvsCTL,0.276289315,6.18e-05,0.001029381
MAP7D2,ADvsCTL,-0.067028113,0.44990249,0.62078431
AGL,ADvsCTL,-0.13426581,0.083431948,0.201519814
ELAVL4,ADvsCTL,-0.262374727,0.002444097,0.015020316
CLDND1,ADvsCTL,0.176359193,0.329839087,0.508714592
POLR1D,ADvsCTL,-0.090906748,0.717167618,0.83028918
NCEH1,ADvsCTL,-0.210335175,0.001494379,0.010446128
JMJD6,ADvsCTL,-0.092129194,0.596970668,0.745225752
ARID1A,ADvsCTL,-0.105260741,0.480965152,0.648522042
ABCB7,ADvsCTL,-0.093064739,0.112177875,0.248428404
ANXA6,ADvsCTL,-0.039613617,0.671188358,0.798329052
ACADM,ADvsCTL,0.144649232,0.093570642,0.218950432
ANXA6,ADvsCTL,-0.014364059,0.787896339,0.876754079
ADA,ADvsCTL,0.310037211,0.073545247,0.185033566
SLC25A10,ADvsCTL,-0.271505122,0.000492818,0.004697706
GRK2,ADvsCTL,-0.197902603,0.012399656,0.049413145
BBS4,ADvsCTL,0.214352378,0.080825315,0.196876563
BCL2L1,ADvsCTL,0.036810072,0.637438635,0.77515965
APOE,ADvsCTL,0.763815929,3.06e-06,0.000112154
FXN,ADvsCTL,-0.239706709,0.222012955,0.393819775
ACTN4,ADvsCTL,-0.283312888,2.71e-07,2.44e-05
CLPTM1,ADvsCTL,-0.260541408,0.000667122,0.005781082
SLC25A4,ADvsCTL,-0.348537942,0.000158059,0.002037488
GNAS,ADvsCTL,0.056193127,0.32020801,0.499513385
RCC1,ADvsCTL,-0.25505582,0.335402502,0.514656471
BAG1,ADvsCTL,0.315136905,0.030078141,0.09564636
ETFA,ADvsCTL,-0.062076087,0.246624128,0.423327923
ATP2A2,ADvsCTL,-0.238432965,4.74e-05,0.000843444
PRMT2,ADvsCTL,0.315676876,0.015516783,0.058252724
ACADSB,ADvsCTL,-0.092009063,0.348139099,0.526416762
CRK,ADvsCTL,0.151906628,0.094542842,0.220722707
APOE,ADvsCTL,3.533903633,0.035432797,0.108132417
ITPA,ADvsCTL,0.006504624,0.973200806,0.983593283
GDI1,ADvsCTL,0.002298869,0.952417238,0.973746191
LGALS3BP,ADvsCTL,0.353599384,0.070710868,0.179916263
AGFG1,ADvsCTL,-0.036893616,0.478884372,0.646754653
GALT,ADvsCTL,0.303852446,0.011303522,0.04643417
MPV17,ADvsCTL,-0.360995541,0.034108544,0.105161919
HSD17B10,ADvsCTL,-0.043566387,0.341173995,0.520480286
PCK2,ADvsCTL,-0.166297846,0.202188688,0.370191388
NDUFS4,ADvsCTL,-0.387727091,1.26e-06,6.49e-05
SERPINI1,ADvsCTL,0.048167369,0.626393766,0.766658221
CRH,ADvsCTL,-1.115251188,0.000132473,0.001774453
PSMD12,ADvsCTL,0.007657077,0.801531541,0.885216701
NPM1,ADvsCTL,0.055403844,0.20655451,0.375567894
PEX19,ADvsCTL,-0.015668827,0.775927289,0.868803228
PPP3CA,ADvsCTL,0.116184601,0.345903198,0.524293434
SDHC,ADvsCTL,-0.193095032,0.218971486,0.390485839
FH,ADvsCTL,-0.152264531,0.003207308,0.018165487
S100B,ADvsCTL,0.651452132,0.001249938,0.00914629
PPP3CA,ADvsCTL,-0.135189443,0.017172706,0.063054248
STK11,ADvsCTL,-0.260491778,0.000849439,0.006896176
TPM1,ADvsCTL,0.155568811,0.140982059,0.290901879
TPM3,ADvsCTL,0.383455043,0.00732193,0.033375567
S100A1,ADvsCTL,0.414581165,5.75e-05,0.000978069
VASP,ADvsCTL,0.434829068,0.004285763,0.0225512
HSD17B4,ADvsCTL,0.142288212,0.00454252,0.023591587
CNBP,ADvsCTL,0.085740726,0.384651587,0.559415383
RAF1,ADvsCTL,0.189884279,0.189414716,0.356224854
NCK2,ADvsCTL,-0.158777214,0.013180275,0.051832858
SGCE,ADvsCTL,0.171444281,0.103599019,0.235794079
YARS1,ADvsCTL,-0.074939104,0.148782985,0.301718639
LGI1,ADvsCTL,-0.277877762,0.000343959,0.003590852
UROS,ADvsCTL,-0.066523734,0.658248978,0.789525579
RIN1,ADvsCTL,0.047466341,0.713629096,0.828325656
WFS1,ADvsCTL,0.195698333,0.059126374,0.157692253
SRRM1,ADvsCTL,0.160558233,0.123557153,0.26578019
GAN,ADvsCTL,0.115099493,0.135390106,0.281625515
MPDU1,ADvsCTL,-0.022595395,0.863171352,0.923190553
DPM1,ADvsCTL,-0.212876434,0.001953706,0.012694678
AKAP10,ADvsCTL,0.005463481,0.955531009,0.975516171
RBM14,ADvsCTL,0.167303428,0.003403803,0.018964797
OPTN,ADvsCTL,-0.202507979,0.000167968,0.002138077
SRSF10,ADvsCTL,0.068736433,0.599837995,0.746993542
SURF1,ADvsCTL,-0.665409006,0.112979251,0.249818553
SLC39A14,ADvsCTL,-0.481901437,0.046479124,0.131643576
ARHGAP26,ADvsCTL,-0.300748422,1.57e-05,0.000361281
SUMF2,ADvsCTL,0.061187819,0.68612031,0.809324925
MRPS28,ADvsCTL,-0.150582473,0.58550221,0.736150567
HAX1,ADvsCTL,-0.184761182,0.0145639,0.055811473
DAZAP1,ADvsCTL,0.085440069,0.273476196,0.452106246
VPS33B,ADvsCTL,-0.125973662,0.027138437,0.088569317
ETHE1,ADvsCTL,-0.01095727,0.871954821,0.927591177
RDH11,ADvsCTL,-0.204971105,0.000549792,0.005050643
LSM1,ADvsCTL,0.286741535,0.221651233,0.393522143
TAP1,ADvsCTL,0.270815697,0.019933077,0.070003784
ATL1,ADvsCTL,-0.256218572,9.53e-06,0.000260543
DCTN4,ADvsCTL,-0.018694439,0.694236367,0.814699325
CWF19L1,ADvsCTL,0.157706066,0.256246214,0.434483657
CLINT1,ADvsCTL,-0.159503004,0.014178684,0.054714202
COPS4,ADvsCTL,-0.058466819,0.12497156,0.268014439
AP3B1,ADvsCTL,0.079861052,0.211741674,0.382677854
DCP1A,ADvsCTL,-0.008039546,0.959818377,0.976654914
SIL1,ADvsCTL,-0.028547244,0.856953132,0.920127247
STRBP,ADvsCTL,-0.120980961,0.255862771,0.434363917
MIF4GD,ADvsCTL,0.897992511,0.005443922,0.026912805
NDRG4,ADvsCTL,0.146325622,0.398295679,0.572337152
MCMBP,ADvsCTL,0.255909316,0.280156453,0.459244614
ATCAY,ADvsCTL,-0.363695411,0.010284135,0.043360951
NDUFAF2,ADvsCTL,-0.179673843,0.009320934,0.040219245
HNRNPLL,ADvsCTL,0.002837374,0.96144215,0.977892164
DIABLO,ADvsCTL,-0.203118441,0.039425222,0.116942525
HM13,ADvsCTL,-0.088623344,0.27585311,0.454857079
RDH12,ADvsCTL,0.633236835,0.375315104,0.552073935
DNAJC19,ADvsCTL,-0.326381405,2.16e-05,0.000456134
C3orf38,ADvsCTL,-0.157108992,0.39573274,0.570099258
RIC3,ADvsCTL,0.402154329,0.020250487,0.070847157
BBS5,ADvsCTL,0.246980067,0.131410865,0.276709118
ACMSD,ADvsCTL,-0.040833744,0.89746179,0.942688706
COG7,ADvsCTL,-0.057703836,0.787662237,0.876629193
MCCC1,ADvsCTL,0.134684161,0.063231475,0.16545071
VKORC1,ADvsCTL,0.107177993,0.352878546,0.53101577
C15orf40,ADvsCTL,0.040583878,0.758528423,0.857068009
CLASP2,ADvsCTL,0.07681738,0.135661229,0.281863438
ADPRHL1,ADvsCTL,-0.057760188,0.624856791,0.765297956
ERVK3-1,ADvsCTL,-0.154309998,0.168871073,0.329094996
ANK2,ADvsCTL,0.052219592,0.604452307,0.749883658
DNM1,ADvsCTL,-0.257487025,1.19e-05,0.000304775
SCYL2,ADvsCTL,0.021922264,0.75836734,0.857020624
SHANK3,ADvsCTL,-0.342640002,0.003764532,0.020498889
TMEM275,ADvsCTL,-0.055987117,0.782800325,0.873368652
CD99L2,ADvsCTL,-0.069693773,0.747458127,0.851380254
CSMD1,ADvsCTL,-0.020784507,0.940646456,0.968102727
CSNK1G1,ADvsCTL,0.028312705,0.845072774,0.913115287
SYTL2,ADvsCTL,-0.233066282,0.326097355,0.505040619
PACSIN2,ADvsCTL,0.767096684,0.00071031,0.006046461
DENND4A,ADvsCTL,-0.003426197,0.983528582,0.988890284
R3HDM2,ADvsCTL,-0.526497323,1.33e-05,0.000322375
EXOC6B,ADvsCTL,-0.006121215,0.855540925,0.919454038
FGGY,ADvsCTL,-0.074835189,0.893621732,0.940427377
NRXN3,ADvsCTL,-0.263755317,0.000390299,0.003931957
MICU1,ADvsCTL,-0.263289376,0.009377569,0.04028941
MMP24OS,ADvsCTL,-0.41631726,0.017358886,0.06351092
GATAD2B,ADvsCTL,0.172199777,0.397747365,0.57182016
DDX19B,ADvsCTL,0.137158402,0.148251953,0.301321362
MYH9,ADvsCTL,-0.636148614,0.106690362,0.240653445
AKT2,ADvsCTL,-0.462353239,0.078661205,0.193824598
PSMA5,ADvsCTL,0.089375053,0.013264969,0.051997234
OR10G3,ADvsCTL,0.224879792,0.478355748,0.646283414
HLA-C,ADvsCTL,0.737446422,0.020419974,0.071247565
CBARP,ADvsCTL,-0.315317142,0.039533973,0.117023815
TNXB,ADvsCTL,-0.072658715,0.763821725,0.861290119
MICOS13,ADvsCTL,-0.280339492,2.3e-05,0.000478137
APP,ADvsCTL,1.630862761,2.44e-12,8.77e-09
LYPLA2,ADvsCTL,-0.047003854,0.307037207,0.486942875
ACYP2,ADvsCTL,0.233967563,0.056137562,0.151803565
METAP2,ADvsCTL,0.021877322,0.881524459,0.932471387
AP1G1,ADvsCTL,-0.139519764,0.001993915,0.012839959
BUB3,ADvsCTL,0.040232596,0.482110067,0.649184381
BLVRA,ADvsCTL,0.106576279,0.116472032,0.254722811
CLIP2,ADvsCTL,0.017725479,0.682677577,0.807297283
COMT,ADvsCTL,0.494851695,3.49e-05,0.000668163
DPM3,ADvsCTL,-0.49631236,7.54e-05,0.001189744
DUSP23,ADvsCTL,0.526590632,0.0285806,0.09185359
ECM1,ADvsCTL,-0.023122369,0.905939662,0.948119306
ESD,ADvsCTL,0.349663714,1.34e-05,0.000322375
FGG,ADvsCTL,0.805235641,0.007546735,0.034201373
FRS3,ADvsCTL,-0.103775936,0.613230772,0.755950119
GGT1,ADvsCTL,0.387470906,0.132033623,0.277695278
GLRX3,ADvsCTL,0.077042971,0.198249531,0.366812644
GPD2,ADvsCTL,-0.1493099,0.024637411,0.082388145
GMPS,ADvsCTL,-0.182096061,0.000754647,0.006326546
HIBCH,ADvsCTL,0.084184518,0.418876738,0.591476321
HPRT1,ADvsCTL,-0.176185637,0.002324522,0.014426476
IAH1,ADvsCTL,-0.128646268,0.21129799,0.382067984
CRPPA,ADvsCTL,0.039903882,0.672946844,0.79981934
PRKG2,ADvsCTL,-0.135787324,0.301292325,0.481385095
LIMD2,ADvsCTL,-0.13439245,0.484910592,0.651404752
LRRC40,ADvsCTL,0.001677083,0.978543771,0.986424312
PLIN3,ADvsCTL,0.722408086,2.93e-05,0.000582115
MAN2C1,ADvsCTL,0.015048558,0.906943287,0.948672557
MAT2B,ADvsCTL,0.087621719,0.057361873,0.153899273
MAT2A,ADvsCTL,0.064222379,0.129962601,0.274866506
MT1H,ADvsCTL,0.224622857,0.5813702,0.732620155
MT1X,ADvsCTL,0.245204773,0.183800656,0.348903734
OAT,ADvsCTL,-0.219265602,0.012330369,0.04921873
OSBPL11,ADvsCTL,0.055563518,0.85652432,0.919961092
PXN,ADvsCTL,0.61373254,4.09e-07,3.16e-05
PDE4D,ADvsCTL,-0.251402703,0.007284418,0.033280272
PEPD,ADvsCTL,0.150137468,0.062895616,0.164997209
PGK2,ADvsCTL,-0.10543725,0.133065242,0.279049063
PSMC5,ADvsCTL,0.014903891,0.669509753,0.797889452
PSMB2,ADvsCTL,0.032542355,0.59246214,0.742564937
PSMF1,ADvsCTL,-0.025393497,0.746124966,0.850539202
RNH1,ADvsCTL,0.322404172,0.001679373,0.011383603
ARHGEF26,ADvsCTL,0.181437923,0.379803944,0.555948264
STK32C,ADvsCTL,-0.180999736,0.016194899,0.06010831
STMN1,ADvsCTL,-0.047090399,0.470800982,0.639801902
SUSD2,ADvsCTL,-0.314878696,0.597236601,0.745225752
DARS1,ADvsCTL,0.073357319,0.043091099,0.124379725
TENM3,ADvsCTL,-0.354359583,0.007023382,0.032467342
ACAT1,ADvsCTL,-0.043067393,0.268858385,0.44724754
TXNDC17,ADvsCTL,0.08897916,0.199000825,0.367594488
USP5,ADvsCTL,0.041989954,0.20808174,0.377676497
UCHL3,ADvsCTL,0.167925617,0.05129077,0.14239078
AZGP1,ADvsCTL,0.392623589,0.073802867,0.185422292
AKAP1,ADvsCTL,-0.100354586,0.169983658,0.330521374
DPYSL3,ADvsCTL,0.294092668,0.000352154,0.00363821
CALB2,ADvsCTL,0.123387788,0.296345595,0.476370704
CIB1,ADvsCTL,0.527490368,0.007995021,0.035734872
COPG2,ADvsCTL,0.006175552,0.914364377,0.953005084
CPT2,ADvsCTL,-0.295306799,0.124136326,0.26677998
GLUD2,ADvsCTL,-0.129187037,0.161393955,0.318795831
LTA4H,ADvsCTL,0.163170714,4.87e-05,0.000861349
MCCC2,ADvsCTL,0.099450734,0.164670688,0.322745575
PPME1,ADvsCTL,-0.114969216,0.027006893,0.088300264
PSMA3,ADvsCTL,0.061681313,0.128347918,0.27241268
PSMA6,ADvsCTL,0.052291842,0.176134467,0.339387952
PSMB4,ADvsCTL,-0.006462951,0.952822709,0.973746191
SND1,ADvsCTL,0.063862433,0.103921446,0.236253781
SRRM2,ADvsCTL,-0.053700787,0.608860988,0.752497782
STAMBP,ADvsCTL,-0.092728699,0.214855614,0.386460723
TALDO1,ADvsCTL,0.344844769,0.013481631,0.052760268
SARAF,ADvsCTL,-0.04204387,0.766894961,0.863266894
ATP6V1B2,ADvsCTL,-0.199884522,0.000173561,0.002173876
GOT1,ADvsCTL,-0.056789224,0.223201301,0.395148157
PSMC2,ADvsCTL,0.004209152,0.89966358,0.943563577
ISYNA1,ADvsCTL,0.534405709,6.07e-05,0.001016923
PPP1R7,ADvsCTL,-0.110933415,0.003939161,0.021251762
SCAMP2,ADvsCTL,0.43607549,0.079457806,0.194747661
AK2,ADvsCTL,0.172007672,0.011750968,0.047565963
RANBP1,ADvsCTL,-0.049930434,0.364421596,0.541587715
CALD1,ADvsCTL,0.011734934,0.931621842,0.963086506
ST13,ADvsCTL,0.052524353,0.407669133,0.580504254
QDPR,ADvsCTL,0.405007087,0.009193649,0.039792272
BCKDHB,ADvsCTL,0.037570365,0.600277702,0.747280965
UAP1,ADvsCTL,-0.132364378,0.040456416,0.119019631
DGKQ,ADvsCTL,-0.33777709,0.004765192,0.024430525
MECP2,ADvsCTL,0.286409879,0.000741384,0.006259128
GFUS,ADvsCTL,-0.112189187,0.080808332,0.196876563
CAMKV,ADvsCTL,-0.172780747,0.182460953,0.347286061
HSPA4L,ADvsCTL,-0.183030362,0.002141423,0.013499785
PSMD14,ADvsCTL,-0.022839985,0.62104806,0.762149096
SERPINF1,ADvsCTL,-0.148917148,0.055841114,0.151229342
GK2,ADvsCTL,-0.045915583,0.938792042,0.966885904
FAM114A2,ADvsCTL,-0.137542008,0.153251108,0.308086982
CAPN5,ADvsCTL,-0.07422947,0.412251353,0.58533833
ISLR,ADvsCTL,-0.103349995,0.551343772,0.709321365
UNC84A,ADvsCTL,-0.03506177,0.823626182,0.899013405
PTMS,ADvsCTL,0.081657398,0.429654246,0.60077784
RAB7A,ADvsCTL,-0.011870573,0.727852749,0.837537165
MIA2,ADvsCTL,-0.335935031,0.009533394,0.040769144
FLJ00319,ADvsCTL,-0.250352512,0.040217632,0.118511031
FTO,ADvsCTL,0.050540149,0.51597007,0.677802991
HSPA12A,ADvsCTL,-0.160178958,0.197595278,0.3664096
ARID1B,ADvsCTL,0.254500289,0.143104609,0.293848544
TNFAIP8L3,ADvsCTL,-0.186186637,0.278263501,0.457287951
RAB11FIP5,ADvsCTL,-0.081099025,0.198271592,0.366812644
ASAH1,ADvsCTL,0.095672036,0.920571163,0.957026792
CACNA1A,ADvsCTL,-0.346715153,0.000353701,0.003644945
CACNB4,ADvsCTL,-0.229412422,0.002982798,0.01721822
BEGAIN,ADvsCTL,-0.48875863,0.003011702,0.017289042
EPB41L1,ADvsCTL,0.086506127,0.388716845,0.563490582
IRAG2,ADvsCTL,0.384527209,0.062918653,0.164997209
ACY1,ADvsCTL,0.621755428,0.044823842,0.127928325
KIFBP,ADvsCTL,-0.033249258,0.574982388,0.726974332
EVI5,ADvsCTL,-0.17473535,0.392687173,0.566921054
PLEKHA6,ADvsCTL,-0.097479195,0.130911868,0.276274992
CACNA1A,ADvsCTL,0.962362136,0.018375131,0.066203576
UNC13B,ADvsCTL,0.027718548,0.896602435,0.942506244
EFR3A,ADvsCTL,-0.072458911,0.363093819,0.540395995
RAP1GAP2,ADvsCTL,-0.269696253,0.006040797,0.02910345
MYO18A,ADvsCTL,0.435510277,0.090789001,0.214676292
FARP1,ADvsCTL,0.423843598,0.202559361,0.370457535
CTSD,ADvsCTL,0.137929273,0.101421686,0.232407196
KIAA1671,ADvsCTL,-0.253390589,0.123560261,0.26578019
FGL2,ADvsCTL,0.774323122,0.022297514,0.076156702
RILPL1,ADvsCTL,0.142081535,0.130305162,0.275429042
NEDD4L,ADvsCTL,-0.229866018,0.693681347,0.814237913
DPY19L1,ADvsCTL,-0.246794553,0.014496997,0.055663084
ABHD14A-ACY1,ADvsCTL,0.146455726,0.11788917,0.256807026
DCX,ADvsCTL,-0.093543875,0.544827099,0.70377924
KAZN,ADvsCTL,0.052562112,0.4115604,0.584819035
TNFRSF6,ADvsCTL,-0.020682041,0.952903658,0.973746191
TUBG2,ADvsCTL,-0.148628426,0.054892318,0.149334508
SLC22A17,ADvsCTL,0.038442165,0.843895816,0.912497639
DPYSL2,ADvsCTL,0.088766554,0.08509215,0.20463652
ABR,ADvsCTL,-0.21713704,0.000130436,0.001763215
NDEL1-PDGFRB,ADvsCTL,-0.229418394,9.44e-05,0.001394033
CYGB,ADvsCTL,0.299962879,0.000488945,0.004677142
VDAC1,ADvsCTL,-0.266271008,0.000209199,0.002483114
V2-7,ADvsCTL,-0.241979153,0.71440855,0.828518717
REEP6,ADvsCTL,0.124812412,0.076276846,0.189650658
GALNT2,ADvsCTL,-0.177292585,0.117273186,0.256085619
PNKP,ADvsCTL,0.194829698,0.268470144,0.446808363
DIAPH2,ADvsCTL,-0.220377637,0.261368562,0.439336238
ABI3BP,ADvsCTL,0.641857911,0.256875201,0.434753722
TRIOBP,ADvsCTL,0.190680567,0.074343297,0.186129947
HBA2,ADvsCTL,0.528357935,0.023770161,0.080213382
MICAL1,ADvsCTL,-0.026005172,0.917149413,0.954435146
ABCF1,ADvsCTL,-0.042733951,0.498401668,0.662721757
AIF1,ADvsCTL,0.539621447,0.143559805,0.294464009
HSPA1L,ADvsCTL,-0.0057612,0.958110952,0.975516171
SKIV2L,ADvsCTL,0.096296155,0.119571479,0.25937203
SYNGAP1,ADvsCTL,-0.380929464,0.000198685,0.002389864
TSC2,ADvsCTL,-0.043036545,0.443201793,0.61386629
HLA-B,ADvsCTL,-0.544835505,0.463271746,0.633158591
ERCC4,ADvsCTL,0.412196845,0.340993692,0.520425976
PIGT,ADvsCTL,0.207716228,0.261919508,0.43987556
IER3IP1,ADvsCTL,-0.405453148,0.060721049,0.160547538
STAT6,ADvsCTL,-0.382816862,9.68e-05,0.001418373
FLT1,ADvsCTL,0.135472632,0.509815414,0.672403061
UNC45A,ADvsCTL,0.170297613,0.215822805,0.387490728
ELP4,ADvsCTL,0.053585574,0.646139023,0.78177931
STRADA,ADvsCTL,-0.240037515,0.029896524,0.095237243
MRPL9,ADvsCTL,-0.295410389,0.054875685,0.149334508
GOSR2,ADvsCTL,0.036346373,0.74889738,0.852780739
ME2,ADvsCTL,-0.052313698,0.250261035,0.427888668
GABRD,ADvsCTL,-0.28226048,0.017673665,0.064331039
SCN1A,ADvsCTL,-0.094695039,0.417036399,0.589821535
POLR2B,ADvsCTL,0.174634484,0.134883593,0.281382726
TCEA1,ADvsCTL,0.165222057,0.262710833,0.440587321
FDFT1,ADvsCTL,-0.734224434,0.01943164,0.068921
DDX17,ADvsCTL,0.144079421,0.011369548,0.046572413
GYG2,ADvsCTL,0.803044673,0.000396224,0.003980497
GABRG2,ADvsCTL,-0.368700877,0.000142171,0.001866123
RPS10-NUDT3,ADvsCTL,0.053127478,0.253655058,0.431830493
FBXL22,ADvsCTL,0.30170108,0.071610725,0.18143583
SCN1B,ADvsCTL,-0.42352949,0.013912053,0.053974863
SLC7A2,ADvsCTL,0.318520151,0.100040832,0.229975616
NECAP1,ADvsCTL,-0.236484222,0.009378304,0.04028941
PFKFB3,ADvsCTL,-0.20006809,0.282183982,0.461411545
STIM2,ADvsCTL,0.252234567,0.050789184,0.14127092
PIK3C3,ADvsCTL,-0.16412841,0.000440151,0.004319249
BIN3,ADvsCTL,0.062671728,0.560961818,0.715679028
TEX15,ADvsCTL,-0.722516345,0.156693897,0.312599259
GFAP,ADvsCTL,1.497664317,2.75e-08,5.73e-06
CACNG8,ADvsCTL,-0.227999267,0.141547205,0.291399269
HSPB6,ADvsCTL,1.188754203,0.000222323,0.002571008
GAS2L1,ADvsCTL,0.213113844,0.047621756,0.134330701
FOLR2,ADvsCTL,0.462421821,0.002222826,0.013927515
STRN3,ADvsCTL,-0.025287674,0.576186981,0.727873718
BCAS1,ADvsCTL,0.746249627,0.005496709,0.027099264
BXDC2,ADvsCTL,0.448813153,0.000438819,0.004312059
GLRX2,ADvsCTL,0.164701287,0.473127867,0.641872642
UHRF1BP1L,ADvsCTL,-0.090640586,0.18798698,0.354719399
UBE2V2,ADvsCTL,-0.117252149,0.011782704,0.047614039
NGB,ADvsCTL,-0.046626415,0.769133331,0.864891107
SMU1,ADvsCTL,0.142991128,0.023671865,0.079977323
SHTN1,ADvsCTL,0.275887471,0.009355057,0.040277558
HBD,ADvsCTL,0.459733911,0.041972413,0.12242805
RSL1D1,ADvsCTL,0.012911555,0.861277989,0.922549643
MRPL1,ADvsCTL,-0.378390674,0.006061072,0.029160691
NUP43,ADvsCTL,0.273114041,0.042377657,0.123160601
IFT74,ADvsCTL,0.274712743,0.21294132,0.384073951
TMEM120B,ADvsCTL,-0.21533038,0.287439849,0.466793352
SEPSECS,ADvsCTL,-0.424030021,0.113249244,0.250031249
PITPNM3,ADvsCTL,-0.232616218,0.000488977,0.004677142
OXCT1,ADvsCTL,0.257244745,0.310218979,0.490203233
ILVBL,ADvsCTL,0.164672067,0.000684824,0.005871199
ACOT1,ADvsCTL,0.059784623,0.628245539,0.76853234
NDUFAF8,ADvsCTL,-0.064456878,0.725817729,0.836541406
TNR,ADvsCTL,-0.040150303,0.353898614,0.532309332
PLEKHG3,ADvsCTL,0.286860886,0.152467927,0.307285459
TBC1D9B,ADvsCTL,0.03089492,0.628770432,0.769043652
ABCB1,ADvsCTL,-0.034774485,0.636248918,0.774503041
SSC5D,ADvsCTL,0.628092972,0.533983603,0.692935966
SH3PXD2B,ADvsCTL,0.258524522,0.051580512,0.142974421
MACROD2,ADvsCTL,-0.178118802,0.022938211,0.07782762
PRNP,ADvsCTL,-0.067798609,0.904505867,0.947201973
DDX58,ADvsCTL,0.350473937,0.287487078,0.466793352
TRPM3,ADvsCTL,0.223339303,0.202331636,0.370191388
RPS6,ADvsCTL,-0.020251375,0.829760338,0.904313048
SIGMAR1,ADvsCTL,0.560382232,0.103185268,0.235145415
AMOT,ADvsCTL,0.210726037,0.231691668,0.405653554
PPP1R11,ADvsCTL,-0.139696541,0.113846907,0.250735089
MRPL28,ADvsCTL,0.091531387,0.640615342,0.778237823
NBAS,ADvsCTL,0.03206322,0.545175498,0.704030046
TARS3,ADvsCTL,0.090505963,0.167114976,0.326646201
ITIH2,ADvsCTL,-0.085878251,0.652205392,0.785419953
MORC3,ADvsCTL,0.284435266,0.082061214,0.199346949
FAM234B,ADvsCTL,-0.070147175,0.545493604,0.704314395
KIF3C,ADvsCTL,0.048893731,0.667436682,0.796428675
RAB27A,ADvsCTL,0.367937651,0.044581162,0.127544494
TYW5,ADvsCTL,0.308677247,0.09097224,0.214869178
SRGAP2,ADvsCTL,-0.150952929,0.014642257,0.055935191
RPL5,ADvsCTL,-0.299023209,2.29e-07,2.26e-05
ERGIC3,ADvsCTL,-0.097469642,0.553595277,0.710565816
NKRF,ADvsCTL,-0.095886183,0.464231251,0.633747464
ATP1B1,ADvsCTL,-0.176669566,0.008568246,0.037787488
VWA8,ADvsCTL,-0.091954316,0.277297988,0.456118095
APOC3,ADvsCTL,0.036904609,0.920835358,0.957163111
H1-4,ADvsCTL,-0.022738414,0.902216167,0.945460502
DDX1,ADvsCTL,0.051666426,0.27501981,0.453956537
BCAP29,ADvsCTL,-0.231430308,3.73e-06,0.000128511
KCND2,ADvsCTL,0.068824072,0.477351219,0.645531147
LSM8,ADvsCTL,0.136486413,0.073122187,0.184137337
AASS,ADvsCTL,0.233425734,0.066179976,0.170865962
ARF5,ADvsCTL,-0.197251165,0.000504747,0.004764627
RPA3,ADvsCTL,-0.043224917,0.627055917,0.767207555
LOC401309,ADvsCTL,-0.172948696,0.702180233,0.820464979
NPY,ADvsCTL,0.450244102,0.011935386,0.048095928
CBX3,ADvsCTL,0.078764939,0.255673129,0.434251904
LOC392742,ADvsCTL,-0.789479279,0.000586589,0.005247931
GTPBP10,ADvsCTL,-0.04048059,0.837081702,0.908301204
KRIT1,ADvsCTL,-0.144259787,0.574836958,0.726974332
PPP1R9A,ADvsCTL,-0.279554257,0.000387758,0.003917333
ATP6V1F,ADvsCTL,-0.218024068,0.002809837,0.016539408
ZC3HC1,ADvsCTL,0.118850493,0.806505387,0.888118991
UBE2H,ADvsCTL,0.062142678,0.348889586,0.527108336
CHCHD3,ADvsCTL,-0.219932645,0.000183196,0.002244856
WDR91,ADvsCTL,0.186259853,0.010128424,0.042829954
SSBP1,ADvsCTL,-0.214306882,0.000522023,0.004851306
DENND11,ADvsCTL,-0.029116032,0.763220865,0.86074752
AGK,ADvsCTL,-0.413993673,1.12e-07,1.41e-05
MRPL32,ADvsCTL,-0.287264348,0.256058338,0.434393309
NEDL1,ADvsCTL,-0.387551734,2.58e-05,0.000522204
EPDR1,ADvsCTL,0.027703191,0.830340631,0.904422322
ELMO1,ADvsCTL,0.370780572,0.027553428,0.089517528
MAD1L1,ADvsCTL,0.269108241,0.048372377,0.135968155
ARPC1B,ADvsCTL,0.21000228,0.23791618,0.412626644
MBLAC1,ADvsCTL,-0.328448991,0.483065513,0.649717695
AGFG2,ADvsCTL,-0.152951145,0.163810415,0.321497494
CAMK2B,ADvsCTL,-0.118277423,0.072713535,0.183390061
RAC1,ADvsCTL,-0.114241714,0.099079519,0.228289602
ATF2,ADvsCTL,0.066411947,0.751455579,0.854175091
RPS4Y1,ADvsCTL,0.965155049,0.038612086,0.115435052
ZDHHC14,ADvsCTL,0.397092313,0.053356417,0.146541698
DKFZp686F17268,ADvsCTL,-0.086212007,0.669433581,0.797889452
ATRX,ADvsCTL,0.543067076,0.037075024,0.112428604
MAP2K1,ADvsCTL,-0.018535966,0.745884388,0.850539202
FOLH1,ADvsCTL,0.415787939,0.116380279,0.254699941
VPS37C,ADvsCTL,0.077389046,0.529468577,0.689549086
MORF4L1,ADvsCTL,0.454077081,0.411543193,0.584819035
GGT7,ADvsCTL,-0.21286664,0.001434774,0.010187888
AIP,ADvsCTL,0.02680734,0.929067371,0.96234666
PSD,ADvsCTL,-0.23498606,0.031358053,0.098637552
KLHL4,ADvsCTL,0.356004114,0.27314984,0.451982241
MAN2A1,ADvsCTL,-0.125851816,0.474750756,0.643293747
C5orf44,ADvsCTL,-0.394030975,0.030457299,0.096638443
CNOT1,ADvsCTL,-0.064180834,0.165841892,0.324652817
MTSS1,ADvsCTL,0.762895794,0.001222779,0.008981503
ITGAV,ADvsCTL,0.163364588,0.00409717,0.021781924
NEFM,ADvsCTL,0.488390463,0.011101687,0.045919745
CARNS1,ADvsCTL,0.256358426,0.298322634,0.478553681
EXOC6,ADvsCTL,-0.103597722,0.218584832,0.390240928
SIPA1L1,ADvsCTL,-0.210285091,0.007998491,0.035734872
ASTN1,ADvsCTL,-0.399156941,3.81e-06,0.00013042
MAP1LC3B,ADvsCTL,-0.183280818,0.001829042,0.012058935
C2orf72,ADvsCTL,0.070517184,0.660500586,0.791303469
PALM3,ADvsCTL,0.317151468,0.045674617,0.130062359
PGP,ADvsCTL,-0.190958666,0.000932012,0.00739952
C5orf51,ADvsCTL,0.109707483,0.148931222,0.301849049
BTBD17,ADvsCTL,0.183274099,0.409794189,0.583000317
TSPAN14,ADvsCTL,-0.109707055,0.426837012,0.599009794
RBFOX3,ADvsCTL,-0.49312655,0.157643026,0.313846191
SEPTIN8,ADvsCTL,-0.098754592,0.601585334,0.747907632
NUDT5,ADvsCTL,0.28152718,0.002044409,0.013106445
DYNLT3,ADvsCTL,-0.092911286,0.152312482,0.307058207
IGLON5,ADvsCTL,-0.412505523,0.00091177,0.007270913
JPT2,ADvsCTL,1.176110343,6.28e-05,0.001038374
ZMYM3,ADvsCTL,0.024304174,0.867321301,0.925469905
TRAF3,ADvsCTL,-0.215989349,0.004095506,0.021781924
TUBAL3,ADvsCTL,-0.314782493,0.001605585,0.011030537
FBLL1,ADvsCTL,0.045409248,0.584411627,0.73534772
SMCHD1,ADvsCTL,0.207708373,0.271822043,0.450756963
CASTOR2,ADvsCTL,-0.286737744,0.006401946,0.030315471
UNC119B,ADvsCTL,0.225659026,0.083294337,0.201390309
DOCK11,ADvsCTL,0.237561673,0.19243529,0.359715967
NDEL1,ADvsCTL,-0.276760351,0.111932723,0.248126459
LIPT2,ADvsCTL,0.193276509,0.33836509,0.518063026
PCP4L1,ADvsCTL,-0.197169286,0.133224182,0.279219562
RGPD3,ADvsCTL,-0.187976149,0.194116548,0.361824392
RENBP,ADvsCTL,0.44279665,0.001786553,0.01187121
SHISA7,ADvsCTL,-0.287238396,0.005581706,0.0274121
HMGN1,ADvsCTL,0.541707192,3.53e-05,0.000670555
CNIH4,ADvsCTL,-0.245668646,0.139065488,0.287524591
VSTM2B,ADvsCTL,-0.027963619,0.804707314,0.887089611
ENSA,ADvsCTL,-0.16912925,0.085034721,0.204566807
TP53BP1,ADvsCTL,0.071006903,0.321050109,0.500501394
NR0B1,ADvsCTL,-0.077439283,0.407112098,0.580332406
PTPA,ADvsCTL,0.027886011,0.957116922,0.975516171
PIP5K1A,ADvsCTL,0.061922147,0.546005536,0.70472238
BTBD11,ADvsCTL,0.025067652,0.848824646,0.915381661
RPL10,ADvsCTL,0.490031806,0.311412727,0.491136655
MORN4,ADvsCTL,-0.424442695,0.019118676,0.0682146
TTR,ADvsCTL,0.223301426,0.315925919,0.495440607
CTCFL,ADvsCTL,0.520553797,0.457444895,0.627768052
NOGOC,ADvsCTL,-0.356966413,0.00013874,0.001837858
RTL8C,ADvsCTL,-0.020847596,0.941364702,0.968287759
RRBP1,ADvsCTL,0.223538878,0.003807979,0.020672296
NACAIS4,ADvsCTL,-0.359803657,0.000746575,0.006273497
TBC1D10A,ADvsCTL,-0.314757914,0.063059326,0.16517841
OPLAH,ADvsCTL,0.332233274,0.00130865,0.009498606
TNS2,ADvsCTL,0.091748797,0.372614616,0.549508898
SIPA1L2,ADvsCTL,0.231507449,0.480060153,0.64761303
ZSWIM8,ADvsCTL,0.85910132,0.042034929,0.122523805
PPM1E,ADvsCTL,-0.057707398,0.689950458,0.812244459
CABLES1,ADvsCTL,-0.321468458,0.033256278,0.103091287
ARHGAP32,ADvsCTL,-0.14169364,0.105243719,0.238430889
MANBA,ADvsCTL,0.055471035,0.838345803,0.908987242
DISP2,ADvsCTL,0.221967039,0.153347091,0.308107716
ABCA3,ADvsCTL,0.353011611,0.012984146,0.051203379
CCDC132,ADvsCTL,-0.175122719,0.002028014,0.013024555
BID,ADvsCTL,-0.18818604,0.264918751,0.442638926
MYO5A,ADvsCTL,-0.187707641,3.53e-05,0.000670555
NUMBL,ADvsCTL,-0.282956329,0.002131963,0.013473124
ASAH1,ADvsCTL,0.396366094,0.000740444,0.006258534
THNSL2,ADvsCTL,0.394869858,0.063104445,0.16517841
VKORC1L1,ADvsCTL,0.023326092,0.793450336,0.880482608
GRIK2,ADvsCTL,-0.004505517,0.967534009,0.980950548
OGN,ADvsCTL,-0.169765266,0.80845031,0.889715893
TBC1D19,ADvsCTL,0.071977651,0.652044387,0.785357548
ATG13,ADvsCTL,-0.436140578,0.41781404,0.59067146
SMPD3,ADvsCTL,-0.534493473,0.00760817,0.034395388
NDUFS7,ADvsCTL,-0.4283961,1.63e-06,7.53e-05
SYT12,ADvsCTL,-0.768017812,1.79e-08,5.37e-06
OPCML,ADvsCTL,-0.351543772,1.68e-06,7.68e-05
MARCHF1,ADvsCTL,-0.611426776,0.057585728,0.1542697
KIAA1946,ADvsCTL,-0.097857549,0.165425044,0.323959255
L1CAM,ADvsCTL,-0.248901682,0.004559705,0.023650129
CAMK2A,ADvsCTL,0.009306354,0.952900085,0.973746191
TANGO2,ADvsCTL,0.238120774,0.315777458,0.495395793
TIMM21,ADvsCTL,-0.20088265,0.002961996,0.017154299
NCOA1,ADvsCTL,0.178174373,0.198387327,0.366932385
GNAL,ADvsCTL,-0.554202126,0.177400318,0.340930405
HTR1B,ADvsCTL,0.20069853,0.593011049,0.742993986
CYB5R2,ADvsCTL,0.483983923,0.337597564,0.51732835
SNAP23,ADvsCTL,0.391071951,2.28e-06,9.21e-05
VAT1L,ADvsCTL,0.290161813,0.039268875,0.116719429
PSMC4,ADvsCTL,0.027083359,0.529963296,0.689834598
DKFZp686M1669,ADvsCTL,0.116767102,0.469220613,0.638610352
BRAP,ADvsCTL,-0.002423047,0.982080496,0.988124913
PTPRE,ADvsCTL,-0.049803355,0.367782119,0.544444697
CD44,ADvsCTL,1.653230674,3.15e-07,2.73e-05
TMTC3,ADvsCTL,-0.067551364,0.599347068,0.746806881
SAFB,ADvsCTL,0.15163564,0.032730621,0.102053999
ERCC3,ADvsCTL,0.049996985,0.832330066,0.905741326
ADAP1,ADvsCTL,-0.014871939,0.949468863,0.972867455
LUC7L3,ADvsCTL,0.403152571,1.08e-07,1.41e-05
REEP2,ADvsCTL,-0.103857829,0.222865427,0.39474785
CA14,ADvsCTL,0.137932756,0.548915532,0.706956029
MSTO1,ADvsCTL,-0.063319531,0.647904844,0.782862346
CDIPT,ADvsCTL,-0.112560703,0.133894826,0.279809844
PTPN1,ADvsCTL,-0.115815616,0.258639809,0.436962281
PTPN2,ADvsCTL,-0.081289075,0.419418475,0.592042149
BOP1,ADvsCTL,0.728257497,0.011667284,0.04747071
RFC5,ADvsCTL,0.428866167,0.053478888,0.146765983
MAP2K6,ADvsCTL,0.157403675,0.002152925,0.013560414
MEMO1,ADvsCTL,0.082748416,0.494282736,0.658797421
HEL-215,ADvsCTL,-0.245033485,4.23e-05,0.000777522
PPIA,ADvsCTL,0.159226197,0.000245735,0.002774839
RPL13,ADvsCTL,-0.332194214,0.000314915,0.00334591
CERS2,ADvsCTL,0.103612429,0.636378342,0.774529512
UVRAG,ADvsCTL,-0.113238665,0.125698239,0.268931421
MRPL43,ADvsCTL,-0.159117788,0.342707403,0.521382053
ATP5PB,ADvsCTL,-0.258276221,0.003652535,0.020088745
SUCLG1,ADvsCTL,-0.220072923,0.000195509,0.002369697
SNRNP27,ADvsCTL,0.211094431,0.098401447,0.227296599
RPS23,ADvsCTL,0.022351566,0.731630549,0.839481543
CHM,ADvsCTL,-0.075971191,0.318951712,0.498307184
KYAT1,ADvsCTL,-0.103188495,0.061613329,0.162457725
MPP5,ADvsCTL,0.216183933,0.038230821,0.114772245
SUGP2,ADvsCTL,-0.069953652,0.402713788,0.576576488
UMPS,ADvsCTL,0.108513079,0.268638518,0.446985163
C1R,ADvsCTL,-0.171935116,0.380335912,0.556387271
RAB30,ADvsCTL,-0.274012601,0.000290127,0.003138169
HTR1A,ADvsCTL,-0.007172005,0.962631934,0.978137867
MAP4K3,ADvsCTL,-0.310194104,5.15e-05,0.000901087
SFRS4,ADvsCTL,0.034513337,0.668504279,0.79722406
STIP1,ADvsCTL,0.14772153,0.003487034,0.019353574
DHX38,ADvsCTL,-0.081708417,0.802211456,0.885610416
NT5C2,ADvsCTL,0.167573478,0.017056973,0.062661292
IL1RAP,ADvsCTL,-0.253852079,0.19185505,0.359097938
FAM160A2,ADvsCTL,-0.199573254,0.223805538,0.395633628
TFRC,ADvsCTL,-0.478525324,1.83e-06,7.92e-05
ASH2L,ADvsCTL,-0.088338883,0.488896566,0.654518939
TMEM135,ADvsCTL,-0.15023224,0.2889784,0.468061086
NDUFB10,ADvsCTL,-0.33984805,1.14e-06,6.18e-05
KPNA2,ADvsCTL,0.345816476,0.370787682,0.547474604
DKFZp686B08113,ADvsCTL,0.219509686,0.166885657,0.326464109
RPS15A,ADvsCTL,-0.250687065,0.181237276,0.346148747
ORC4L,ADvsCTL,0.158230086,0.250582844,0.427930293
KATNA1,ADvsCTL,0.281395102,0.118025952,0.256949356
NAA35,ADvsCTL,-0.136438355,0.015696872,0.058717317
MANF,ADvsCTL,-0.056713933,0.480369601,0.64790897
SERGEF,ADvsCTL,0.238373428,0.016188044,0.06010831
SENP8,ADvsCTL,0.212974502,0.009194322,0.039792272
G6PD,ADvsCTL,0.128394603,0.005824255,0.028230369
PLCD1,ADvsCTL,0.701680137,2.77e-08,5.73e-06
PFAS,ADvsCTL,0.05978163,0.264573982,0.44239291
DNAJC16,ADvsCTL,-0.227411056,0.063959904,0.166715105
LIPE,ADvsCTL,0.428694438,0.090240351,0.213659922
PLXNB3,ADvsCTL,0.312619541,0.089828538,0.2130355
RNMT,ADvsCTL,-0.263839591,0.000213131,0.002500259
MRPL18,ADvsCTL,-0.306526472,0.021004338,0.072811665
HBS1L,ADvsCTL,-0.015961044,0.779810463,0.870854938
PLP1,ADvsCTL,0.429999734,0.125396602,0.26852568
ACSL1,ADvsCTL,0.178864898,0.001530096,0.010654384
PLSCR4,ADvsCTL,0.841441959,1.72e-08,5.37e-06
OSBPL1A,ADvsCTL,-0.050001141,0.407716876,0.580504254
DNAJC3,ADvsCTL,-0.069039811,0.170843631,0.331681035
HSPB2-C11orf52,ADvsCTL,0.447954605,0.002770094,0.016359019
RAP1A,ADvsCTL,0.120613369,0.135585451,0.281863438
SFRP1,ADvsCTL,0.577865986,0.20454746,0.372861094
PPIE,ADvsCTL,-0.114898135,0.375753572,0.552267153
GRID1,ADvsCTL,-0.143548849,0.097779501,0.226441709
DKFZp686P12272,ADvsCTL,-0.085808685,0.570750205,0.723419599
RAPGEF5,ADvsCTL,-0.195114175,0.014197547,0.054740131
FMR1,ADvsCTL,0.062489006,0.34369414,0.522417287
LYRM9,ADvsCTL,-0.576891412,0.000271362,0.002993724
RAB37,ADvsCTL,-0.302823232,0.003252845,0.018365554
PDPR,ADvsCTL,0.147161025,0.105123477,0.238233512
SUMO3,ADvsCTL,0.08236838,0.126451564,0.270122157
C17orf100,ADvsCTL,-0.110635123,0.78326905,0.873608094
EIPR1,ADvsCTL,-0.168414637,0.00507301,0.025549893
FAM171A2,ADvsCTL,0.034261849,0.761035557,0.859120803
BICD1,ADvsCTL,-0.143304102,0.323196876,0.502426173
FABP1,ADvsCTL,-1.698788144,0.016594774,0.061293336
SNRPG,ADvsCTL,0.251562711,0.080097425,0.195766488
MAPK10,ADvsCTL,-0.112140265,0.017428885,0.063734605
ELAPOR2,ADvsCTL,-0.152528011,0.255336256,0.433987167
ERCC2,ADvsCTL,0.451372312,0.306979172,0.486942875
MATR3,ADvsCTL,0.002279514,0.963116859,0.978212308
NUDT19,ADvsCTL,-0.215316919,0.183642586,0.34880938
LUC7L,ADvsCTL,0.190610194,0.077476418,0.19176081
DRG2,ADvsCTL,0.075096662,0.268288266,0.446609001
GLUL,ADvsCTL,-0.406686577,0.003485689,0.019353574
MTCH1,ADvsCTL,-0.148770442,0.222185326,0.393931243
TJP1,ADvsCTL,0.313485594,1.3e-05,0.000319622
WASH,ADvsCTL,0.134791493,0.715191313,0.829086985
BCR/ABL,ADvsCTL,0.061266475,0.756528191,0.856287534
PAK5,ADvsCTL,-0.080897489,0.654657159,0.787384406
SMC3,ADvsCTL,0.326145123,0.000336482,0.003525699
MBOAT2,ADvsCTL,-0.089641283,0.47395293,0.642749515
MYO1B,ADvsCTL,-0.176660816,0.043848104,0.126058918
MYO9B,ADvsCTL,0.285918658,0.116382995,0.254699941
AKT1,ADvsCTL,-0.001391463,0.986387115,0.990958294
GRB2,ADvsCTL,0.096698232,0.038547356,0.115359254
CBX6,ADvsCTL,-0.456014121,0.195029654,0.362962043
EWSR1,ADvsCTL,0.079810253,0.19345393,0.361338384
CPNE1,ADvsCTL,-0.077574242,0.519640145,0.680634116
MRPS18B,ADvsCTL,-0.049600945,0.743836813,0.849455736
ARCN1,ADvsCTL,0.04753145,0.113330661,0.250134226
CAMK1,ADvsCTL,-0.179828904,0.000978877,0.007645022
RDX,ADvsCTL,0.45398004,0.005542328,0.027249465
SCN4B,ADvsCTL,0.302819198,0.280683166,0.459793672
RPS19,ADvsCTL,-0.047100048,0.21552719,0.387184585
TSPO,ADvsCTL,0.660509423,0.009131891,0.039642374
SNU13,ADvsCTL,-0.004632032,0.962374671,0.978137867
PTPRT,ADvsCTL,-0.13460999,0.167790895,0.327657088
HMGCL,ADvsCTL,0.074582045,0.195233139,0.363246759
PIGK,ADvsCTL,-0.178707714,0.002086904,0.013237305
EPHB2,ADvsCTL,0.03780944,0.530566502,0.690120225
CFHR1,ADvsCTL,0.099970033,0.73114244,0.839442549
NRDC,ADvsCTL,-0.230873522,0.0046445,0.024034454
DDAH1,ADvsCTL,0.129631981,0.003562003,0.019693687
PEA15,ADvsCTL,0.319358269,2.56e-05,0.000519383
CDC37L1,ADvsCTL,-0.066599677,0.380744085,0.556757919
PHYH,ADvsCTL,-0.093761944,0.64098472,0.778386816
ADGRL2,ADvsCTL,-0.197043939,0.481879344,0.649184381
COG2,ADvsCTL,0.134776065,0.326299176,0.505040619
AGBL4,ADvsCTL,0.141968189,0.434031598,0.604462953
CD55,ADvsCTL,0.040210018,0.721051117,0.832240161
GNG4,ADvsCTL,-0.247378484,0.031122226,0.098271365
CACNA1B,ADvsCTL,0.214482808,0.083250497,0.201351992
PFDN2,ADvsCTL,-0.074850923,0.132702516,0.278694656
SMPD4,ADvsCTL,0.051823394,0.823465522,0.899013405
NFXL1,ADvsCTL,0.089712007,0.442003187,0.612705516
RPS4X,ADvsCTL,-0.204373505,0.000177364,0.002195833
TIMM10B,ADvsCTL,-0.413283615,2.78e-05,0.00055764
RPL18A,ADvsCTL,-0.299587303,0.009563633,0.040838345
H3-3B,ADvsCTL,0.672254228,0.005529332,0.027222782
HIST1H4H,ADvsCTL,0.617278624,0.004466096,0.023278716
RPS28,ADvsCTL,-0.070229228,0.303531735,0.483888246
PRKCG,ADvsCTL,-0.136412133,0.283537059,0.462532471
DKFZp779L0468,ADvsCTL,0.304469386,0.00424212,0.022370653
HNRNPC,ADvsCTL,0.038853937,0.37018277,0.546760712
IK,ADvsCTL,0.257528203,0.080028658,0.195766488
KCNJ10,ADvsCTL,0.074800386,0.71305062,0.828322531
LYVE1,ADvsCTL,-0.08318578,0.7454042,0.850252524
CLDN12,ADvsCTL,-0.178707841,0.501061703,0.664969895
GRM7,ADvsCTL,-0.220374121,0.056845128,0.153256
LSS,ADvsCTL,-0.015414898,0.915014956,0.953041207
CDC42EP4,ADvsCTL,0.339993178,0.007397861,0.033642476
SRSF3,ADvsCTL,-0.034941789,0.503120204,0.666594885
CMPK1,ADvsCTL,0.099536855,0.068603667,0.175798424
FRZB,ADvsCTL,0.622712609,0.148332615,0.301400141
MRPL15,ADvsCTL,-0.228957676,0.140357512,0.289862643
SCP2,ADvsCTL,0.175241571,0.047775447,0.134658617
PXMP3,ADvsCTL,-0.087144565,0.307820509,0.487806328
SYTL4,ADvsCTL,0.183084438,0.387680281,0.562327941
TANK,ADvsCTL,0.089873549,0.408088978,0.580919061
PRPF4,ADvsCTL,0.056460341,0.523971417,0.684512605
BCAS2,ADvsCTL,-0.1180723,0.206695308,0.375728923
MNDA,ADvsCTL,0.3988575,0.00498517,0.025270137
DDX6,ADvsCTL,-0.050567622,0.245873896,0.422900749
CD14,ADvsCTL,0.128429188,0.712845272,0.828219719
BIRC2,ADvsCTL,0.056026061,0.615110858,0.757690984
TXNL1,ADvsCTL,-0.006339116,0.867443083,0.925469905
GSTO1,ADvsCTL,0.06660983,0.572494988,0.724908426
ZC2HC1A,ADvsCTL,-0.148287398,0.019660777,0.069483013
NDUFB5,ADvsCTL,-0.407008691,1.66e-05,0.00037637
PRKCE,ADvsCTL,-0.335835492,6.51e-08,9.18e-06
hCG_1642166,ADvsCTL,-0.271026342,0.194103044,0.361824392
AGO1,ADvsCTL,0.020982086,0.708782399,0.825497377
SLC9A1,ADvsCTL,-0.067639982,0.437697593,0.608143478
PPP1R12A,ADvsCTL,-0.072125398,0.196216522,0.364887653
QTRT1,ADvsCTL,0.099633593,0.360033448,0.537956084
NCALD,ADvsCTL,-0.564767769,3.85e-06,0.000130747
PRKACB,ADvsCTL,0.020181308,0.613007704,0.755804665
PIGS,ADvsCTL,-0.122925675,0.019667373,0.069483013
KIAA0319L,ADvsCTL,-0.21677306,0.192552268,0.359841118
NAA15,ADvsCTL,-0.105480498,0.031639696,0.099215037
PLSCR3,ADvsCTL,0.093162184,0.610654259,0.75367812
NT5E,ADvsCTL,0.113799233,0.091192055,0.215134291
TYMP,ADvsCTL,0.367869637,0.046074054,0.130888889
BCAR1,ADvsCTL,-0.088711809,0.424975833,0.597391277
ADNP,ADvsCTL,0.20820344,0.264681651,0.442408909
SLC20A2,ADvsCTL,0.197173566,0.020584482,0.071771292
SYT9,ADvsCTL,-0.372830257,0.560874423,0.715679028
STEAP2,ADvsCTL,-0.410978582,0.001871209,0.01224714
TTYH2,ADvsCTL,0.361973944,0.024062676,0.080993368
LARS1,ADvsCTL,-0.207922171,0.000173709,0.002173876
BHMT,ADvsCTL,-0.170110235,0.295167537,0.475267733
GABRB3,ADvsCTL,-0.31475782,0.002987645,0.01721822
PRKCI,ADvsCTL,-0.144612408,0.173601438,0.335676114
PES1,ADvsCTL,-0.049059977,0.636137432,0.7744984
NUBP1,ADvsCTL,0.415617567,0.001598759,0.011004666
DKFZp564C172,ADvsCTL,-0.305632167,0.306461109,0.486764469
SNX15,ADvsCTL,0.023744314,0.864465581,0.923526054
MATK,ADvsCTL,-0.049766384,0.687129595,0.810249701
MVK,ADvsCTL,-0.138852264,0.548720627,0.706956029
RPS27A,ADvsCTL,0.440207243,4.12e-09,2.12e-06
CNOT9,ADvsCTL,-0.109441637,0.168286926,0.328223389
MERTK,ADvsCTL,0.121727269,0.34503787,0.523598607
CHMP2B,ADvsCTL,-0.000280092,0.99705669,0.998444768
ITIH4,ADvsCTL,0.318319629,0.128347156,0.27241268
SPECC1L-ADORA2A,ADvsCTL,-0.16718325,0.135048321,0.281484374
ADAM17,ADvsCTL,0.346257491,0.181396414,0.346188487
ZFR,ADvsCTL,0.236928652,0.007600826,0.034390015
KLHL42,ADvsCTL,-0.040463387,0.812363828,0.89211191
AKAP6,ADvsCTL,-0.13683156,0.610531518,0.753655948
LRRC16A,ADvsCTL,0.176805047,0.715947926,0.829411085
MYO9A,ADvsCTL,0.041839067,0.532475013,0.691727066
EIF4G1,ADvsCTL,-0.046292656,0.260460438,0.438432238
TNS1,ADvsCTL,0.351675158,2.18e-05,0.000459272
VWC2L,ADvsCTL,-0.908515563,0.016861336,0.062069392
TUBGCP6,ADvsCTL,-0.219138165,0.287332793,0.466753563
KIAA1211,ADvsCTL,-0.579486749,0.002017952,0.012971518
DMXL1,ADvsCTL,-0.07362257,0.097868769,0.226502592
SIPA1L3,ADvsCTL,0.14958971,0.345782444,0.524293434
PDZRN3,ADvsCTL,-0.30725275,0.265982172,0.443992607
TACC2,ADvsCTL,-0.128520931,0.437355428,0.60778547
TMEM229A,ADvsCTL,-0.047057815,0.896967866,0.942506244
AGAP1,ADvsCTL,-0.064983349,0.243239549,0.419272005
NGAL,ADvsCTL,-0.08567876,0.822087086,0.898793926
SPTBN1,ADvsCTL,-0.028671945,0.310016066,0.490097926
DDX27,ADvsCTL,-0.128957056,0.174868865,0.337763627
COX20,ADvsCTL,-0.129125746,0.300422143,0.480421625
PMPCB,ADvsCTL,-0.298583343,3e-05,0.000594185
ASMTL,ADvsCTL,0.89144314,0.228005194,0.400792122
CNOT7,ADvsCTL,-0.058475628,0.729485586,0.838745176
DNAJA3,ADvsCTL,-0.260172137,0.001465182,0.010344133
XRN2,ADvsCTL,0.348126122,0.078970041,0.194132435
RRP12,ADvsCTL,-0.312155869,0.112078331,0.248284397
SEC61A1,ADvsCTL,-0.041033378,0.429859433,0.600799748
DAPK3,ADvsCTL,0.060018636,0.71426566,0.828518717
GOLM1,ADvsCTL,-0.014778463,0.811680487,0.891633742
SNUPN,ADvsCTL,0.278298421,0.263384449,0.441202689
ACSBG1,ADvsCTL,0.16341463,0.054643895,0.148827542
SRA1,ADvsCTL,0.037899597,0.894598574,0.941179983
BCAR3,ADvsCTL,0.14505168,0.339209193,0.518803259
TOR1A,ADvsCTL,-0.108238071,0.109939896,0.24601198
IPO4,ADvsCTL,-0.475378631,0.193724483,0.361514736
NARS2,ADvsCTL,0.126353716,0.103123609,0.235145415
SEC61A2,ADvsCTL,-0.48464647,0.000263854,0.002933383
CALU,ADvsCTL,-0.077635731,0.205108627,0.373410872
TCP11L1,ADvsCTL,-0.155620148,0.019513397,0.069103548
ARHGAP12,ADvsCTL,-0.011202015,0.87766618,0.930305457
LDLRAP1,ADvsCTL,-0.010083422,0.972173432,0.983313014
PHACTR3,ADvsCTL,0.085588673,0.384513676,0.559415383
DDX41,ADvsCTL,-0.014303395,0.928396022,0.961963784
EIF3H,ADvsCTL,0.030135538,0.482262165,0.649184381
EIF3F,ADvsCTL,-0.042808237,0.378066432,0.554213997
INPP1,ADvsCTL,0.157629691,0.01007663,0.042695868
PTGES3L-AARSD1,ADvsCTL,-0.123395256,0.26576672,0.443746522
DNAJC30,ADvsCTL,-0.661904988,0.010087245,0.042706036
RALYL,ADvsCTL,-0.040628116,0.684768297,0.808740354
TANGO6,ADvsCTL,-0.068363411,0.664691172,0.794602559
GSDMDC1,ADvsCTL,0.691128837,0.298857307,0.478770737
SESTD1,ADvsCTL,-0.00550479,0.942971345,0.968970412
LONP1,ADvsCTL,-0.14607027,0.003119513,0.017794334
GUCY1A1,ADvsCTL,0.131779961,0.008194011,0.036449919
UPF3A,ADvsCTL,-0.242282494,0.726546047,0.836836784
CHMP7,ADvsCTL,-0.104427504,0.189633194,0.356224854
PPP2CA,ADvsCTL,-0.202053052,0.003368425,0.018811401
PRKCZ,ADvsCTL,0.060046645,0.732027415,0.839678255
LRRTM4,ADvsCTL,-0.366186787,0.012322441,0.0492145
GNB1,ADvsCTL,-0.224985258,0.275962226,0.454857079
PPP1R1B,ADvsCTL,0.250066148,0.279081884,0.457900546
PDZD4,ADvsCTL,-0.218266305,0.310666671,0.490695073
C14orf159,ADvsCTL,-0.136360209,0.7135293,0.828325656
EIF3S6,ADvsCTL,-0.004703417,0.902759943,0.945754773
LMF1,ADvsCTL,0.331732901,0.088488362,0.210705904
CCT3,ADvsCTL,-0.025621923,0.499067049,0.663056757
NCOA7,ADvsCTL,-0.044591009,0.316012999,0.495440607
BLOC1S6,ADvsCTL,0.021270077,0.943171487,0.969037638
SLC11A2,ADvsCTL,0.019425806,0.903870716,0.946780553
IL16,ADvsCTL,0.267293918,0.059496955,0.158230141
CSTF2,ADvsCTL,-0.094324472,0.562542112,0.717059262
NOS1,ADvsCTL,-0.095138282,0.293542817,0.473354786
HTR2A,ADvsCTL,-0.551925593,0.005183222,0.025981125
PGM1,ADvsCTL,-0.049411933,0.967585727,0.980950548
KHDRBS1,ADvsCTL,-0.024301046,0.693119913,0.813977393
MGMT,ADvsCTL,-0.103976542,0.654671847,0.787384406
SNW1,ADvsCTL,-0.021994819,0.887033428,0.935958845
MRPL10,ADvsCTL,-0.145570678,0.607937413,0.75193449
TMEM175,ADvsCTL,0.230348178,0.247747992,0.424398978
MIB2,ADvsCTL,-0.326769098,0.260793353,0.43880388
COX11,ADvsCTL,-0.834804105,0.019423172,0.068921
VWA5B2,ADvsCTL,-0.396718725,0.187036257,0.353481817
MCFD2,ADvsCTL,0.385632152,0.015770581,0.058867559
SLC13A3,ADvsCTL,0.992601966,0.003893935,0.021075301
SLC12A4,ADvsCTL,0.755724137,0.031555876,0.099032031
CELF5,ADvsCTL,-0.334607384,0.198605709,0.367147486
ANKRD35,ADvsCTL,-0.146620385,0.432629022,0.603333835
RPS6KA3,ADvsCTL,0.024770399,0.764136785,0.861375317
NUDT6,ADvsCTL,0.164078598,0.618850912,0.76027235
IDS,ADvsCTL,0.140297712,0.18837512,0.355345984
CPSF7,ADvsCTL,-0.012060868,0.848001442,0.914905411
WDR19,ADvsCTL,0.08691194,0.488120512,0.654070574
GTF2I,ADvsCTL,0.247336436,0.000279643,0.003056948
GARNL3,ADvsCTL,-0.290431331,0.183111066,0.348075553
MSI2,ADvsCTL,0.113500406,0.078447437,0.193575443
PDXDC1,ADvsCTL,0.009199641,0.932671812,0.963894877
SLC25A27,ADvsCTL,-0.516766616,6.93e-06,0.000206115
SEC11C,ADvsCTL,-0.437937648,0.00011678,0.001624756
PAQR4,ADvsCTL,-0.133305226,0.861682457,0.922549643
IRF9,ADvsCTL,-0.105842761,0.809325656,0.890134471
JPH3,ADvsCTL,-0.248133228,0.221539008,0.393522143
EXOC7,ADvsCTL,-0.410488492,0.189457659,0.356224854
MTMR14,ADvsCTL,0.148054603,0.526090469,0.686408262
GANAB,ADvsCTL,-0.055875025,0.070089974,0.178698026
ATP5MF-PTCD1,ADvsCTL,-0.301811708,0.003635571,0.020038824
CALM3,ADvsCTL,-0.014222508,0.781281468,0.872362248
hCG_2002594,ADvsCTL,-0.696773719,5.64e-05,0.000961514
APBB2,ADvsCTL,0.390706792,0.215592559,0.387205313
POGLUT1,ADvsCTL,0.058988571,0.729376463,0.838745176
NINJ2,ADvsCTL,0.659930293,0.017474442,0.063836295
PRKCSH,ADvsCTL,0.128288161,0.465800463,0.635286828
LYPLA1,ADvsCTL,-0.019039045,0.712274895,0.828090079
VAMP1,ADvsCTL,0.051949862,0.697470845,0.816942501
SSH2,ADvsCTL,-0.393064533,0.016040258,0.059688347
ADAM11,ADvsCTL,-0.427288781,9.25e-07,5.41e-05
NTNG1,ADvsCTL,0.058333653,0.782911312,0.873368652
PSD3,ADvsCTL,-0.312325884,0.003952093,0.02126323
MRPL3,ADvsCTL,-0.18519178,0.044071139,0.126598921
SHC1,ADvsCTL,-0.160811068,0.367117627,0.543796765
ATP5F1C,ADvsCTL,-0.581770838,0.323561895,0.502606656
CDC27,ADvsCTL,-0.214227784,0.018604355,0.066724025
EML3,ADvsCTL,0.374104708,0.002289025,0.01426773
GDI2,ADvsCTL,0.112965943,0.042127835,0.122716427
NSG2,ADvsCTL,-0.078315884,0.691538648,0.813198842
ELAPOR1,ADvsCTL,-0.252250123,0.462669718,0.632696442
MINDY2,ADvsCTL,-0.173542829,0.316959677,0.496167782
ELMOD1,ADvsCTL,-0.215739516,0.0264793,0.087010326
HMG20A,ADvsCTL,-0.344936693,0.077239335,0.191478879
TUBB,ADvsCTL,-1.605116437,0.040127118,0.118389813
TMEM143,ADvsCTL,-0.44965127,3.87e-05,0.000722737
ERI3,ADvsCTL,0.004310334,0.950220028,0.973344555
PFN2,ADvsCTL,0.155438828,0.003386886,0.018899824
APOA1BP,ADvsCTL,0.01351942,0.809191518,0.890123044
RGS19,ADvsCTL,-0.335075037,0.473681969,0.642503188
LPAR1,ADvsCTL,0.73291396,0.065650729,0.16998765
C7orf25,ADvsCTL,0.197006424,0.15260504,0.307389541
MAN1B1,ADvsCTL,-0.140221483,0.426583158,0.5989484
MGRN1,ADvsCTL,-0.286364275,0.001459206,0.01032062
ATP9A,ADvsCTL,-0.087934219,0.048999224,0.137300904
ATE1,ADvsCTL,0.04714136,0.509840997,0.672403061
STK24,ADvsCTL,-0.159640786,0.010974311,0.045550039
RBM39,ADvsCTL,0.029279016,0.774557945,0.867992876
ELMO2,ADvsCTL,0.064204387,0.318697081,0.498236927
SHISA9,ADvsCTL,0.090956344,0.514985318,0.677077205
TAX1BP1,ADvsCTL,-0.170598904,0.008846547,0.038701212
HDAC1,ADvsCTL,0.065350999,0.562507736,0.717059262
SS18L1,ADvsCTL,-0.233444762,0.430753463,0.601749789
PTBP2,ADvsCTL,0.100589795,0.085964213,0.206044846
ZC3H18,ADvsCTL,0.190044902,0.015012281,0.057013377
PLPPR4,ADvsCTL,-0.090930925,0.539836794,0.69889257
CDH5,ADvsCTL,-0.024824642,0.902496505,0.945616512
TBRG4,ADvsCTL,-0.376861354,0.003921759,0.021209935
FAM91A1,ADvsCTL,-0.066457559,0.471165315,0.640141748
CCDC28A,ADvsCTL,0.09528086,0.196877359,0.36554719
HNRNPK,ADvsCTL,0.050467399,0.567610281,0.721218998
HEXA,ADvsCTL,-0.126406938,0.181587963,0.346448464
SNRPN,ADvsCTL,0.020272907,0.792619347,0.879967736
KYAT3,ADvsCTL,-0.391127809,0.013164652,0.051829963
PAPSS2,ADvsCTL,0.200147204,0.175753684,0.339017499
MRPL21,ADvsCTL,-0.1487406,0.237950135,0.412626644
CCDC9,ADvsCTL,0.139888279,0.135358032,0.281625515
ILF2,ADvsCTL,0.066708931,0.200991671,0.36890357
CSRP1,ADvsCTL,0.575724704,5.98e-06,0.000182924
BTBD8,ADvsCTL,0.040961755,0.890433025,0.93816973
TUBGCP3,ADvsCTL,0.080395503,0.49183534,0.656480164
ATRN,ADvsCTL,-0.115460464,0.554907472,0.711306548
EIF4G2,ADvsCTL,0.106209912,0.036575145,0.111194005
UBQLN4,ADvsCTL,0.045933034,0.630961617,0.770152199
SUPT5H,ADvsCTL,0.375391163,0.012035119,0.048416449
TDRKH,ADvsCTL,-0.368329385,0.008644062,0.037958935
POLR1E,ADvsCTL,-0.030445293,0.833073456,0.906014324
POLDIP3,ADvsCTL,0.284547441,0.019783588,0.069688221
ITGB2,ADvsCTL,0.542143646,1.28e-06,6.49e-05
IBA57,ADvsCTL,0.038769714,0.95654256,0.975516171
TOM1L1,ADvsCTL,0.476511512,0.047148562,0.133204873
NUDT12,ADvsCTL,0.108970231,0.392133041,0.5665019
CALCOCO2,ADvsCTL,-0.006138671,0.967960542,0.981192246
SEC24A,ADvsCTL,-0.556929873,0.004970678,0.025214449
ARFIP1,ADvsCTL,0.72767902,1.3e-05,0.000319622
CTSA,ADvsCTL,-0.094062587,0.384661265,0.559415383
CRADD,ADvsCTL,0.375870016,0.221577179,0.393522143
RUVBL1,ADvsCTL,0.161004801,4.53e-05,0.000817324
SSB,ADvsCTL,0.093740199,0.042275349,0.123012372
MAPK8,ADvsCTL,-0.173733657,0.080390605,0.196205242
RFC2,ADvsCTL,-1.491521938,0.110702268,0.246832428
CSNK2A1,ADvsCTL,-0.135515688,0.005723931,0.027913378
DUSP3,ADvsCTL,-0.154985856,0.008917084,0.038896658
DGKB,ADvsCTL,-0.417871171,0.006613796,0.03103264
CAMKMT,ADvsCTL,0.2764617,0.250430473,0.427930293
DGKB,ADvsCTL,-0.203945549,0.207487319,0.376787752
SYNGR1,ADvsCTL,-0.596358844,0.000104416,0.001493164
VSTM2A,ADvsCTL,0.074039012,0.53009456,0.689880616
CBX1,ADvsCTL,0.130673293,0.189698118,0.356224854
TSPAN9,ADvsCTL,-0.045052718,0.778061993,0.869896337
FUCA1,ADvsCTL,0.111929455,0.744797086,0.850172857
LDAH,ADvsCTL,0.046159166,0.919408687,0.956232892
SEPTIN10,ADvsCTL,0.609583587,4.41e-05,0.000799802
AIP,ADvsCTL,0.174434663,0.00254835,0.015481654
PPIP5K1,ADvsCTL,-0.255209363,0.002084786,0.013235542
CHRD,ADvsCTL,0.054170371,0.646752573,0.782126977
NTM,ADvsCTL,-0.087397755,0.116390756,0.254699941
CHN2,ADvsCTL,-0.138800502,0.717031896,0.830265683
STMN4,ADvsCTL,-0.22501767,0.098827813,0.227988602
ETNPPL,ADvsCTL,-0.127524871,0.577235626,0.728924738
RGS7,ADvsCTL,-0.498192594,4.4e-07,3.26e-05
PTPN5,ADvsCTL,-0.420484844,0.001714854,0.01153877
CBS,ADvsCTL,0.163090245,0.169577905,0.329995706
CYB561,ADvsCTL,0.016168272,0.89110493,0.938327882
AFAP1L2,ADvsCTL,-0.216869519,0.281205873,0.460213083
ACBD5,ADvsCTL,0.162804211,0.116860238,0.25533891
DLG2,ADvsCTL,0.224567018,0.054353513,0.148430076
TOM1L2,ADvsCTL,-0.422271271,0.000389051,0.003924886
GCA,ADvsCTL,0.015868572,0.881860208,0.932507688
ARHGEF6,ADvsCTL,-0.095452903,0.239738209,0.414827265
NLGN3,ADvsCTL,-0.206569927,0.008854065,0.038701212
RMC1,ADvsCTL,0.023489075,0.768161308,0.864016308
GRIK1,ADvsCTL,-0.073955948,0.852825298,0.917700291
SLC6A9,ADvsCTL,0.62228521,0.000384306,0.003904401
RASA4B,ADvsCTL,0.42356227,0.093339907,0.218552718
FGD4,ADvsCTL,0.14659143,0.091886691,0.216135046
APLP1,ADvsCTL,0.287634575,0.050058507,0.139602174
STMN2,ADvsCTL,0.031475186,0.6794126,0.804976911
INPP5K,ADvsCTL,0.05500614,0.391191009,0.565595362
C8B,ADvsCTL,-0.040531041,0.878663988,0.930738675
ACP2,ADvsCTL,-0.050554013,0.451315606,0.622018232
TMCO1,ADvsCTL,0.375359943,0.011919591,0.048059205
ANGEL2,ADvsCTL,0.093140789,0.699639838,0.818438873
SMAD2,ADvsCTL,-0.047557542,0.662652616,0.793016401
TRIM3,ADvsCTL,-0.127401565,0.027945705,0.090383748
DLG4,ADvsCTL,-0.405497003,4.09e-05,0.000755664
NRCAM,ADvsCTL,0.652066417,0.067482797,0.173544426
DTNB,ADvsCTL,-0.223673824,0.022289075,0.076156702
ARHGEF7,ADvsCTL,-0.12334652,0.054011781,0.147665049
SCAP,ADvsCTL,-0.02656113,0.857062777,0.920127247
MAN2B2,ADvsCTL,-0.059492945,0.73144788,0.839481543
THBS4,ADvsCTL,0.237068981,0.334371078,0.513844681
ATP8A2,ADvsCTL,-0.005041776,0.943993808,0.969467084
CYFIP2,ADvsCTL,-0.311218595,5.37e-06,0.000170106
AHSG,ADvsCTL,-0.097217304,0.64606849,0.78177931
PDLIM5,ADvsCTL,0.40107057,0.040853557,0.119893771
CDH13,ADvsCTL,-0.142255513,0.117716796,0.256589295
ANO3,ADvsCTL,-0.264313188,0.200899112,0.36890357
DNM1,ADvsCTL,-0.474278913,7.89e-05,0.001228281
SUCLA2,ADvsCTL,0.816250279,0.040343004,0.118831788
MTMR7,ADvsCTL,-0.309993478,0.114367768,0.251574114
PPP1R3G,ADvsCTL,-0.17769915,0.549534605,0.707373374
SH3GLB2,ADvsCTL,-0.252910671,0.015267037,0.057585631
EPHA5,ADvsCTL,-0.285802549,0.227060907,0.399522774
EIF2AK2,ADvsCTL,-0.070900599,0.375458087,0.552098752
UACA,ADvsCTL,-0.149672967,0.432389045,0.603214585
PODXL,ADvsCTL,-0.122022126,0.213980647,0.385121319
USP48,ADvsCTL,0.317667068,0.231015951,0.404798474
WASHC4,ADvsCTL,0.095905527,0.10893233,0.244371557
GATD1,ADvsCTL,0.040153785,0.552795495,0.710009173
RCSD1,ADvsCTL,0.051642394,0.721983198,0.832781453
MME,ADvsCTL,-0.27922927,0.061078704,0.161343783
FNBP1,ADvsCTL,0.14779846,0.134190967,0.280265861
GEMIN5,ADvsCTL,0.165818358,0.233141978,0.40733307
RTN4RL2,ADvsCTL,-0.154618586,0.082292268,0.1997733
FAM98C,ADvsCTL,0.28854974,0.137939456,0.285606939
SEZ6L,ADvsCTL,-0.13752637,0.154462375,0.309410001
C2CD5,ADvsCTL,-0.165899023,0.002866493,0.016797835
SP3,ADvsCTL,0.144363811,0.309820153,0.490028005
OPCML,ADvsCTL,-0.55175137,0.065041942,0.169026666
CPEB4,ADvsCTL,-0.090777915,0.479226171,0.64697332
LPP,ADvsCTL,0.199063976,0.106748647,0.240653445
MTR,ADvsCTL,0.214517729,0.088372505,0.210554299
MIGA1,ADvsCTL,-0.103540364,0.36403603,0.541131987
KIAA1217,ADvsCTL,0.26350557,0.438097977,0.608347249
PCDH9,ADvsCTL,0.067446076,0.20081374,0.36890357
LRRC75A,ADvsCTL,-0.659003858,3.21e-05,0.000625365
ARAP1,ADvsCTL,0.092065687,0.646386641,0.781947378
LINGO2,ADvsCTL,-0.426797303,0.17740894,0.340930405
COL6A3,ADvsCTL,0.163695908,0.692338491,0.813833275
EIF4E2,ADvsCTL,-0.011798586,0.856485819,0.919961092
MZT2B,ADvsCTL,-0.04398932,0.694695935,0.814896911
SAMD12,ADvsCTL,-0.000271103,0.998166468,0.998721853
EPFP1,ADvsCTL,-0.069600597,0.156474964,0.312385349
PTMA,ADvsCTL,0.438565406,0.001917957,0.012518931
VAMP8,ADvsCTL,0.577626224,0.019065591,0.068058957
COQ10B,ADvsCTL,-0.439391551,1.71e-06,7.73e-05
USP39,ADvsCTL,-0.105617724,0.341397032,0.520627261
ASB1,ADvsCTL,-0.456892098,4.9e-05,0.000862184
COA5,ADvsCTL,0.162059579,0.489479005,0.654687985
RAB3GAP1,ADvsCTL,-0.247621154,2.28e-07,2.26e-05
TBC1D1,ADvsCTL,0.082366025,0.575225754,0.727042497
SYNPO2,ADvsCTL,-0.088465067,0.414668424,0.587841934
TOP1,ADvsCTL,0.004375956,0.947863543,0.971950179
SMARCD2,ADvsCTL,0.381496024,0.074317416,0.186129935
MPRIP,ADvsCTL,-0.116051013,0.204784566,0.37300972
MGA,ADvsCTL,0.323764133,0.262811246,0.440650304
ARVCF,ADvsCTL,0.174113312,0.031205455,0.098361453
HEATR5B,ADvsCTL,0.020231839,0.935578528,0.964957893
MED16,ADvsCTL,-0.076759926,0.668546577,0.79722406
RBM12B,ADvsCTL,0.01560203,0.877530273,0.930305457
APOB,ADvsCTL,0.15611047,0.487805916,0.653770814
ATG12,ADvsCTL,-0.142628366,0.099116979,0.228289602
WASH3P,ADvsCTL,0.219017141,0.00304698,0.017435899
SPG11,ADvsCTL,0.460621963,0.141228278,0.291158745
P2RX7,ADvsCTL,0.311503619,0.366272392,0.543079912
GSTP1,ADvsCTL,-1.762462738,0.151378921,0.305518681
MAP2K3,ADvsCTL,-0.008878421,0.984955939,0.990048641
SRGAP3:RAF1,ADvsCTL,0.060459869,0.467125754,0.63661151
MRPL2,ADvsCTL,-0.505156949,0.032847408,0.102193516
SSR1,ADvsCTL,-0.153015664,0.019757842,0.069688221
AJM1,ADvsCTL,-0.288755924,0.006373448,0.030240243
ACOX2,ADvsCTL,0.081600048,0.637650445,0.77515965
SRI,ADvsCTL,0.153225131,0.002789807,0.016461924
TUBA8,ADvsCTL,-0.188842403,0.016179908,0.06010831
ITIH5,ADvsCTL,-0.134904367,0.551475701,0.709321598
MKRN2,ADvsCTL,0.163181429,0.066154803,0.170862297
C2orf49,ADvsCTL,0.279963942,0.104816047,0.237686578
SLC22A23,ADvsCTL,-0.013154531,0.951170747,0.973363377
RPL37A,ADvsCTL,-0.422625798,0.011954838,0.048147339
PDCD10,ADvsCTL,-0.128039037,0.016625428,0.0613347
IGF1R,ADvsCTL,-0.056954573,0.686495283,0.80963446
RSRC1,ADvsCTL,0.041153367,0.712068135,0.828062296
SLC1A2,ADvsCTL,0.512885252,0.051420536,0.142640923
UBE2F,ADvsCTL,-0.031647001,0.645986404,0.78177931
SSR3,ADvsCTL,-0.169537384,0.152883034,0.307777123
CMTM5,ADvsCTL,0.225076677,0.147171101,0.299887176
SPCS1,ADvsCTL,-0.022629297,0.89164049,0.938754398
USF3,ADvsCTL,0.14520995,0.315015085,0.494954895
DRAP1,ADvsCTL,-0.20060133,0.182356815,0.347192316
FAIM,ADvsCTL,-0.184991593,0.68367496,0.807897813
CACNA2D2,ADvsCTL,-0.153422772,0.025574493,0.08475829
LRRTM1,ADvsCTL,0.104994798,0.432947494,0.60352545
PCYT1A,ADvsCTL,0.232630579,0.00161823,0.011075099
APOD,ADvsCTL,0.540800618,0.002946077,0.017103418
GPS1,ADvsCTL,-0.018037984,0.657249308,0.788895575
CYCS,ADvsCTL,-0.426687979,1.89e-06,8.05e-05
SYNJ1,ADvsCTL,-0.199294162,0.000539721,0.004977197
CD163,ADvsCTL,-0.007313058,0.972377991,0.983314339
GNB2,ADvsCTL,-0.373559887,0.386802362,0.561497443
MRPS34,ADvsCTL,-0.19858353,0.336090868,0.515568696
VPS8,ADvsCTL,-0.113874035,0.019774604,0.069688221
POLR2H,ADvsCTL,-0.077529464,0.36247407,0.539777654
FARP1,ADvsCTL,0.150862226,0.01160063,0.047396591
RPL24,ADvsCTL,-0.282682255,0.000115522,0.001616629
CCDC58,ADvsCTL,-0.090780581,0.420088983,0.592374056
STK11IP,ADvsCTL,-0.388739331,0.025128102,0.083595055
MDH1,ADvsCTL,-0.049063005,0.757975561,0.856831651
MOG,ADvsCTL,0.43626508,0.111477979,0.247717362
AP2M1,ADvsCTL,0.302012396,0.577322985,0.728924738
ADD2,ADvsCTL,0.02679107,0.899690118,0.943563577
SYPL1,ADvsCTL,0.067775226,0.830327814,0.904422322
RFC4,ADvsCTL,-0.032269,0.770452127,0.865482793
RPL35A,ADvsCTL,-0.228279275,0.001434234,0.010187888
RAPH1,ADvsCTL,-0.119889468,0.2101249,0.380616572
STAC2,ADvsCTL,0.048233026,0.775500852,0.868469193
YWHAZ,ADvsCTL,-0.061668106,0.228128528,0.40081302
OPRD1,ADvsCTL,-0.146472281,0.667257483,0.796346952
ACTA2,ADvsCTL,-0.081851553,0.240699077,0.415989539
HVCN1,ADvsCTL,0.787733901,0.024337243,0.081726325
ITGB5,ADvsCTL,0.356799414,0.040376691,0.118882333
SEC62,ADvsCTL,-0.101218725,0.12724691,0.270955306
EPHB3,ADvsCTL,-0.03846077,0.73204815,0.839678255
SPCS3,ADvsCTL,-0.054930528,0.795274225,0.881690428
WDSUB1,ADvsCTL,0.131734151,0.315297339,0.495178297
HEL-S-297,ADvsCTL,0.080334891,0.200071663,0.368573341
CAP1,ADvsCTL,0.114499127,0.009128889,0.039642374
hCG_27868,ADvsCTL,-0.21736169,0.08256422,0.20023076
LRP4,ADvsCTL,-0.024858642,0.86361344,0.923438602
PACSIN3,ADvsCTL,0.299360899,0.001198142,0.008857385
SAA1,ADvsCTL,-2.228214172,0.018538258,0.066639525
C9orf19,ADvsCTL,0.327802995,0.104214518,0.236620905
FLJ10357,ADvsCTL,0.313507422,0.062042567,0.163290226
NCAM2,ADvsCTL,0.12799811,0.008362732,0.037040104
COL18A1,ADvsCTL,-0.115539743,0.508788442,0.672124015
SLC19A1,ADvsCTL,0.146165942,0.578946722,0.730618573
DOCK5,ADvsCTL,0.446200513,0.0257951,0.085307658
KIF13B,ADvsCTL,0.201482124,0.135170044,0.281625515
PROSC,ADvsCTL,-0.003381786,0.962424474,0.978137867
FNTA,ADvsCTL,0.387726394,0.000689874,0.005893423
COL11A1,ADvsCTL,-0.013432906,0.975231246,0.984557344
MYO1C,ADvsCTL,-0.24688294,0.40477217,0.57860219
PPP1R9B,ADvsCTL,-0.327023969,0.000132997,0.001778159
COL1A1,ADvsCTL,-0.019892703,0.973195065,0.983593283
RNPS1,ADvsCTL,0.892419354,0.013039735,0.05139442
GLYR1,ADvsCTL,0.207048681,0.009071825,0.039499779
AFG3L2,ADvsCTL,-0.29353273,1.02e-06,5.73e-05
KIAA1609,ADvsCTL,-0.090584633,0.314017449,0.494177505
WNK1,ADvsCTL,0.21136239,0.004750585,0.024390407
IFI16,ADvsCTL,0.368078339,0.018380167,0.066203576
MINDY1,ADvsCTL,-0.318296596,0.197970449,0.366812644
ARHGEF2,ADvsCTL,-0.259953352,7.73e-06,0.000225895
NES,ADvsCTL,0.388405818,0.000904274,0.007227161
INPP4A,ADvsCTL,-0.077228343,0.160933327,0.318291044
MAEA,ADvsCTL,0.288662666,0.025122787,0.083595055
UBL7,ADvsCTL,-0.024657027,0.954673148,0.974867114
EEF1D,ADvsCTL,-0.059355302,0.159277751,0.315963835
CPSF1,ADvsCTL,-0.115108729,0.216742956,0.388205199
VBP1,ADvsCTL,-0.154585352,0.000758042,0.006338723
MPP3,ADvsCTL,0.064262259,0.49679304,0.661349719
HBG1,ADvsCTL,-0.779526028,0.066350733,0.171245361
IRAK1,ADvsCTL,-0.208366775,0.517661055,0.678992789
ANKRD54,ADvsCTL,-0.074923648,0.776156111,0.868803228
ACADS,ADvsCTL,-0.173002899,0.183560278,0.348745134
GSTCD,ADvsCTL,-0.209367471,0.3964954,0.570512385
MFSD10,ADvsCTL,0.016425297,0.958156784,0.975516171
PCDH1,ADvsCTL,-0.341340707,0.074485958,0.18635739
TMEM165,ADvsCTL,0.487264305,0.091962098,0.216215215
RELL1,ADvsCTL,0.610493657,3.85e-05,0.000721567
ZNF330,ADvsCTL,0.405662698,0.19072833,0.35745411
CTNND2,ADvsCTL,-0.213895325,0.051637953,0.143078503
HSD17B11,ADvsCTL,-0.196640126,0.269630203,0.448013409
JCHAIN,ADvsCTL,0.408499224,0.429390136,0.600661853
POLR1C,ADvsCTL,-0.043587442,0.648579878,0.78330277
PAIP1,ADvsCTL,0.196714891,0.030907051,0.097849657
CDC42SE2,ADvsCTL,0.461457772,0.117753547,0.256589295
SEPTIN11,ADvsCTL,-0.212440197,0.000173756,0.002173876
STX18,ADvsCTL,-0.220593507,0.022334313,0.076159683
COL12A1,ADvsCTL,0.094572735,0.824254468,0.899362983
CPLX1,ADvsCTL,-0.432032779,0.001177052,0.008728384
COMMD10,ADvsCTL,0.019932437,0.681701336,0.806493045
INPP4B,ADvsCTL,-0.041625236,0.566665828,0.720400725
SNX14,ADvsCTL,-0.073360949,0.629069284,0.769228322
SLC12A9,ADvsCTL,0.215935489,0.14378068,0.294731955
CIRBP,ADvsCTL,-0.312912015,0.142910641,0.293617892
hCG_22253,ADvsCTL,-0.174191352,0.087185014,0.208522488
RyR,ADvsCTL,-0.027986985,0.856321508,0.919961092
PEBP1,ADvsCTL,0.143370693,0.003568885,0.019716584
HBB,ADvsCTL,0.589095904,0.012979593,0.051203379
HBG1,ADvsCTL,-1.121402962,0.180189029,0.34461571
HBG2,ADvsCTL,-0.657439664,0.25619499,0.434483657
TPM1,ADvsCTL,-0.001355081,0.980558599,0.987422372
COL6A3,ADvsCTL,0.0392981,0.922340294,0.958035197
ROCK1,ADvsCTL,0.240329705,0.02178994,0.075064674
VTN,ADvsCTL,0.335609958,0.221319944,0.393269358
PRIC295,ADvsCTL,0.047966493,0.522479211,0.682935302
CLASP2,ADvsCTL,0.122025698,0.463614918,0.633386914
GLS2,ADvsCTL,-0.432660146,1.56e-05,0.00036095
GFM1,ADvsCTL,-0.10095006,0.126617192,0.270145805
NDUFV1,ADvsCTL,-0.397087541,1.28e-05,0.000319622
LRPPRC,ADvsCTL,-0.424569245,4.28e-06,0.000141745
NDUFS1,ADvsCTL,-0.417396606,1.58e-06,7.53e-05
SPAST,ADvsCTL,0.239101551,0.002052957,0.013137831
SUCLA2,ADvsCTL,-0.343294507,1.63e-06,7.53e-05
TSFM,ADvsCTL,-0.298768387,0.006785781,0.031612774
DGUOK,ADvsCTL,-0.165504066,0.113508438,0.250372951
TFAM,ADvsCTL,-0.218903135,0.000435412,0.004290302
UNG,ADvsCTL,0.393203001,0.163890613,0.321567153
CHCHD7,ADvsCTL,-0.310879907,0.070319781,0.179174702
NPM2,ADvsCTL,-0.234332214,0.421486415,0.593995255
RELL2,ADvsCTL,-0.380784976,0.131123095,0.276426854
EPHX2,ADvsCTL,-0.064307038,0.729422326,0.838745176
TATDN1,ADvsCTL,0.026683316,0.68463781,0.808740354
RWDD1,ADvsCTL,0.146586581,0.104052292,0.236391814
VXN,ADvsCTL,-0.26502891,0.703411141,0.8216363
DUSP26,ADvsCTL,0.190070888,0.55572974,0.711654624
ERLIN2,ADvsCTL,0.372767453,9.55e-05,0.001404066
ZMAT4,ADvsCTL,-0.552870726,0.026719048,0.08763799
ATOX1,ADvsCTL,0.125231396,0.273808457,0.452447561
TBCA,ADvsCTL,0.085003618,0.17726275,0.340894372
PIP4P2,ADvsCTL,0.145441474,0.48388427,0.650454038
PSD3,ADvsCTL,-0.337359099,0.000667883,0.005781082
MRPL13,ADvsCTL,-0.265937987,0.200570119,0.368792495
FABP5,ADvsCTL,0.280893824,0.009248824,0.0399672
PPP1R2,ADvsCTL,0.024366736,0.826446407,0.901247575
ADGRL3,ADvsCTL,-0.141530724,0.036655417,0.11132535
PRRC2C,ADvsCTL,0.150380578,0.015877887,0.059175978
NDUFV2,ADvsCTL,-0.399452597,1.11e-05,0.000291373
SNCA,ADvsCTL,-0.059939498,0.603424525,0.749513488
NAA50,ADvsCTL,0.159628714,0.028019442,0.090540812
EZR,ADvsCTL,0.24469812,0.000351265,0.00363821
ACIN1,ADvsCTL,0.185029224,0.001857456,0.012187474
HMGB3,ADvsCTL,-0.322313226,0.116806743,0.255299576
ERMP1,ADvsCTL,0.18458334,0.051235259,0.142291589
PTK2,ADvsCTL,-0.095139155,0.055271416,0.150163255
WDR17,ADvsCTL,-0.214685403,0.019164165,0.068275304
MRPL22,ADvsCTL,-0.200911247,0.27337358,0.452040496
ITGA2,ADvsCTL,0.433534173,0.064271275,0.167379898
MTA1,ADvsCTL,0.038526959,0.572250431,0.72481024
KCNQ3,ADvsCTL,0.225318947,0.358348068,0.536420912
SLCO2A1,ADvsCTL,0.293034814,0.415919768,0.588800301
ENPP2,ADvsCTL,0.493839025,0.349900566,0.528302848
AGAP1,ADvsCTL,-0.156647392,0.287776567,0.467052538
MAP2,ADvsCTL,0.556209397,0.032745812,0.102053999
GABRB2,ADvsCTL,-0.380820988,1.55e-05,0.000359136
CYFIP2,ADvsCTL,-0.150174335,0.001551221,0.010749455
PIEZO2,ADvsCTL,0.052268104,0.682717833,0.807297283
PRPF31,ADvsCTL,0.130037386,0.344526995,0.523044044
DGKI,ADvsCTL,-0.182615489,0.171403138,0.332408405
VPS35L,ADvsCTL,0.141314753,0.011764147,0.047592523
PCCB,ADvsCTL,-0.088425358,0.042972806,0.124221538
SERPINA1,ADvsCTL,-0.010380332,0.956173714,0.975516171
SERPING1,ADvsCTL,0.017636393,0.87228263,0.927591177
RACK1,ADvsCTL,-0.017455045,0.705958492,0.823246155
HADHA,ADvsCTL,0.211477715,0.004465182,0.023278716
SMPD1,ADvsCTL,0.124299197,0.489872729,0.65483266
NACA,ADvsCTL,-0.059765007,0.417048843,0.589821535
ARHGEF10,ADvsCTL,0.688247196,0.009425158,0.040426452
ALYREF,ADvsCTL,0.302249196,0.000432211,0.004264596
MAPK8IP1,ADvsCTL,0.320708551,0.0143655,0.055198206
LIMK1,ADvsCTL,-0.103135145,0.526071183,0.686408262
MARK2,ADvsCTL,-0.133643205,0.008270065,0.036697455
TMCC1,ADvsCTL,-0.140926323,0.259653852,0.43760313
OGDH,ADvsCTL,-0.352624901,2.21e-08,5.38e-06
GOSR1,ADvsCTL,-0.303140701,0.057114218,0.153693442
NNT,ADvsCTL,-0.603672834,0.130743494,0.276084675
SNAP91,ADvsCTL,-0.139107609,0.060377164,0.159784011
PIKFYVE,ADvsCTL,0.098991322,0.727519401,0.837425522
MRPS17,ADvsCTL,-0.18515076,0.381090204,0.557023492
ATP11A,ADvsCTL,0.061913608,0.737850859,0.844314544
NRP1,ADvsCTL,-0.828232883,0.014844187,0.056603632
HBD,ADvsCTL,-0.618932149,0.198603068,0.367147486
CUL9,ADvsCTL,-0.059860676,0.646617269,0.782094841
ABI2,ADvsCTL,-0.226998912,0.257727317,0.435725727
CAMK2D,ADvsCTL,-0.180845086,0.047723426,0.13456472
STXBP5L,ADvsCTL,-0.557147266,0.001383517,0.009931667
PCBP3,ADvsCTL,0.142550982,0.254259718,0.432423417
CEP97,ADvsCTL,-0.050305249,0.582865054,0.733604258
PPIG,ADvsCTL,-0.217734387,0.330660824,0.509630021
PTPRK,ADvsCTL,-0.024412048,0.764936739,0.86175138
MAP1A,ADvsCTL,-0.015656808,0.799311495,0.884377097
RPS6KA1,ADvsCTL,0.380949472,0.05214835,0.143827868
ABCG1,ADvsCTL,0.279446375,0.433468352,0.603900418
MSH2,ADvsCTL,0.077477465,0.603788581,0.749561449
MROH1,ADvsCTL,-0.193304602,0.001542439,0.01071958
MTCH2,ADvsCTL,-0.131319726,0.375715628,0.552267153
TP53I11,ADvsCTL,-0.27382811,0.393843767,0.568174532
NXF1,ADvsCTL,0.080529142,0.540169319,0.699197033
SOGA3,ADvsCTL,-0.18400628,0.000574643,0.005173225
CNIH2,ADvsCTL,-0.427601043,0.000958554,0.007534263
ZNF7,ADvsCTL,0.119650724,0.569299884,0.722472489
SCYL1,ADvsCTL,-0.066070438,0.202002359,0.370191388
RAB3IL1,ADvsCTL,0.265327139,0.362784601,0.540047523
PLEKHA7,ADvsCTL,0.594247716,8.04e-05,0.001240612
UBTF,ADvsCTL,0.155488749,0.115203968,0.252872183
CCDC90B,ADvsCTL,0.029107895,0.862567476,0.923143558
MOCS2,ADvsCTL,0.188544237,0.19039125,0.357194643
TTC9C,ADvsCTL,-0.211010527,0.219775594,0.391492285
RPL8,ADvsCTL,-0.212584669,0.006229341,0.029752758
NEDD8-MDP1,ADvsCTL,-0.051717498,0.265393917,0.443329876
NPEPPS,ADvsCTL,0.127490721,0.001215375,0.008948
L27a,ADvsCTL,-0.361218188,0.001608066,0.011037042
MDK,ADvsCTL,2.680434714,2.11e-11,5.05e-08
RNF141,ADvsCTL,-0.034168859,0.707034616,0.824262559
LAMTOR5,ADvsCTL,0.018205305,0.849722646,0.915938108
CLNS1A,ADvsCTL,0.169032017,0.141308936,0.291158745
ATP5MG,ADvsCTL,-0.235067889,0.013517496,0.052861572
TPD52L1,ADvsCTL,0.289604082,0.000996486,0.00771091
ILDR2,ADvsCTL,-0.137664424,0.324273125,0.50312696
GRINL1A,ADvsCTL,0.266448608,0.039655611,0.11728734
TATDN3,ADvsCTL,0.047502805,0.64106263,0.778386816
TUB,ADvsCTL,-0.052514211,0.644689597,0.780682067
KMT2A,ADvsCTL,0.879327232,0.081276085,0.197840568
FAU,ADvsCTL,-0.553204002,0.043281641,0.124856189
NR2F1,ADvsCTL,-0.004785981,0.983401376,0.988890284
RABGAP1L,ADvsCTL,-0.179864553,0.138806228,0.287071075
BLOC1S2,ADvsCTL,-0.04013718,0.798362182,0.883751796
CRABP1,ADvsCTL,0.229381562,0.559349597,0.714382395
NR2C2,ADvsCTL,-0.56071238,0.117113221,0.255813969
RPS6KA2,ADvsCTL,0.285552697,2.68e-06,0.000101637
XPO4,ADvsCTL,0.078489156,0.274480791,0.453350248
BPTF,ADvsCTL,0.117916664,0.44469552,0.61513363
DAD1,ADvsCTL,0.091880995,0.575515681,0.727281147
REXO2,ADvsCTL,0.017262269,0.80120786,0.885121314
SDHAF2,ADvsCTL,-0.386964233,0.026685249,0.087592596
ARL6IP4,ADvsCTL,-0.185341234,0.723507048,0.834271593
WASHC3,ADvsCTL,0.110180943,0.2987977,0.478770737
RAP1B,ADvsCTL,-0.112145143,0.616980306,0.758996002
ANAPC5,ADvsCTL,-0.342915351,0.267551632,0.445589
GNB3,ADvsCTL,0.019519063,0.95090529,0.973363377
SESN3,ADvsCTL,0.293929877,0.228226487,0.400887209
FEN1,ADvsCTL,0.395629065,0.046649391,0.132001994
TSG101,ADvsCTL,-0.027544356,0.625358344,0.765781846
FZD10,ADvsCTL,0.154365822,0.114625914,0.251910846
AP3S1,ADvsCTL,-0.272467522,0.008608875,0.037850634
GRIP1,ADvsCTL,-0.353614509,0.037745772,0.113704472
MAP3K4,ADvsCTL,-0.018801206,0.878571756,0.930738675
HEATR5A,ADvsCTL,0.370543796,0.14565965,0.297989152
MRPL48,ADvsCTL,-0.184682895,0.28884777,0.468051815
RPS6KC1,ADvsCTL,-0.087997834,0.383566493,0.558777481
DDX19A,ADvsCTL,0.040744143,0.552865478,0.710009173
DST,ADvsCTL,0.147333086,0.004350853,0.022793652
AP1S2,ADvsCTL,-0.163654596,0.035308739,0.107936998
SLC25A14,ADvsCTL,-0.489512689,7.76e-05,0.001215609
PPP3R1,ADvsCTL,-0.206022639,0.000499986,0.004744589
HYI,ADvsCTL,0.157551869,0.181366772,0.346188487
CAD,ADvsCTL,0.127552622,0.042320556,0.123056979
METAP2,ADvsCTL,0.008367131,0.89559882,0.941681379
AGAP2,ADvsCTL,-0.290359068,4.47e-05,0.000807945
PACS2,ADvsCTL,0.235663729,0.01983557,0.069768828
ARFGAP1,ADvsCTL,-0.215007944,0.001021129,0.007830471
SMARCC2,ADvsCTL,0.12871401,0.010565111,0.044323559
AAAS,ADvsCTL,-0.049105376,0.720145655,0.831600188
UNC13A,ADvsCTL,-0.367302236,2.08e-05,0.000445453
ATP5F1B,ADvsCTL,-0.141150635,0.578969257,0.730618573
CHPT1,ADvsCTL,0.157917146,0.457720813,0.627901
MYL6,ADvsCTL,-0.055408693,0.36084496,0.53838577
NAP1L1,ADvsCTL,-0.268808069,0.095210648,0.221347831
EML1,ADvsCTL,0.166436572,0.050072794,0.139602174
GOLIM4,ADvsCTL,0.371272953,0.08248883,0.200115398
CTSD,ADvsCTL,0.103819636,0.814559971,0.893841323
FAM162A,ADvsCTL,-0.236770283,0.00579364,0.028133389
VEZT,ADvsCTL,-0.34535905,0.147937808,0.300852885
TIA1,ADvsCTL,-0.066233755,0.471734372,0.640465334
TOMM5,ADvsCTL,-0.320401204,0.000111671,0.001575003
WNK2,ADvsCTL,-0.116688745,0.009251409,0.0399672
FGFR3,ADvsCTL,0.029518306,0.78169394,0.872551911
MAP4,ADvsCTL,-0.110991462,0.31930608,0.498647119
SDHAF3,ADvsCTL,-0.080759143,0.433179815,0.603615345
GRK6,ADvsCTL,0.490296693,0.016599391,0.061293336
CCDC93,ADvsCTL,0.036335753,0.462420861,0.632530588
CACNA1E,ADvsCTL,-0.120401488,0.121920066,0.26319659
CLASP1,ADvsCTL,-0.076727628,0.121159008,0.262025478
MTMR1,ADvsCTL,-0.121244306,0.006387663,0.03026776
SLC25A26,ADvsCTL,-0.248982493,0.048767554,0.13681163
EIF2A,ADvsCTL,-0.043382914,0.503601825,0.666864494
CTTNBP2,ADvsCTL,0.046893582,0.642990402,0.779674639
VAMP2,ADvsCTL,0.022818747,0.850164505,0.916002589
ARPC4-TTLL3,ADvsCTL,-0.10203654,0.024195549,0.08132644
C3orf33,ADvsCTL,0.230185522,0.241375481,0.416838267
STUM,ADvsCTL,-0.030772234,0.770228519,0.865482793
TRMT61B,ADvsCTL,0.019631949,0.920080213,0.956792969
STIM1,ADvsCTL,-0.027951952,0.619598187,0.761060409
HLA-B,ADvsCTL,-1.929830714,0.106760064,0.240653445
PDS5A,ADvsCTL,0.321341104,0.022224549,0.076124371
ATP6V1H,ADvsCTL,0.399624887,0.11372369,0.250617188
KBTBD3,ADvsCTL,-0.103630798,0.642715846,0.779527153
DPP3,ADvsCTL,-0.004466626,0.949340441,0.972867455
NUP160,ADvsCTL,0.1522104,0.34375101,0.522417287
ZNRD2,ADvsCTL,0.151604731,0.309835586,0.490028005
HBA2,ADvsCTL,0.573576948,0.079491051,0.194747661
BORCS5,ADvsCTL,0.190273608,0.004464151,0.023278716
DENND5B,ADvsCTL,-0.122623654,0.412909197,0.586041013
ZC3H14,ADvsCTL,0.124959339,0.261415139,0.439336238
ACYP1,ADvsCTL,-0.083502947,0.216546088,0.388205199
RNASE1,ADvsCTL,0.388617101,0.187768173,0.354492512
VIPAS39,ADvsCTL,-0.095918232,0.30535828,0.485831035
DDX24,ADvsCTL,0.232843283,0.080184529,0.195888483
ZFYVE1,ADvsCTL,-0.124396387,0.014604555,0.055900996
BCAS1,ADvsCTL,0.48405249,0.227885536,0.400777668
CLCN4,ADvsCTL,-0.013927935,0.885375825,0.935065055
SEPTIN5,ADvsCTL,-0.407707366,1.68e-05,0.000380228
LAMB1,ADvsCTL,-0.221788068,0.330257371,0.509226425
SLC29A2,ADvsCTL,-0.299114255,0.556428392,0.712168937
USP11,ADvsCTL,-0.20619918,0.004760137,0.024422016
DMWD,ADvsCTL,-0.357578868,0.000386878,0.003913947
SOS1,ADvsCTL,0.058368599,0.341559856,0.520627261
KIAA0921,ADvsCTL,-0.060824887,0.398435688,0.572337152
ARFGAP2,ADvsCTL,-0.179425384,0.001683536,0.011383603
KLC1,ADvsCTL,-0.095446635,0.534654324,0.69357896
MRPS22,ADvsCTL,-0.381296727,0.007124587,0.032792566
CPSF3,ADvsCTL,-0.022754815,0.936471988,0.965464098
CLPTM1L,ADvsCTL,0.000971488,0.996843351,0.998370123
CELF1,ADvsCTL,-0.05754923,0.411388712,0.584819035
SRGAP1,ADvsCTL,0.41539601,0.030944297,0.09786654
RAB15,ADvsCTL,-0.454673526,6.34e-05,0.001040731
HNRNPH1,ADvsCTL,0.028588976,0.520057159,0.680703904
ERC1,ADvsCTL,0.004744747,0.934574412,0.96447543
USE1,ADvsCTL,-0.014722434,0.855123843,0.919155836
BLOC1S1,ADvsCTL,0.148144232,0.022324125,0.076159683
CNK3/IPCEF1,ADvsCTL,-0.324153589,0.011234476,0.046282697
COX7A2,ADvsCTL,-0.368179664,5.57e-05,0.000952403
DOP1A,ADvsCTL,-0.040240427,0.831432611,0.905038555
HDDC2,ADvsCTL,-0.082669697,0.633982624,0.772397869
NCOA7,ADvsCTL,0.457150913,0.514004133,0.67615796
ZNFX1,ADvsCTL,0.184891736,0.223690545,0.395527554
NELFCD,ADvsCTL,0.303315918,0.278949642,0.457850161
APBA2BP,ADvsCTL,0.124310264,0.288189268,0.467528251
ACSS2,ADvsCTL,0.14555184,0.126939044,0.270540013
KLHL29,ADvsCTL,0.039758787,0.860144516,0.921923065
MPRIP,ADvsCTL,-0.27033804,0.000178984,0.002208285
KCNMA1,ADvsCTL,-0.260317439,0.000182955,0.002244856
RARS2,ADvsCTL,-0.142322884,0.367612775,0.544306029
IMPDH2,ADvsCTL,0.150318018,0.130083651,0.275041652
RABL6,ADvsCTL,-0.063463166,0.341500463,0.520627261
BCAS1,ADvsCTL,0.571287233,0.026439995,0.086960625
RPL36A,ADvsCTL,-0.906409937,0.0027158,0.016117778
UFM1,ADvsCTL,0.067362169,0.525154861,0.685849617
GOLGA4,ADvsCTL,0.065157119,0.293315971,0.473266438
ANK2,ADvsCTL,0.287296977,0.100298043,0.230419618
RAPGEF2,ADvsCTL,0.108347199,0.38153864,0.557126966
CAMK2D,ADvsCTL,-0.478465692,0.136838253,0.28389892
ANK3,ADvsCTL,-0.381220406,0.000146052,0.001903179
PCBD2,ADvsCTL,0.194314928,0.159935026,0.316866361
PCDH7,ADvsCTL,0.259914012,0.050720416,0.141134217
RRM2B,ADvsCTL,0.054990531,0.459380481,0.629514918
MTO1,ADvsCTL,-0.255192504,0.256705075,0.43467034
ASAP1,ADvsCTL,-0.178539801,0.238426704,0.412955281
SYT13,ADvsCTL,-0.250552761,0.115670642,0.253741668
RUFY2,ADvsCTL,-0.097102957,0.163181231,0.320963247
HOOK3,ADvsCTL,-0.303073608,0.025607684,0.084765794
PLEC,ADvsCTL,0.6866739,0.035704087,0.10882182
PICALM,ADvsCTL,0.22716039,0.10685821,0.240723803
PICALM,ADvsCTL,-1.058208312,0.007872376,0.035347068
DNAJB5,ADvsCTL,-0.12404812,0.427973035,0.600079929
CADPS,ADvsCTL,-0.304368296,0.021851373,0.075132372
ATXN2,ADvsCTL,-0.028129535,0.629728466,0.769546984
YARS2,ADvsCTL,-0.369040049,1.9e-05,0.000417093
IRAG1,ADvsCTL,0.258215275,0.009350774,0.040277558
RNF31,ADvsCTL,0.095378598,0.464495149,0.633987402
SHF,ADvsCTL,-0.036255303,0.921753632,0.957879904
CDC42BPB,ADvsCTL,-0.321142057,0.082681531,0.200380139
ANKRD17,ADvsCTL,0.00603942,0.937868221,0.966426187
ALDH1A2,ADvsCTL,0.51118107,0.283576838,0.462532471
TLN2,ADvsCTL,-0.202961717,0.332807373,0.512279784
ANP32A,ADvsCTL,0.216110322,0.001329248,0.009612747
EMC9,ADvsCTL,0.041840539,0.944726451,0.969942529
TYRO3,ADvsCTL,0.089247337,0.383085377,0.558365373
GCHFR,ADvsCTL,0.284648154,0.024892653,0.083087171
TMEM63B,ADvsCTL,-0.26414731,0.015779764,0.058871286
WWC1,ADvsCTL,-0.04044089,0.764463095,0.861473138
SPNS1,ADvsCTL,-0.392443336,0.533024522,0.692065954
PHLPPL,ADvsCTL,-0.266997648,0.363583405,0.540788964
ITGAX,ADvsCTL,0.979776898,4.71e-05,0.000842813
TBC1D24,ADvsCTL,-0.135391087,0.020985666,0.07280357
RAB40C,ADvsCTL,-0.116030391,0.334978052,0.514190594
COQ7,ADvsCTL,-0.186151079,0.084771698,0.204147412
TK2,ADvsCTL,0.059019781,0.525185554,0.685849617
TUBGCP4,ADvsCTL,-0.512875304,0.042630181,0.123744508
MACF1,ADvsCTL,0.043898062,0.146482404,0.299161821
TERF2,ADvsCTL,0.070822403,0.542421141,0.701732962
GFER,ADvsCTL,-0.079200033,0.631454349,0.770492135
ZFYVE19,ADvsCTL,-0.395971962,0.159649184,0.316480549
UBFD1,ADvsCTL,-0.08472477,0.215968615,0.387540794
ABAT,ADvsCTL,-0.114610739,0.103620893,0.235794079
TMEM178B,ADvsCTL,-0.056281024,0.719225309,0.831199815
CTU2,ADvsCTL,0.036166391,0.802713926,0.885896199
PML,ADvsCTL,0.17853324,0.027206457,0.088722525
TMEM231,ADvsCTL,0.229200665,0.471378312,0.640187549
STX16-NPEPL1,ADvsCTL,-0.029633975,0.582441843,0.733328478
NOL3,ADvsCTL,0.149058813,0.078570841,0.193701651
DKFZp686M0619,ADvsCTL,-0.237711555,0.02779488,0.090057914
KRT1,ADvsCTL,0.73787044,0.020798099,0.072424017
KRT1,ADvsCTL,0.781705065,0.29458953,0.474576145
ESYT2,ADvsCTL,-0.127376938,0.008173226,0.036402485
CSMD3,ADvsCTL,0.055243929,0.760716011,0.859000042
KALRN,ADvsCTL,-0.439984036,3.14e-06,0.00011302
MBP,ADvsCTL,1.369476561,0.003246362,0.018343349
NCAM1,ADvsCTL,-0.541480649,0.003550439,0.01964485
TSC22D4,ADvsCTL,-0.02091143,0.913270618,0.952327567
PDIA3,ADvsCTL,-0.058630942,0.511968657,0.674246164
RTN4R,ADvsCTL,-0.179759632,0.085647455,0.205628219
MFSD6,ADvsCTL,0.06766704,0.514666271,0.676781441
ACTN4,ADvsCTL,-0.537866723,0.000200137,0.002399313
AATK,ADvsCTL,-0.219830818,0.23535795,0.409513724
APOO,ADvsCTL,-0.364842844,9.49e-07,5.5e-05
PRMT1,ADvsCTL,-0.090692939,0.026067586,0.086011075
NAGK,ADvsCTL,0.335364328,2.05e-07,2.14e-05
ACAP2,ADvsCTL,-0.095535972,0.863828458,0.923526054
ERC2,ADvsCTL,-0.303071037,0.296365759,0.476370704
CADPS,ADvsCTL,-0.188880094,0.052214884,0.143956176
BRAF,ADvsCTL,-0.611470871,0.031050769,0.098088793
NDFIP2,ADvsCTL,-0.00326942,0.986411982,0.990958294
COPRS,ADvsCTL,0.425275106,0.002863278,0.016797835
SHANK1,ADvsCTL,-0.098926129,0.343093198,0.521748281
GABBR2,ADvsCTL,-0.362205405,0.000258207,0.00289296
RGS20,ADvsCTL,0.052607395,0.717841457,0.830534599
TXN,ADvsCTL,-0.043652728,0.32663143,0.505187867
KRAS,ADvsCTL,-0.243820159,6.21e-07,4.09e-05
SEC22B,ADvsCTL,-0.140926595,0.193749382,0.361514736
NSF,ADvsCTL,-0.148564383,0.013648514,0.053210709
SPAG7,ADvsCTL,-0.113057481,0.475216713,0.643585288
CLUH,ADvsCTL,-0.293259766,0.225903894,0.397973723
CIC,ADvsCTL,0.448496955,0.133335773,0.279372041
EPN2,ADvsCTL,0.211640408,0.361296324,0.538723975
ATPAF1,ADvsCTL,-0.112699012,0.069249483,0.176949034
ACTG1,ADvsCTL,-0.74205946,0.077487235,0.19176081
ND5,ADvsCTL,-0.324066223,0.133757594,0.279648757
MIF,ADvsCTL,0.086647181,0.189440942,0.356224854
C6orf57,ADvsCTL,-0.390175081,0.003198479,0.018129758
WWC3,ADvsCTL,0.495064424,0.235072441,0.409512248
ASPHD1,ADvsCTL,0.138781027,0.86175602,0.922549643
ZNF428,ADvsCTL,0.265501886,0.034716171,0.106574993
FAM98A,ADvsCTL,0.109186949,0.253972749,0.432180265
EPN3,ADvsCTL,0.234838718,0.161017086,0.31836061
PSMD9,ADvsCTL,0.256217632,0.000909324,0.007259457
AKAP7,ADvsCTL,0.093350622,0.547941001,0.706373854
TPM3,ADvsCTL,0.331838155,0.386854306,0.561497443
GTF2A1,ADvsCTL,0.207350845,0.105940191,0.239480765
CCS,ADvsCTL,0.076734273,0.255175084,0.433815736
RGMB,ADvsCTL,-0.34711358,0.022561372,0.076657511
CYB5B,ADvsCTL,-0.074610256,0.173006303,0.334795355
SEC16A,ADvsCTL,-0.212367047,0.080491244,0.196262211
PARVA,ADvsCTL,0.338839526,0.000133795,0.001785502
AGTPBP1,ADvsCTL,0.180970876,0.053587954,0.147009211
ITGA7,ADvsCTL,0.57879191,8.51e-07,5.06e-05
PHACTR2,ADvsCTL,0.030362094,0.86139918,0.922549643
ARL13A,ADvsCTL,0.537120975,0.388914987,0.563550666
SIK3,ADvsCTL,-0.016518861,0.78383387,0.873720289
HECTD4,ADvsCTL,-0.030298556,0.509400188,0.672403061
APBB1,ADvsCTL,-0.173846997,0.015161929,0.057325707
DNAJB12,ADvsCTL,-0.153993996,0.002534262,0.015409082
OLA1,ADvsCTL,0.002020983,0.965448192,0.979417839
SYT1,ADvsCTL,-0.874624469,0.00374079,0.020430903
SLC25A36,ADvsCTL,-0.263697835,0.000372175,0.003808048
MTUS2,ADvsCTL,-0.066850731,0.641857783,0.778957825
CEP170B,ADvsCTL,-0.313340763,1.41e-05,0.000336849
CCDC12,ADvsCTL,0.901542255,0.055570602,0.150666921
OTUB1,ADvsCTL,-0.193339209,0.000352542,0.00363821
TBCD,ADvsCTL,0.005230388,0.934021288,0.964319667
SMG1,ADvsCTL,-0.10438024,0.266696633,0.444782955
CDH8,ADvsCTL,-0.447021787,0.000481606,0.004637471
SLC39A11,ADvsCTL,-0.346920881,0.390423021,0.564939206
MRPL58,ADvsCTL,-0.239622347,0.059191731,0.15777007
MSL1,ADvsCTL,0.110385546,0.432830336,0.603479086
SRSF1,ADvsCTL,0.02265685,0.756426333,0.856287534
CHERP,ADvsCTL,0.13609469,0.044350183,0.127197315
SCO1,ADvsCTL,-0.305333185,0.003941311,0.021251762
SCRN2,ADvsCTL,0.099072808,0.475965795,0.644385839
FLOT2,ADvsCTL,0.198090793,0.666516967,0.795991457
SNRPD1,ADvsCTL,0.08324733,0.458756049,0.628898849
STARD3,ADvsCTL,-0.355220205,0.179380423,0.343617412
ALDH3A2,ADvsCTL,0.266287097,0.000152551,0.001973558
ZNF207,ADvsCTL,0.419051522,0.007317503,0.033375567
CHCHD6,ADvsCTL,-0.322856852,2.86e-05,0.000572241
C17orf75,ADvsCTL,-0.20937013,0.001472423,0.010363149
EIF3A,ADvsCTL,0.0429982,0.182332263,0.347192316
CUL4B,ADvsCTL,0.038158407,0.345363597,0.523982357
CLUH,ADvsCTL,-0.070478958,0.230224025,0.403902783
KATNAL2,ADvsCTL,0.125948535,0.002606698,0.015683266
NUDT16L1,ADvsCTL,0.15746876,0.108987064,0.244371557
ACTN4,ADvsCTL,-0.351784188,0.000768496,0.006396585
SYT5,ADvsCTL,-0.063772,0.781474141,0.872441952
GFAP,ADvsCTL,2.234167839,5.86e-05,0.000990229
FAM210A,ADvsCTL,-0.470519951,0.000681201,0.005867953
SLC7A10,ADvsCTL,0.572062922,0.150771088,0.304548284
GFAP,ADvsCTL,1.45144518,1.49e-05,0.000347016
FXYD7,ADvsCTL,-0.222108292,0.088319564,0.210497888
OLFM2,ADvsCTL,-0.480727559,1.29e-06,6.49e-05
EIF3G,ADvsCTL,-0.053101716,0.525831461,0.686353196
RPS15,ADvsCTL,-0.359318563,4.33e-05,0.000789376
TLE5,ADvsCTL,-0.378456961,0.001984904,0.012837799
EIF1,ADvsCTL,-0.00103894,0.990272419,0.993677976
PURG,ADvsCTL,-0.265781329,0.015367731,0.057844107
TRMT11,ADvsCTL,-0.33471018,0.018617422,0.066724025
RBM42,ADvsCTL,0.194908554,0.070773375,0.180011628
C19orf12,ADvsCTL,0.01449375,0.930829245,0.96301335
KIAA0100,ADvsCTL,-0.152762043,0.223340632,0.395199604
NSF,ADvsCTL,-0.402707638,0.044612567,0.127544494
FXYD1,ADvsCTL,0.151479148,0.321989143,0.50130644
DCAKD,ADvsCTL,-0.099264507,0.649952685,0.784151235
COX2,ADvsCTL,-0.856432669,0.293086655,0.473108687
HSP90AA1,ADvsCTL,0.051956313,0.466081677,0.635549858
TMEM70,ADvsCTL,-0.322959274,6.06e-05,0.001016923
ASDURF,ADvsCTL,0.295319897,0.01217847,0.048802179
EDARADD,ADvsCTL,0.408167929,0.291099628,0.470539061
PIK3C2A,ADvsCTL,0.031542949,0.7901374,0.87821866
PRKCA,ADvsCTL,0.054199191,0.204263365,0.372532045
MAPK3,ADvsCTL,0.333809887,6.17e-06,0.000188125
APP,ADvsCTL,3.449168622,8.6e-05,0.001305005
SARS2,ADvsCTL,-0.323423907,0.00019569,0.002369697
FBL,ADvsCTL,0.171490446,0.011351889,0.046553101
HOMER3,ADvsCTL,0.275015849,0.080440603,0.196205242
GMFG,ADvsCTL,-0.005551943,0.977274418,0.985612427
GMFG,ADvsCTL,0.086367114,0.246647536,0.423327923
TUBB4A,ADvsCTL,-0.887470982,0.002662801,0.015900932
RPL13A,ADvsCTL,-0.083504903,0.308886531,0.489064674
AP2S1,ADvsCTL,-0.263710239,0.000212536,0.002500259
GRAMD1A,ADvsCTL,0.023515554,0.870110074,0.926451499
SLC1A6,ADvsCTL,0.391456062,0.02152049,0.07435009
STXBP2,ADvsCTL,0.58320054,0.006990437,0.032377473
GOLGA7B,ADvsCTL,-0.033396298,0.74486158,0.850172857
CLPP,ADvsCTL,0.022673555,0.834570398,0.906533505
RPS16,ADvsCTL,-0.14727701,0.011616876,0.047396591
EMC10,ADvsCTL,-0.347875994,0.009902205,0.042096075
YJU2,ADvsCTL,0.406009066,0.039526105,0.117023815
RABAC1,ADvsCTL,0.018846758,0.922057619,0.957879904
OLFML3,ADvsCTL,0.978096337,0.011917732,0.048059205
SDC4-ROS1_S4;R34,ADvsCTL,0.941170582,0.000105791,0.00150983
PIEZO1,ADvsCTL,-0.324893583,0.311428301,0.491136655
PRKN,ADvsCTL,-0.119074701,0.055511066,0.150619049
CSNK2B,ADvsCTL,-0.11095542,0.025756712,0.085219883
AGPS,ADvsCTL,0.051737787,0.311018137,0.490819101
PDLIM1,ADvsCTL,0.000788704,0.997557826,0.998721853
MYO1C,ADvsCTL,-0.014821199,0.899587917,0.943563577
GTPBP1,ADvsCTL,-0.036906072,0.584592852,0.735392862
STXBP3,ADvsCTL,0.322472548,0.000358575,0.003689887
C11orf58,ADvsCTL,0.519506363,0.005008283,0.02536628
RAB27B,ADvsCTL,0.129145992,0.355561111,0.534046997
NDUFS8,ADvsCTL,-0.424100454,1.16e-06,6.22e-05
PSMD11,ADvsCTL,-0.066580664,0.065812776,0.170336841
PGRMC1,ADvsCTL,0.072083483,0.24481288,0.421680807
HIP1,ADvsCTL,0.320074248,0.037414492,0.112981714
CLIC1,ADvsCTL,0.352461411,0.002162734,0.013598379
PDHX,ADvsCTL,-0.344269085,1.84e-06,7.92e-05
DCTN6,ADvsCTL,-0.110937418,0.225199773,0.397219707
SLC33A1,ADvsCTL,0.987669831,0.095187206,0.221347831
WASL,ADvsCTL,-0.121497928,0.075830309,0.188736129
PDE2A,ADvsCTL,-0.233314829,0.018446134,0.066341519
SAP18,ADvsCTL,0.135429721,0.035343214,0.107950632
GFRA2,ADvsCTL,-0.464870107,2.46e-06,9.57e-05
AGRN,ADvsCTL,0.138240018,0.011052496,0.045742579
FAAH,ADvsCTL,-0.168802791,0.264080526,0.442059862
CHL1,ADvsCTL,-0.172755493,0.0029339,0.01704648
KPNA4,ADvsCTL,0.172173513,0.002506998,0.015269124
PDXK,ADvsCTL,-0.037761212,0.366331674,0.543079912
PLPP3,ADvsCTL,0.153744478,0.070107859,0.178698026
ADGRB1,ADvsCTL,-0.272752359,0.004316977,0.022682261
C2CD2L,ADvsCTL,-0.26793243,6.75e-06,0.000201551
TXNDC9,ADvsCTL,-0.395719583,0.005524896,0.027219571
DPYSL4,ADvsCTL,-0.151747005,0.017343239,0.063506343
COX7A2L,ADvsCTL,-0.380105599,9.2e-06,0.000254435
NDUFAB1,ADvsCTL,-0.396553706,4.63e-06,0.000150164
DYNC1I1,ADvsCTL,-0.166682856,0.005718531,0.027905966
CIT,ADvsCTL,-0.248247188,0.002896921,0.016886188
AP3D1,ADvsCTL,-0.328529479,4.09e-07,3.16e-05
ABLIM1,ADvsCTL,0.316798361,6.62e-05,0.001074951
DVL1,ADvsCTL,-0.192502227,0.373759091,0.550686019
TOR1B,ADvsCTL,0.099340917,0.368796802,0.545385567
ENC1,ADvsCTL,-0.113157072,0.750487253,0.853479021
MAP2K7,ADvsCTL,-0.125394062,0.548134094,0.706373854
PTE1,ADvsCTL,-0.068850966,0.251843334,0.429267559
PDCD5,ADvsCTL,-0.042952369,0.468946085,0.638366615
SLC9A3R1,ADvsCTL,0.333902314,5.45e-06,0.00017117
TCERG1,ADvsCTL,0.0268227,0.603236141,0.749408906
MRAS,ADvsCTL,0.086998453,0.24617806,0.4230193
RASGRF2,ADvsCTL,-0.110249677,0.176348138,0.339530476
SCAMP3,ADvsCTL,0.048660742,0.596801228,0.745225752
IFIT3,ADvsCTL,0.190612191,0.426699188,0.598994391
TAX1BP3,ADvsCTL,0.612709628,0.015796324,0.058902517
LIN7A,ADvsCTL,-0.25352056,0.002063105,0.01317222
PCDH17,ADvsCTL,0.039194697,0.774928348,0.868098365
RGS12,ADvsCTL,-0.265369815,0.010099794,0.042734012
TIMM23,ADvsCTL,-0.100855012,0.116345105,0.254699941
UBE2L6,ADvsCTL,0.064668,0.77710323,0.869451476
PLD2,ADvsCTL,0.043419814,0.8128584,0.892518772
UQCRQ,ADvsCTL,-0.441043918,6.03e-08,9.18e-06
UQCR11,ADvsCTL,-0.5532798,1.97e-08,5.38e-06
RAB29,ADvsCTL,0.293143573,0.00298979,0.01721822
VPS26C,ADvsCTL,0.091339273,0.22856984,0.401294328
GAK,ADvsCTL,-0.102830321,0.005642132,0.027645677
HNRNPDL,ADvsCTL,-0.481944057,0.298447773,0.478573055
XPO1,ADvsCTL,0.0059968,0.885967461,0.935065055
PIP5K1B,ADvsCTL,-0.055700603,0.663011645,0.793122029
SPTBN2,ADvsCTL,-0.165416585,0.005280172,0.02632439
PLXNB2,ADvsCTL,0.151760668,0.006431414,0.030414965
RIMBP2,ADvsCTL,-0.319172299,0.003930818,0.021242957
TECPR2,ADvsCTL,-0.225979206,0.02325019,0.078663506
U2SURP,ADvsCTL,-0.078424435,0.518134808,0.679479248
SYNJ2,ADvsCTL,0.047046299,0.778742873,0.870338329
SYNM,ADvsCTL,0.603438543,7.87e-05,0.001228281
KIF3B,ADvsCTL,-0.093084574,0.058596617,0.156627821
MCF2L,ADvsCTL,-0.073343521,0.437287085,0.60778547
NACAD,ADvsCTL,-0.006396526,0.930886235,0.96301335
SNPH,ADvsCTL,-0.180854579,0.0026077,0.015683266
ERC2,ADvsCTL,-0.335337785,0.000769226,0.006396585
ARHGEF11,ADvsCTL,-0.118809032,0.103232018,0.235145415
SCAMP1,ADvsCTL,-0.148912979,0.038276894,0.11486262
ARPC2,ADvsCTL,-0.066717254,0.162437228,0.320097644
PGRMC2,ADvsCTL,0.003492913,0.955713572,0.975516171
PFDN6,ADvsCTL,-0.109623325,0.011197897,0.046184903
LAMA5,ADvsCTL,0.007373762,0.961411391,0.977892164
VGF,ADvsCTL,-1.238105683,2.59e-07,2.42e-05
CLIC2,ADvsCTL,-0.070624104,0.710132555,0.826534542
RER1,ADvsCTL,-0.068113806,0.525332884,0.685917487
SURF4,ADvsCTL,-0.299699714,0.008590885,0.037817771
GPR37,ADvsCTL,0.94817933,0.013209576,0.051836597
INPPL1,ADvsCTL,0.565146793,0.001465407,0.010344133
EIF3D,ADvsCTL,0.087353413,0.102966905,0.235049492
STX7,ADvsCTL,0.061938317,0.189657838,0.356224854
ABCC4,ADvsCTL,0.074693045,0.704916981,0.822460315
ARPC5,ADvsCTL,0.11496643,0.07536911,0.187913348
PDPK1,ADvsCTL,-0.043446952,0.334771279,0.514092616
FABP7,ADvsCTL,0.501617539,5.35e-06,0.000170106
HLA-Bw62.3,ADvsCTL,0.244675584,0.090962738,0.214869178
DHX15,ADvsCTL,0.194753221,0.001695551,0.011440996
SGSM2,ADvsCTL,0.655696892,0.434040199,0.604462953
ZZEF1,ADvsCTL,-0.065114469,0.247809602,0.424403445
ASAP2,ADvsCTL,-0.174654493,0.049363409,0.138159922
TTI1,ADvsCTL,-0.007512828,0.946311669,0.97060029
PLXNB1,ADvsCTL,0.405678748,2.05e-05,0.000440932
PJA2,ADvsCTL,-0.257629094,0.352168491,0.530393004
PHGDH,ADvsCTL,0.621182711,2.09e-07,2.15e-05
SEPTIN4,ADvsCTL,0.138179658,0.192055398,0.359267558
PSMD3,ADvsCTL,-0.038775946,0.200299591,0.368668107
RBFOX2,ADvsCTL,-0.403928484,8.82e-06,0.000247317
PAPSS1,ADvsCTL,0.122390253,0.351982836,0.530393004
hRED1,ADvsCTL,0.165907376,0.487473214,0.653770814
MAP3K13,ADvsCTL,-0.608046272,0.001299381,0.0094504
SART1,ADvsCTL,-0.029502285,0.746487099,0.850678344
SRGAP3,ADvsCTL,-0.189248992,0.000650143,0.005675336
LRRTM2,ADvsCTL,-0.073351995,0.512562094,0.674754601
HSPA12A,ADvsCTL,-0.110787028,0.027616048,0.089680465
EEF1E1,ADvsCTL,-0.162142012,0.013676759,0.053260679
MSI1,ADvsCTL,0.10766439,0.294438428,0.474438981
TPD52L2,ADvsCTL,0.140790026,0.042868265,0.124199578
EMC8,ADvsCTL,-0.190932265,0.02558185,0.08475829
GRID2,ADvsCTL,0.421568343,0.332968503,0.512418152
PPIH,ADvsCTL,0.046418872,0.670155825,0.798047814
HTRA2,ADvsCTL,-0.354199079,4.6e-06,0.000150164
AKR7A2,ADvsCTL,0.293691363,0.001990106,0.012839959
EPB41L2,ADvsCTL,0.409075266,0.000163007,0.00209751
LAMTOR5,ADvsCTL,0.096061258,0.8548013,0.919071113
FOXO3,ADvsCTL,-0.000479955,0.998093202,0.998721853
KCNQ2,ADvsCTL,-0.29987266,0.00649974,0.030617307
SYT7,ADvsCTL,-0.346260587,0.000130654,0.001763215
DNPH1,ADvsCTL,0.245300235,0.001680463,0.011383603
TRAPPC3,ADvsCTL,-0.00693827,0.878620585,0.930738675
PLRG1,ADvsCTL,0.24057116,0.008860404,0.038701212
RGS10,ADvsCTL,0.203736812,0.147489527,0.300450911
NDUFC1,ADvsCTL,-0.5261366,0.001152742,0.00860132
NDUFA2,ADvsCTL,-0.410790787,6.02e-07,4.02e-05
TRIAP1,ADvsCTL,0.027788011,0.882507156,0.932824977
GATC,ADvsCTL,-0.131879355,0.306952517,0.486942875
HTATSF1,ADvsCTL,0.124492511,0.008205529,0.036471115
PRKAB2,ADvsCTL,0.087226923,0.27235401,0.451184337
STX6,ADvsCTL,0.141064599,0.43185977,0.60259308
SYNGR3,ADvsCTL,-0.199608993,0.085330664,0.205072992
SGTA,ADvsCTL,0.009446813,0.892398477,0.939414934
SLC25A20,ADvsCTL,-0.011532437,0.867656806,0.925560641
NARS1,ADvsCTL,-0.049530381,0.350611446,0.529043032
STRN,ADvsCTL,-0.041523762,0.416313178,0.589128604
RRP9,ADvsCTL,0.090402984,0.730596723,0.839416226
SCO2,ADvsCTL,0.042968982,0.635714029,0.774113935
AKAP8,ADvsCTL,-0.167003785,0.443267275,0.61386629
PDE4C,ADvsCTL,-0.617152878,0.020424368,0.071247565
EDIL3,ADvsCTL,0.137296324,0.425684742,0.597920396
CD5L,ADvsCTL,-0.346117089,0.326155695,0.505040619
KIF1C,ADvsCTL,0.375293624,0.175747,0.339017499
NDUFS5,ADvsCTL,-0.373567555,0.000219922,0.002549431
PDE6D,ADvsCTL,0.044668199,0.516008505,0.677802991
TIMM8A,ADvsCTL,-0.269550356,0.011112439,0.045937801
PCDH7,ADvsCTL,-0.141504719,0.079467942,0.194747661
GNG7,ADvsCTL,-0.043691351,0.501024031,0.664969895
KIAA0513,ADvsCTL,-0.335839135,8.98e-05,0.001345641
KIF5C,ADvsCTL,-0.181956264,1.21e-05,0.000306928
LZTS3,ADvsCTL,-0.204371828,0.011634726,0.047415629
MAST3,ADvsCTL,-0.190913658,0.014910642,0.056777262
OPA1,ADvsCTL,-0.253166748,3.28e-05,0.000638194
PIP5K1C,ADvsCTL,-0.250705732,2.02e-05,0.000437921
KDM1A,ADvsCTL,-0.141620285,0.250051035,0.427732959
TBC1D4,ADvsCTL,0.036274931,0.64574061,0.781691721
PHLPP1,ADvsCTL,0.193354102,0.476224395,0.644493334
BRINP1,ADvsCTL,-0.418024255,2.87e-05,0.000573802
PLXNC1,ADvsCTL,-0.309939976,0.005011189,0.02536628
ACSL4,ADvsCTL,-0.215755783,0.002720078,0.016129862
SNX3,ADvsCTL,-0.003866451,0.959776975,0.976654914
OGA,ADvsCTL,-0.094454705,0.172047056,0.333418964
ADCY9,ADvsCTL,-0.095139553,0.213854231,0.385121319
RANBP6,ADvsCTL,-0.138544451,0.011295716,0.04642862
NEMF,ADvsCTL,-0.081108374,0.416702462,0.589563495
GMDS,ADvsCTL,0.031846921,0.530516164,0.690120225
PLOD3,ADvsCTL,0.297842914,0.132451637,0.278249014
PDE8A,ADvsCTL,0.484519684,0.077977415,0.192746235
UGDH,ADvsCTL,0.627034293,0.02197576,0.075476948
CTNND1,ADvsCTL,-0.140721984,0.012229221,0.048923686
HCN1,ADvsCTL,-0.33456748,0.000102125,0.001464089
SNX2,ADvsCTL,0.051987195,0.19963312,0.36828957
TOM1,ADvsCTL,-0.073582011,0.202288878,0.370191388
PFKFB2,ADvsCTL,0.182958838,0.034493645,0.106076437
TIMM17B,ADvsCTL,-0.881803606,0.015460182,0.058131253
DKC1,ADvsCTL,0.141148701,0.057612363,0.154283592
GAS7,ADvsCTL,-0.349017817,5.44e-06,0.00017117
EDF1,ADvsCTL,0.114476931,0.079746984,0.19517525
GPR37L1,ADvsCTL,0.114022119,0.172063283,0.333418964
CUTA,ADvsCTL,0.079749602,0.107033072,0.241042231
OPHN1,ADvsCTL,0.050977831,0.557850264,0.713236067
PFDN1,ADvsCTL,-0.04762312,0.245592761,0.422620995
SCN2B,ADvsCTL,-0.248413104,0.000620132,0.005446412
KIF21B,ADvsCTL,-0.199382707,0.048427587,0.136070171
PLCH2,ADvsCTL,-0.204390398,0.094731187,0.220947284
PLXNA2,ADvsCTL,-0.251614346,0.000191623,0.002331037
IGSF3,ADvsCTL,-0.384044665,0.022191016,0.076074866
DENND4B,ADvsCTL,-0.087261493,0.18403767,0.349004729
WDR1,ADvsCTL,0.173555592,0.004576566,0.023717029
SLIT1,ADvsCTL,0.042497744,0.683480758,0.807867663
N4BP1,ADvsCTL,0.1286075,0.141196008,0.291158745
ROCK2,ADvsCTL,-0.218935129,4.32e-07,3.26e-05
COBL,ADvsCTL,0.011467891,0.897580586,0.942688706
ASTN2,ADvsCTL,-0.257893626,0.177295405,0.340894372
DEPDC5,ADvsCTL,-0.144848177,0.453881397,0.624477599
PPFIA3,ADvsCTL,-0.286636346,1.22e-05,0.000308275
HIP1R,ADvsCTL,0.18775529,0.000856458,0.006929697
CAND2,ADvsCTL,-0.132224278,0.196557612,0.365238673
TSC22D2,ADvsCTL,-0.246483929,0.000577403,0.00518509
DNAJC13,ADvsCTL,-0.038525483,0.506800669,0.669867184
PPP6R2,ADvsCTL,-0.148602691,0.001488773,0.010419393
SIN3B,ADvsCTL,0.044253699,0.80884413,0.889877
DNAJB6,ADvsCTL,-0.199733678,0.009356847,0.040277558
NDUFS2,ADvsCTL,-0.477006369,5.57e-06,0.000172813
USP12,ADvsCTL,-0.479076068,0.20271543,0.370648727
NIPSNAP2,ADvsCTL,-0.151621063,0.006829111,0.031773477
SNN,ADvsCTL,0.442120642,0.004419226,0.023101373
SEMA7A,ADvsCTL,-0.054072502,0.603879966,0.749561449
PPFIA4,ADvsCTL,-0.255886375,0.000219245,0.0025477
PDCD6,ADvsCTL,-0.057850051,0.406715801,0.580332406
ENTPD3,ADvsCTL,-0.089301039,0.756944184,0.856488833
PTP4A3,ADvsCTL,-0.538643545,0.007239597,0.033168423
MACROH2A1,ADvsCTL,0.025425655,0.631647669,0.770591119
SH3BGRL,ADvsCTL,0.236748295,0.000776359,0.006441002
FLNB,ADvsCTL,0.490163123,1.76e-05,0.000395631
VAMP4,ADvsCTL,0.162344967,0.635482425,0.773962933
NDUFS6,ADvsCTL,-0.39490638,4.1e-06,0.000137821
PEX14,ADvsCTL,-0.12142841,0.131031587,0.276314924
ULK1,ADvsCTL,-0.276632419,0.126666928,0.270145805
SEC22B,ADvsCTL,0.002647997,0.951887611,0.973746191
PRPF40A,ADvsCTL,-0.082609815,0.190032313,0.356707314
TACC1,ADvsCTL,0.01015038,0.855135667,0.919155836
GIGYF1,ADvsCTL,-0.052446967,0.823509888,0.899013405
MTX2,ADvsCTL,-0.231676661,0.000689677,0.005893423
VPS26A,ADvsCTL,0.076605566,0.060045488,0.159257816
PSIP1,ADvsCTL,0.069100676,0.32665491,0.505187867
GPC4,ADvsCTL,0.277741606,0.121038902,0.261844457
NDUFS3,ADvsCTL,-0.479270036,2.38e-07,2.31e-05
HSBP1,ADvsCTL,-0.003070674,0.956872209,0.975516171
CLDN11,ADvsCTL,0.508571422,0.103886099,0.236253781
KHDRBS3,ADvsCTL,-0.068226852,0.401401371,0.575614047
SF3B1,ADvsCTL,0.057651791,0.316477903,0.49562934
DAB1,ADvsCTL,-0.063567974,0.779643056,0.870854938
PRKRA,ADvsCTL,-0.170965056,0.020199983,0.070704855
RPS6KA5,ADvsCTL,0.579289293,6.34e-05,0.001040731
MYCBP2,ADvsCTL,-0.116622038,0.060258323,0.159645717
GCAT,ADvsCTL,-0.011715133,0.971350526,0.983313014
SNRNP200,ADvsCTL,0.103262784,0.051060439,0.141915664
TIPRL,ADvsCTL,-0.048728402,0.415705569,0.588800301
ADAP1,ADvsCTL,-0.090349982,0.189069604,0.356108317
CBR3,ADvsCTL,0.330661258,0.014976915,0.056909111
PSMD10,ADvsCTL,0.107957302,0.050904313,0.141536421
AP1G2,ADvsCTL,0.164101021,0.509977239,0.672459447
ZMPSTE24,ADvsCTL,-0.026311055,0.599497888,0.746806881
PPP1R37,ADvsCTL,-0.444264956,0.00719069,0.033028501
IDH1,ADvsCTL,0.287672399,4.71e-06,0.000151146
GATB,ADvsCTL,-0.400666134,0.036687261,0.111333232
CYP7B1,ADvsCTL,-0.423049992,0.132975118,0.27894139
RBBP9,ADvsCTL,0.20576736,0.063947288,0.166715105
STAM2,ADvsCTL,-0.006280068,0.86193023,0.922598831
ALDH1L1,ADvsCTL,0.461277776,4.84e-07,3.55e-05
TUSC2,ADvsCTL,-0.350942564,0.019818826,0.069768828
DGAT1,ADvsCTL,-0.104108004,0.525857426,0.686353196
DCTN3,ADvsCTL,-0.141676987,0.202265167,0.370191388
DNAJC8,ADvsCTL,0.147601556,0.016295592,0.060419686
SMNDC1,ADvsCTL,0.177845005,0.190119643,0.356778134
ACON,ADvsCTL,-0.129271333,0.216684118,0.388205199
ATP5PD,ADvsCTL,-0.323264654,0.003008311,0.017283374
FLOT1,ADvsCTL,-0.2627808,0.009530728,0.040769144
TRIO,ADvsCTL,-0.185067329,0.001400908,0.009996756
MPDZ,ADvsCTL,0.198503114,0.020912819,0.07263443
CPD,ADvsCTL,-0.204066015,0.005865813,0.028393537
SCGN,ADvsCTL,0.136054656,0.596747821,0.745225752
CDKL5,ADvsCTL,-0.137413145,0.199372233,0.367997042
NEBL,ADvsCTL,0.222597216,0.000803335,0.006619006
SNCG,ADvsCTL,-0.112340013,0.215024015,0.386473698
CIAO1,ADvsCTL,0.004051023,0.957808598,0.975516171
SRP72,ADvsCTL,0.015072598,0.811308961,0.891361747
JTB,ADvsCTL,0.575999399,0.115766184,0.253796452
LY6H,ADvsCTL,-0.241398245,0.043504425,0.125271148
ACTL6B,ADvsCTL,-0.015419943,0.888327341,0.936774456
TPPP,ADvsCTL,0.039172246,0.527586098,0.687735919
BAIAP3,ADvsCTL,0.027931285,0.875675785,0.929291225
KBTBD11,ADvsCTL,0.051197045,0.250391678,0.427930293
LTN1,ADvsCTL,0.090051057,0.607078391,0.751715418
TOMM70,ADvsCTL,-0.318394191,5.99e-07,4.02e-05
DDHD2,ADvsCTL,0.022788318,0.733182039,0.84057673
MYO1D,ADvsCTL,0.514199556,0.061224614,0.161669841
UFL1,ADvsCTL,0.181945614,0.00219104,0.013752314
SORBS2,ADvsCTL,-0.237741734,0.01837466,0.066203576
SASH1,ADvsCTL,0.177238583,0.022262583,0.076145868
FARP2,ADvsCTL,0.176538011,0.31570294,0.495395793
UBXN7,ADvsCTL,-0.055030765,0.547516437,0.706165633
PRPF6,ADvsCTL,0.035245947,0.835703469,0.907216277
ADGRL1,ADvsCTL,-0.234363692,0.000407754,0.004062287
ABCA8,ADvsCTL,0.340294876,0.009566608,0.040838345
FRYL,ADvsCTL,0.173384568,0.194450856,0.362353628
ENDOD1,ADvsCTL,0.236799841,0.034928215,0.107001128
CDK14,ADvsCTL,-0.266932462,0.010546206,0.044284216
SLITRK3,ADvsCTL,-0.208808577,0.292024117,0.471711087
RHOBTB3,ADvsCTL,0.027986911,0.848195628,0.914977677
SOGA1,ADvsCTL,0.319551316,0.305278076,0.485810884
CLSTN1,ADvsCTL,-0.106513423,0.152648352,0.307390704
SLITRK5,ADvsCTL,-0.017179605,0.89773636,0.942688706
DIRAS1,ADvsCTL,-0.352275707,2.08e-06,8.6e-05
SFRS15,ADvsCTL,0.051581322,0.520041509,0.680703904
NDUFB6,ADvsCTL,-0.340071903,3.75e-05,0.000704329
MFN2,ADvsCTL,-0.200771127,0.000832918,0.006808162
AKR7A3,ADvsCTL,0.769448666,7.49e-05,0.001183898
UBE4B,ADvsCTL,-0.169180621,0.015512013,0.058252724
ELP1,ADvsCTL,-0.086813858,0.189382722,0.356224854
NDUFA3,ADvsCTL,-0.551117299,8.74e-06,0.000247317
NDUFB4,ADvsCTL,-0.388987037,0.005189928,0.025996625
NDUFB8,ADvsCTL,-0.320361601,0.000203808,0.002435196
NDUFA7,ADvsCTL,-0.418361142,3.14e-06,0.00011302
VAMP5,ADvsCTL,0.34289778,0.032056671,0.100253754
CSPG5,ADvsCTL,0.082063107,0.629349183,0.769228322
LETM1,ADvsCTL,-0.303209457,2.65e-06,0.000100891
ZRANB2,ADvsCTL,0.126637799,0.187910606,0.354668326
SNX4,ADvsCTL,-0.231004856,0.001779516,0.011851906
KCNH1,ADvsCTL,-0.340926181,0.000243457,0.002757773
PDE8B,ADvsCTL,0.226357065,0.14257092,0.293037707
EPM2A,ADvsCTL,0.0635514,0.445990342,0.616569004
VAPB,ADvsCTL,-0.190892498,0.001727124,0.011610468
SNAPIN,ADvsCTL,0.075247652,0.319479553,0.498701482
FARS2,ADvsCTL,-0.299146157,0.251175047,0.428405165
IPO7,ADvsCTL,-0.067840989,0.323406816,0.502541636
ARIH2,ADvsCTL,0.16969866,0.272112392,0.450991806
PGM3,ADvsCTL,0.35516753,0.002496326,0.015242847
MOCS3,ADvsCTL,0.165134311,0.451732919,0.622354891
RAPGEF3,ADvsCTL,0.196060561,0.337336066,0.517037785
SVIL,ADvsCTL,0.149196901,0.543854569,0.703081581
PAPLN,ADvsCTL,0.196574842,0.281712607,0.460745517
AHSA1,ADvsCTL,-0.029710538,0.649584818,0.783838885
FMNL1,ADvsCTL,0.119275992,0.102824007,0.234872367
SGPL1,ADvsCTL,0.007989908,0.957322312,0.975516171
H6PD,ADvsCTL,0.214890575,0.154710124,0.309721659
SEC24B,ADvsCTL,-0.086330427,0.154468415,0.309410001
PCNT,ADvsCTL,-0.09902288,0.513906269,0.67615288
ADCY5,ADvsCTL,-0.478003962,0.048245005,0.135769295
NTN1,ADvsCTL,2.387257913,3.67e-09,2.12e-06
ATP6V1G2,ADvsCTL,-0.299011958,2.43e-05,0.000499732
ASMTL,ADvsCTL,0.181362172,0.296865554,0.476783706
HERC2,ADvsCTL,0.116041872,0.144669004,0.296046699
SNAP29,ADvsCTL,0.0295394,0.642661246,0.779527153
CPNE6,ADvsCTL,0.365439636,0.000328273,0.00346227
AP2A1,ADvsCTL,-0.264799498,1.75e-06,7.73e-05
BAG3,ADvsCTL,0.655397198,9.4e-06,0.000259121
MLYCD,ADvsCTL,-0.143406228,0.001690285,0.011416166
CRYZL1,ADvsCTL,0.043404363,0.38408661,0.559031766
AIFM1,ADvsCTL,-0.261111761,3.18e-05,0.000622741
EML2,ADvsCTL,0.264140376,0.005424587,0.026895183
NUDT14,ADvsCTL,-0.420292521,0.000847221,0.006890256
TSPAN15,ADvsCTL,0.565464907,0.013522215,0.052861572
BPNT1,ADvsCTL,0.174976428,0.000579496,0.005197403
DDAH2,ADvsCTL,0.463019651,0.00011676,0.001624756
TXNDC12,ADvsCTL,-0.053830669,0.481004462,0.648522042
DLGAP3,ADvsCTL,-0.477774368,0.000324695,0.003429558
NUDT3,ADvsCTL,0.065858527,0.457766279,0.627901
APC2,ADvsCTL,0.32495651,0.071359402,0.181117919
TOMM40,ADvsCTL,-0.262590663,0.001310262,0.009500719
LDHA,ADvsCTL,-0.10180303,0.025846166,0.085437258
ALDH1A1,ADvsCTL,0.107249851,0.38118668,0.557023492
GSR,ADvsCTL,0.152840899,0.023790249,0.080220859
SOD1,ADvsCTL,0.124299538,0.200479927,0.368792495
F13A1,ADvsCTL,0.16665436,0.521650688,0.682331301
PNP,ADvsCTL,0.164470026,0.039361973,0.116803083
PGK1,ADvsCTL,0.060258577,0.191780541,0.359051909
AK1,ADvsCTL,0.383481201,2.22e-08,5.38e-06
F2,ADvsCTL,-0.158142867,0.328309294,0.507201193
HP,ADvsCTL,0.491853325,0.084117931,0.20297225
CA1,ADvsCTL,0.331725634,0.083097579,0.201117391
CA2,ADvsCTL,0.364814051,0.019366645,0.068792236
ASS1,ADvsCTL,0.368347673,0.001394829,0.009963265
A2M,ADvsCTL,0.40092133,0.018865204,0.067452902
C3,ADvsCTL,0.384680784,0.028347838,0.091396681
C5,ADvsCTL,0.197343439,0.323262662,0.502426173
NRAS,ADvsCTL,-0.285429586,0.010520709,0.044202957
HRAS,ADvsCTL,-0.174939669,0.0009892,0.007675634
FLJ00385,ADvsCTL,0.101047354,0.806010499,0.887981853
IGHG4,ADvsCTL,0.343799756,0.549920359,0.707616662
COL1A1,ADvsCTL,0.100959141,0.871834899,0.927591177
LMNA,ADvsCTL,0.426541111,0.000291826,0.003151812
SPTA1,ADvsCTL,0.268877266,0.113641746,0.250513357
APOA2,ADvsCTL,0.590393803,0.065832951,0.170336841
FGA,ADvsCTL,0.711378832,0.006803822,0.031676307
FGB,ADvsCTL,0.700564235,0.014218658,0.054750967
MBP,ADvsCTL,0.655018952,0.013967731,0.054070069
PMP2,ADvsCTL,0.515727307,0.153339128,0.308107716
CRP,ADvsCTL,0.760174281,0.071567171,0.18143583
APCS,ADvsCTL,1.498308032,0.000617438,0.005437023
AMBP,ADvsCTL,-0.003895471,0.984795171,0.99002539
HEL-S-153w,ADvsCTL,-0.081732188,0.671052708,0.798329052
ALB,ADvsCTL,0.097734459,0.593663296,0.743547623
HEL-S-51,ADvsCTL,0.288634857,0.085931987,0.206044846
TFRC,ADvsCTL,-0.838121811,0.560306967,0.715224137
TF,ADvsCTL,-0.069159441,0.648380821,0.78330277
HPX,ADvsCTL,0.215562262,0.334393761,0.513844681
FTL,ADvsCTL,0.483442497,0.005354938,0.026600875
MT2A,ADvsCTL,0.356114736,0.295562887,0.475505222
CAT,ADvsCTL,0.29304593,0.031344731,0.098637552
ALDOA,ADvsCTL,-0.088234873,0.042766786,0.123990926
CSTB,ADvsCTL,0.596916858,2e-08,5.38e-06
ANXA1,ADvsCTL,0.664433134,0.000351886,0.00363821
A1BG,ADvsCTL,-0.403586897,0.068469019,0.175515914
VWF,ADvsCTL,-0.125715477,0.393388824,0.567632058
TUBB4A,ADvsCTL,0.026115399,0.713438964,0.828325656
GAPDH,ADvsCTL,0.190364854,0.000574525,0.005173225
MT1E,ADvsCTL,0.412122511,0.038171657,0.114690363
MT1F,ADvsCTL,0.478302346,0.042545166,0.12354759
HSPB1,ADvsCTL,0.958373858,2.79e-08,5.73e-06
RPN1,ADvsCTL,-0.026153818,0.571754754,0.724437545
RPN2,ADvsCTL,0.016002419,0.78575155,0.875179762
GNAI2,ADvsCTL,0.030981522,0.503348343,0.666721956
ATP1A1,ADvsCTL,-0.203533631,0.000180183,0.002215479
ARG1,ADvsCTL,-0.309732281,0.227984389,0.400792122
ITGB2,ADvsCTL,0.571258493,0.000170084,0.002153893
S100A8,ADvsCTL,-0.374472815,0.278497506,0.457463476
SLC25A5,ADvsCTL,-0.357125078,1.33e-05,0.000322375
PCCA,ADvsCTL,-0.127269731,0.010931572,0.045435401
EIF2S1,ADvsCTL,-0.014028185,0.691241151,0.813193251
HMGN2,ADvsCTL,0.265729796,0.188693808,0.355684824
FGF1,ADvsCTL,0.503051254,0.034742454,0.106574993
ICAM1,ADvsCTL,1.655598687,9.23e-11,1.66e-07
SCG5,ADvsCTL,-0.595359558,0.160445666,0.317667404
FABP3,ADvsCTL,-0.064732452,0.406174337,0.579799962
SERPINA7,ADvsCTL,0.31812366,0.02465675,0.0824145
ITGB1,ADvsCTL,0.395953573,5.57e-05,0.000952403
CALB1,ADvsCTL,-0.148815633,0.324126937,0.50311719
COL5A2,ADvsCTL,-0.000393619,0.999454931,0.999454931
UROD,ADvsCTL,0.031265768,0.752217811,0.854906417
INSR,ADvsCTL,0.07936802,0.271845365,0.450756963
FYN,ADvsCTL,-0.176642332,0.006372203,0.030240243
CCK,ADvsCTL,-0.082401512,0.567382329,0.72105673
ATP5F1B,ADvsCTL,-0.272413951,0.00295336,0.017119771
S100A6,ADvsCTL,0.927097524,1.01e-05,0.000270238
APOA4,ADvsCTL,-0.418454813,0.268150174,0.446482454
EIF4E,ADvsCTL,-0.018131558,0.713450879,0.828325656
ENO1,ADvsCTL,0.335931258,0.041015491,0.120247759
PYGL,ADvsCTL,0.228619499,0.010647665,0.044470947
GPI,ADvsCTL,0.134719766,0.225374885,0.397333712
EPHX1,ADvsCTL,0.582056931,1.1e-06,6.02e-05
DBI,ADvsCTL,0.546461724,2.45e-06,9.57e-05
LDHB,ADvsCTL,0.228073603,2.16e-06,8.86e-05
NEFL,ADvsCTL,0.478545412,0.01991558,0.069981813
H1-0,ADvsCTL,0.036210587,0.839898922,0.910122469
C8A,ADvsCTL,0.670311264,0.231571167,0.405573753
CAPN1,ADvsCTL,0.119532881,0.043718216,0.125735757
TUBB,ADvsCTL,-0.105561835,0.057138349,0.153700876
CA3,ADvsCTL,0.881284912,0.01885869,0.067452902
DCN,ADvsCTL,0.193614498,0.631891389,0.770633226
PFN1,ADvsCTL,0.158003619,0.018326549,0.066161379
APRT,ADvsCTL,0.298850685,0.000925453,0.007363696
EPRS1,ADvsCTL,-0.068350952,0.089749643,0.212918596
UQCRH,ADvsCTL,-0.302257384,7.66e-05,0.001203121
LYN,ADvsCTL,-0.125414,0.368178098,0.544806636
TPM2,ADvsCTL,-0.465810505,0.081342373,0.197934942
CHRM4,ADvsCTL,0.051840449,0.68796716,0.810515137
SRPRA,ADvsCTL,0.038225513,0.710418159,0.826629142
ASNS,ADvsCTL,-0.480032189,0.00048354,0.004641077
SYP,ADvsCTL,-0.440587414,0.000380818,0.00388542
CTSG,ADvsCTL,0.130032784,0.636615716,0.774687336
HMBS,ADvsCTL,0.144575482,0.158789182,0.315342515
PLEK,ADvsCTL,0.662114031,0.104080756,0.236391814
SNRPB2,ADvsCTL,0.027198154,0.847003647,0.914377493
MELTF,ADvsCTL,-0.800105452,0.006298686,0.029944775
NFIC,ADvsCTL,0.538762654,0.038856382,0.115798555
VIM,ADvsCTL,0.744371303,0.006780142,0.031606974
SERPINF2,ADvsCTL,0.164221183,0.329715196,0.508714592
RPS17,ADvsCTL,-0.114716279,0.052433783,0.144448948
GNAI3,ADvsCTL,0.042959492,0.609155071,0.752588975
ANXA5,ADvsCTL,0.558109989,0.000141339,0.001861995
ADRA2A,ADvsCTL,-0.05173306,0.69591007,0.815523156
ENO2,ADvsCTL,-0.00597114,0.925190889,0.959887215
SRP19,ADvsCTL,-0.080894257,0.156345684,0.312365683
GSTP1,ADvsCTL,0.564697209,2.7e-09,1.94e-06
LGALS1,ADvsCTL,0.141566092,0.07727596,0.191478879
RBP1,ADvsCTL,0.146258258,0.146702739,0.299356822
GNAO1,ADvsCTL,-0.293566276,0.000519196,0.004844228
GSTM1,ADvsCTL,0.457480702,0.404743011,0.57860219
TPM1,ADvsCTL,-0.601652115,0.34591955,0.524293434
CLTB,ADvsCTL,-0.293156305,0.000101827,0.001464089
ANXA4,ADvsCTL,0.320098538,0.001817844,0.011999079
CNP,ADvsCTL,0.419136911,0.116471503,0.254722811
PDGFRB,ADvsCTL,0.143733027,0.357686852,0.535785408
IFIT1,ADvsCTL,0.041793765,0.860074485,0.921923065
ALOX5,ADvsCTL,0.576333821,0.001656662,0.011273763
UCHL1,ADvsCTL,-0.055522603,0.308143169,0.48810258
C4B_2,ADvsCTL,2.001868911,1.74e-06,7.73e-05
H2AZ2,ADvsCTL,0.517645221,0.000513622,0.004810525
CLEC2L,ADvsCTL,-0.512347994,0.000505943,0.004769661
ELFN1,ADvsCTL,-0.382333582,0.09014135,0.213495796
JMJD7,ADvsCTL,-0.047368449,0.766550235,0.863149004
PNMA6A,ADvsCTL,0.033526292,0.797648218,0.883488371
ZNF547,ADvsCTL,-0.153781262,0.318978313,0.498307184
SAA1,ADvsCTL,0.695808152,0.272740883,0.451613776
SAA2,ADvsCTL,-0.778598943,0.389235804,0.563901941
TPBGL,ADvsCTL,-0.949616991,0.306486345,0.486764469
U2AF1L5,ADvsCTL,-0.005292,0.946044511,0.97060029
FDX1,ADvsCTL,-0.005221544,0.950953631,0.973363377
RAP2A,ADvsCTL,-0.335464501,6.15e-08,9.18e-06
PTPRF,ADvsCTL,-0.256916632,8.23e-05,0.001265432
COX5B,ADvsCTL,-0.266424846,0.002295005,0.014282616
CHGA,ADvsCTL,0.300693233,0.006381208,0.030257107
CLU,ADvsCTL,0.380405729,0.000526824,0.004870753
HSPA5,ADvsCTL,-0.072887556,0.204711067,0.37300972
MAP2,ADvsCTL,0.401262864,0.40685779,0.580332406
HSPA8,ADvsCTL,-0.085813068,0.052699466,0.145125291
EPB41,ADvsCTL,0.38776803,0.000665499,0.005774349
PDHB,ADvsCTL,-0.396839613,6.59e-07,4.22e-05
DBT,ADvsCTL,-0.304900672,0.000198448,0.002389864
ITGAM,ADvsCTL,0.348555327,0.095636447,0.22219411
PYGB,ADvsCTL,0.140887576,0.02182073,0.075079409
CHRM1,ADvsCTL,-0.015470684,0.8909674,0.938320425
RALA,ADvsCTL,-0.116062114,0.024446608,0.081959209
BCR,ADvsCTL,-0.066404492,0.30635445,0.486764469
UBL4A,ADvsCTL,-0.007970018,0.92806761,0.961838149
IGF2R,ADvsCTL,-0.128533865,0.037302559,0.112833182
ADH5,ADvsCTL,0.358188854,5.47e-07,3.75e-05
PCNA,ADvsCTL,0.172850783,0.089641645,0.212802757
NEFH,ADvsCTL,0.593142366,0.022188814,0.076074866
HARS1,ADvsCTL,-0.012016869,0.815715811,0.894836637
COL6A1,ADvsCTL,0.068808391,0.853143591,0.917700291
COL6A2,ADvsCTL,-0.136980224,0.739200589,0.845186749
SLC25A6,ADvsCTL,-0.381493571,1.88e-06,8.05e-05
TPR,ADvsCTL,0.05883836,0.207304399,0.376705128
RLBP1,ADvsCTL,0.140142259,0.365475318,0.542369292
CKB,ADvsCTL,-0.035242232,0.295339934,0.475308553
FCGR1A,ADvsCTL,0.331828566,0.093327097,0.218552718
ANXA3,ADvsCTL,-0.068263015,0.515295439,0.677361128
CKMT1B,ADvsCTL,-0.422138847,1.07e-06,5.92e-05
ACTN1,ADvsCTL,-0.518130748,1.29e-05,0.000319622
SRC,ADvsCTL,-0.100254183,0.035601003,0.108553632
XRCC5,ADvsCTL,0.062020007,0.242736717,0.418659652
COX4I1,ADvsCTL,-0.285874476,0.000108391,0.001537788
SCG2,ADvsCTL,-0.180417311,0.168022873,0.327797268
EEF2,ADvsCTL,-0.031916779,0.443556164,0.614148121
P4HA1,ADvsCTL,-0.198264391,0.234967104,0.409512248
F3,ADvsCTL,0.396562607,0.000502479,0.004752142
PLS3,ADvsCTL,0.107472877,0.234298007,0.408856275
GYS1,ADvsCTL,-0.046236457,0.499861783,0.663744842
CD99,ADvsCTL,1.19038027,1.33e-06,6.56e-05
PRKCSH,ADvsCTL,-0.043817925,0.375485485,0.552098752
HCLS1,ADvsCTL,0.421010845,0.001470121,0.010357079
FDPS,ADvsCTL,0.01465431,0.807841774,0.889182232
CPM,ADvsCTL,0.751528536,0.005072029,0.025549893
ATP1B2,ADvsCTL,-0.155006791,0.019477333,0.069015003
NID1,ADvsCTL,0.024373298,0.82087274,0.897623385
AKR1A1,ADvsCTL,0.046425078,0.60463606,0.749982269
PKM,ADvsCTL,0.089295174,0.017670723,0.064331039
TRA1,ADvsCTL,-0.097395935,0.029747124,0.094803306
IDE,ADvsCTL,0.040826747,0.569574896,0.722566531
COX6B1,ADvsCTL,-0.368629922,3.54e-06,0.000124946
HNRNPL,ADvsCTL,0.047017832,0.356589454,0.534586899
UQCRB,ADvsCTL,-0.319005929,3.41e-06,0.000120724
BRAF,ADvsCTL,-0.208981059,0.008111318,0.036151612
GSPT1,ADvsCTL,0.094424393,0.015746577,0.058839931
PGAM2,ADvsCTL,0.207457417,0.002581064,0.015601339
NME1,ADvsCTL,-0.074034878,0.292701363,0.472592796
NQO1,ADvsCTL,0.173796962,0.579693144,0.731403751
RPS2,ADvsCTL,-0.082758877,0.048968948,0.137269541
CHN1,ADvsCTL,-0.135245955,0.046486123,0.131643576
DSP,ADvsCTL,0.194825654,0.661017723,0.791526632
COX7C,ADvsCTL,-0.268408508,0.000946025,0.007494226
H2AX,ADvsCTL,0.125917494,0.261550914,0.439461744
CBR1,ADvsCTL,0.477763666,0.002967583,0.017172828
CREB1,ADvsCTL,0.875523818,0.084281858,0.203299598
PPP3CB,ADvsCTL,-0.17935312,0.015084067,0.057144559
KCNA2,ADvsCTL,-0.043426748,0.68773217,0.810515137
H1-5,ADvsCTL,-0.229752297,0.366634451,0.543304822
H1-2,ADvsCTL,-0.148226802,0.475095736,0.643571305
EPB42,ADvsCTL,0.292980828,0.106155142,0.239815934
PCSK2,ADvsCTL,-0.072521624,0.474124945,0.64286159
FER,ADvsCTL,0.084702632,0.486512214,0.652888499
ATP2A2,ADvsCTL,-0.370096898,0.07711204,0.191330426
CPE,ADvsCTL,0.11245742,0.15831607,0.314663578
FAH,ADvsCTL,0.362174198,2.46e-05,0.000503329
RHOQ,ADvsCTL,0.385350926,0.003812443,0.020680924
HMGA1,ADvsCTL,0.45004204,0.000830145,0.006793213
TMEM11,ADvsCTL,-0.07661503,0.342489672,0.521161035
NDUFB7,ADvsCTL,-0.356736005,3.48e-05,0.000668163
KCNA6,ADvsCTL,-0.149056158,0.306808606,0.486942875
GAP43,ADvsCTL,-0.250528384,0.002105993,0.013334864
AMD1,ADvsCTL,-0.829295292,0.037095616,0.112443644
CTPS1,ADvsCTL,-0.138583311,0.011050462,0.045742579
DDX5,ADvsCTL,-0.109295019,0.0946881,0.220918425
PFKL,ADvsCTL,-0.004417876,0.941008037,0.968197799
GM2A,ADvsCTL,0.667240952,0.002634146,0.015802681
TCP1,ADvsCTL,0.005038926,0.907327174,0.948743184
IGFBP2,ADvsCTL,-0.156412891,0.344518293,0.523044044
ARF4,ADvsCTL,0.011362996,0.822554063,0.898793926
LBP,ADvsCTL,0.21652842,0.784631934,0.874338885
GABRB1,ADvsCTL,-0.338542433,0.000424897,0.004207996
SON,ADvsCTL,-0.028143696,0.881947699,0.932507688
PGAM1,ADvsCTL,0.001030256,0.977390997,0.985612427
ATP5PF,ADvsCTL,-0.317827358,0.003000977,0.017268825
PAM,ADvsCTL,-0.150938142,0.230559384,0.404293917
GNAZ,ADvsCTL,-0.161929778,0.005751003,0.027988475
TRIM21,ADvsCTL,0.376521319,0.056626434,0.152953038
SRM,ADvsCTL,-0.020685418,0.769299778,0.864891107
ORM2,ADvsCTL,-0.239502282,0.29982953,0.479687235
CSNK2A2,ADvsCTL,-0.111701565,0.017847144,0.064737521
ATP2B1,ADvsCTL,-0.325736038,9.05e-06,0.00025145
EIF2S2,ADvsCTL,0.005226729,0.899750114,0.943563577
BTF3,ADvsCTL,0.194142048,0.111954255,0.248126459
MX1,ADvsCTL,0.244487008,0.42925313,0.600626759
M6PR,ADvsCTL,-0.104955833,0.155521537,0.310940462
COX5A,ADvsCTL,-0.37072643,3.02e-05,0.000597247
LMNB1,ADvsCTL,0.113702305,0.083397102,0.201503309
GSTM3,ADvsCTL,0.467006026,0.004911826,0.02500408
FLNA,ADvsCTL,0.138507732,0.49170925,0.656433675
NF1,ADvsCTL,-0.245807212,2.78e-06,0.000104529
MAOA,ADvsCTL,-0.147634338,0.001450047,0.010276048
ACO1,ADvsCTL,0.189353783,0.000258972,0.002895889
S1PR1,ADvsCTL,-0.054636628,0.806160796,0.888011425
CNR1,ADvsCTL,0.160903407,0.273113902,0.451982241
TBXA2R,ADvsCTL,0.335715773,0.00098238,0.007650037
SDHB,ADvsCTL,-0.345433123,1.75e-06,7.73e-05
TGM2,ADvsCTL,-0.115675127,0.322193754,0.50130644
OSBP,ADvsCTL,-0.016147484,0.631749733,0.770591119
GART,ADvsCTL,0.152726563,0.048763597,0.13681163
NME1-NME2,ADvsCTL,-0.060141101,0.05975438,0.158602678
KCNA4,ADvsCTL,-0.273128525,0.007903588,0.035465073
FDXR,ADvsCTL,0.063766088,0.496934441,0.661349719
HNRNPA2B1,ADvsCTL,0.213676421,0.000146322,0.001903243
CBL,ADvsCTL,-0.095988533,0.143945536,0.294985822
UQCRC2,ADvsCTL,-0.359099403,1.76e-07,1.92e-05
CA4,ADvsCTL,-0.701386768,8e-06,0.00023027
FECH,ADvsCTL,-0.389002584,5.02e-07,3.61e-05
CES1,ADvsCTL,0.227547297,0.621120256,0.762149096
FBLN1,ADvsCTL,0.595731777,0.053822792,0.147204312
ITGA6,ADvsCTL,0.360648749,0.001762492,0.011784157
SFPQ,ADvsCTL,0.059654325,0.110429721,0.246530411
TUBG1,ADvsCTL,0.012634515,0.876971614,0.929980365
HEL-S-39,ADvsCTL,0.068095367,0.202362372,0.370191388
GLDC,ADvsCTL,-0.122289058,0.220571389,0.392616558
RPS3,ADvsCTL,-0.049955066,0.168693188,0.328926565
GCSH,ADvsCTL,-0.15900763,0.039033834,0.116212901
PTPRD,ADvsCTL,-0.071427211,0.061434566,0.162045777
PTPRG,ADvsCTL,-0.302567999,0.009897564,0.042096075
PTPRZ1,ADvsCTL,0.025820227,0.509565929,0.672403061
DKFZp686J1286,ADvsCTL,0.132201357,0.176051148,0.339346535
AHCY,ADvsCTL,0.109709137,0.024714592,0.082569466
CFL1,ADvsCTL,0.101083517,0.040069419,0.118268089
F8A3,ADvsCTL,-0.205536155,0.008373004,0.037062781
ITPKA,ADvsCTL,-0.396984749,8.51e-05,0.001296449
DTYMK,ADvsCTL,0.09478177,0.41984485,0.592262013
LAMA2,ADvsCTL,0.159993701,0.080073887,0.195766488
GPT,ADvsCTL,0.303663919,0.013553328,0.052954419
COX7A1,ADvsCTL,-0.422443212,0.012804018,0.05065968
CRHBP,ADvsCTL,0.232218816,0.300711327,0.480686548
KDELR1,ADvsCTL,0.053360344,0.755344793,0.856287534
AKAP5,ADvsCTL,-0.56069374,0.0002864,0.003102527
IGFBP6,ADvsCTL,0.036795357,0.808771449,0.889877
ACP1,ADvsCTL,-0.079550639,0.347156129,0.52576799
ACP1,ADvsCTL,0.433388587,0.0750316,0.187461724
TNC,ADvsCTL,0.90048628,0.002755886,0.016290405
MYL9,ADvsCTL,-0.429122609,0.169608526,0.329995706
POLR2A,ADvsCTL,-0.239699924,0.029474932,0.094060863
APC,ADvsCTL,0.002382456,0.971540432,0.983313014
MPST,ADvsCTL,0.307545207,0.000583847,0.005229902
LAMA1,ADvsCTL,0.434521459,0.001810239,0.011967878
RPS12,ADvsCTL,-0.049996832,0.190813915,0.357521358
YY1,ADvsCTL,0.434690803,0.008502331,0.037531578
DNAJB1,ADvsCTL,-0.168934244,0.026693031,0.087592596
DNAJB2,ADvsCTL,0.00235033,0.966300226,0.97998788
ATP5F1A,ADvsCTL,-0.293766235,0.001546288,0.010725603
ATP5F1A,ADvsCTL,0.159434567,0.450755503,0.621603592
PSMA1,ADvsCTL,0.07384403,0.080710112,0.19672919
PSMA4,ADvsCTL,0.076764658,0.06903615,0.176466606
ITGB8,ADvsCTL,0.144730825,0.00663653,0.03111901
MSN,ADvsCTL,0.46903523,6.69e-07,4.22e-05
CTNNA2,ADvsCTL,0.02496981,0.570610118,0.723419599
U2AF2,ADvsCTL,0.093740926,0.123268335,0.265549306
CHML,ADvsCTL,-0.227668411,0.22062507,0.392616558
S100A4,ADvsCTL,0.335436007,0.2239482,0.395788258
PTBP1,ADvsCTL,0.369372483,0.000171879,0.002172799
EEF1G,ADvsCTL,-0.096193362,0.012185279,0.048802179
FKBP2,ADvsCTL,-0.109028327,0.035207163,0.107680681
AK4,ADvsCTL,0.027802475,0.605701611,0.750736407
MAOB,ADvsCTL,0.456899248,1.46e-05,0.00034414
YWHAQ,ADvsCTL,0.036571188,0.50391786,0.66702246
ATP6V0C,ADvsCTL,-0.080266259,0.573491428,0.725743111
CERS1,ADvsCTL,0.213962316,0.426876714,0.599009794
RPL10,ADvsCTL,-0.236689128,0.028853546,0.092488217
RPA1,ADvsCTL,0.07698973,0.238174617,0.412717422
APEX1,ADvsCTL,0.266979158,0.000136923,0.001817139
KAI1,ADvsCTL,0.331007954,0.202215006,0.370191388
CALR,ADvsCTL,0.001759186,0.968277818,0.981347804
PDE4A,ADvsCTL,-0.510554782,0.000319034,0.003384677
CANX,ADvsCTL,0.031677089,0.339062914,0.518769097
PIK3R1,ADvsCTL,0.082656077,0.191513929,0.358646106
ITPKB,ADvsCTL,0.577016304,0.000871965,0.007023564
PSMB8,ADvsCTL,0.337587377,0.014208234,0.054740131
PSMB6,ADvsCTL,0.063441194,0.199927192,0.368573341
PSMB5,ADvsCTL,0.004968636,0.91434514,0.953005084
GSTM2,ADvsCTL,0.197543366,0.059614491,0.158291308
ABCD3,ADvsCTL,0.041410045,0.47067551,0.639752257
TMOD1,ADvsCTL,-0.178857926,0.042896853,0.124199578
ACADL,ADvsCTL,1.947753427,0.024588167,0.082264183
MAPK1,ADvsCTL,0.239173411,4.63e-05,0.000830857
HEL-S-106,ADvsCTL,0.279367537,0.010008588,0.042498094
CD38,ADvsCTL,0.503068064,0.016627647,0.0613347
PCSK1,ADvsCTL,-0.670247222,3.55e-05,0.000671562
TPP2,ADvsCTL,-0.103210134,0.075322972,0.187863432
CRABP2,ADvsCTL,-0.191786146,0.461561848,0.631781993
TKT,ADvsCTL,0.274523403,0.000757913,0.006338723
MARCKS,ADvsCTL,0.073584746,0.242316468,0.41808164
ERP29,ADvsCTL,-0.084480425,0.158127912,0.31437647
PRDX6,ADvsCTL,0.588085067,1.5e-07,1.81e-05
BLVRB,ADvsCTL,0.401146552,4.64e-06,0.000150164
PRDX5,ADvsCTL,0.043393029,0.338144694,0.517946078
DDT,ADvsCTL,0.10179039,0.281696973,0.460745517
PRDX3,ADvsCTL,-0.223376804,1.3e-05,0.000319622
ATP5F1D,ADvsCTL,-0.262732239,0.013841328,0.05381658
RPL12,ADvsCTL,-0.143162568,0.023084176,0.078212189
ECHS1,ADvsCTL,-0.085814847,0.529458825,0.689549086
FCER1G,ADvsCTL,0.282735938,0.163588752,0.321476471
NMT1,ADvsCTL,-0.007013841,0.934534242,0.96447543
HMOX2,ADvsCTL,-0.169378196,0.000236314,0.002685322
GSTT1,ADvsCTL,-0.030907415,0.952104033,0.973746191
SERPINB1,ADvsCTL,0.718132891,0.003516353,0.019486228
ALDH1B1,ADvsCTL,0.270086667,0.272332124,0.451184337
SSTR2,ADvsCTL,-0.386791684,0.005700412,0.02788103
MIBP1,ADvsCTL,-0.015872348,0.936426093,0.965464098
GABRA5,ADvsCTL,0.164011653,0.342824926,0.521450558
DNAJA1,ADvsCTL,-0.054332522,0.485710362,0.651934062
UQCRC1,ADvsCTL,-0.310511128,5.3e-06,0.000169485
ATIC,ADvsCTL,0.03376202,0.630868896,0.770152199
YWHAB,ADvsCTL,-0.093232763,0.023775188,0.080213382
SFN,ADvsCTL,0.149279502,0.10848463,0.243776926
S100A11,ADvsCTL,0.620960294,0.000679167,0.005857611
PRDX2,ADvsCTL,0.159963808,0.001332908,0.009616455
ARRB2,ADvsCTL,0.068586473,0.496973491,0.661349719
GK,ADvsCTL,-0.296242979,3.73e-05,0.0007028
DCTD,ADvsCTL,0.366136394,0.000893869,0.00716789
SLC8A1,ADvsCTL,-0.267482509,0.000312282,0.003335076
GBP2,ADvsCTL,0.193510569,0.629930855,0.769546984
STX2,ADvsCTL,0.100343885,0.489498942,0.654687985
CTH,ADvsCTL,-0.078427466,0.324415449,0.503239234
RPL9,ADvsCTL,-0.04029939,0.332036865,0.511531628
KIF5B,ADvsCTL,0.163849246,0.001540637,0.010717407
DUT,ADvsCTL,0.030241522,0.615201591,0.757690984
GUCY1A2,ADvsCTL,-0.17283024,0.038191827,0.114703051
RNASE4,ADvsCTL,0.695829415,0.047450299,0.133952119
HSPA4,ADvsCTL,-0.041347209,0.406994953,0.580332406
MPI,ADvsCTL,0.13091475,0.023836271,0.080306464
GPC1,ADvsCTL,-0.106829872,0.135272815,0.281625515
PFN2,ADvsCTL,-0.118573793,0.005842761,0.028300995
CA8,ADvsCTL,0.123787194,0.37636202,0.553048419
CTNNA1,ADvsCTL,0.443811527,9.99e-05,0.001447764
GTF2F1,ADvsCTL,0.186769346,0.091175855,0.215134291
SPR,ADvsCTL,0.127957006,0.10572498,0.239159592
KRT9,ADvsCTL,0.459893859,0.302893697,0.483197782
FBN1,ADvsCTL,0.510132622,0.237628707,0.412268039
MYH10,ADvsCTL,-0.170157856,0.000682813,0.005867953
COPB2,ADvsCTL,0.071530587,0.088591838,0.210867337
ADD2,ADvsCTL,-0.148377881,0.016490931,0.060986769
BSG,ADvsCTL,-0.088430613,0.127631414,0.271532909
DEK,ADvsCTL,0.297140989,0.000228337,0.002623688
MYH11,ADvsCTL,-0.43697213,0.397319664,0.571455744
CHKA,ADvsCTL,0.161165359,0.57846208,0.730234774
SLC16A2,ADvsCTL,0.150575959,0.411411298,0.584819035
ARL2,ADvsCTL,0.026520673,0.632474036,0.770951659
ARL3,ADvsCTL,0.181042713,0.000403991,0.004041598
MAP2K2,ADvsCTL,-0.017432186,0.709775377,0.826500297
ATP5F1C,ADvsCTL,-0.297493806,0.002428522,0.014968603
ATP6V1E1,ADvsCTL,-0.211958739,3.06e-05,0.000600536
CPOX,ADvsCTL,-0.096606211,0.485153968,0.651551997
PGM1,ADvsCTL,0.241645638,2.12e-05,0.000449986
ACVR1B,ADvsCTL,0.303006929,0.017510317,0.063934879
POLR2I,ADvsCTL,-0.04311784,0.774507518,0.867992876
GMPR,ADvsCTL,1.148503975,1.56e-08,5.35e-06
SRP14,ADvsCTL,0.146675615,0.040174908,0.118482212
HPCAL1,ADvsCTL,-0.429600525,0.000497916,0.004731191
TAGLN2,ADvsCTL,0.094689492,0.354251138,0.532635542
ETFB,ADvsCTL,-0.073425609,0.112864051,0.249717354
RBMX,ADvsCTL,0.241732766,0.021988922,0.075476948
GNAL,ADvsCTL,0.15042859,0.465758632,0.635286828
ATP6V1A,ADvsCTL,-0.190735143,0.000293993,0.00316571
IGHMBP2,ADvsCTL,0.428836788,0.382336535,0.557725957
RPL3,ADvsCTL,-0.285016948,1.04e-05,0.000276332
CUX1,ADvsCTL,0.032035687,0.870166318,0.926451499
CAPG,ADvsCTL,0.677626159,8.63e-07,5.09e-05
CAP2,ADvsCTL,-0.426144457,1.59e-06,7.53e-05
TXLNA,ADvsCTL,0.114830729,0.077307341,0.191484747
PSMB10,ADvsCTL,0.25539247,0.060732636,0.160547538
ARL1,ADvsCTL,0.028980454,0.696639605,0.816245102
STAT3,ADvsCTL,0.197793539,0.017055094,0.062661292
MDH1,ADvsCTL,0.010305384,0.818340531,0.896758598
EIF2S3,ADvsCTL,-0.029247108,0.518894821,0.679890122
CETN2,ADvsCTL,0.047392026,0.372694851,0.549508898
EIF2D,ADvsCTL,0.915872228,0.017675156,0.064331039
CD200,ADvsCTL,-0.402232205,0.008476851,0.037499377
BUD31,ADvsCTL,0.149771699,0.310820385,0.490788978
NAA10,ADvsCTL,-0.008055349,0.907762636,0.948803141
ADCYAP1R1,ADvsCTL,0.274482013,0.042039309,0.122523805
GRM5,ADvsCTL,-0.018579343,0.810378196,0.890883443
ACTR1B,ADvsCTL,-0.012956271,0.7980468,0.883538654
ECI1,ADvsCTL,0.206331224,0.093023925,0.217954754
STAT1,ADvsCTL,-0.057883339,0.753508001,0.855471619
GRIA1,ADvsCTL,-0.234927345,0.010625885,0.044448918
GRIA2,ADvsCTL,-0.502099648,2.49e-06,9.6e-05
GRIA3,ADvsCTL,-0.50100154,6.33e-06,0.000191411
PIK3CB,ADvsCTL,-0.033960205,0.585898033,0.736426769
MTOR,ADvsCTL,-0.079650035,0.019317888,0.068652947
EPS15,ADvsCTL,0.449229889,7.89e-05,0.001228281
CASP3,ADvsCTL,0.235544017,0.647395616,0.782687328
RPS27,ADvsCTL,-0.060595664,0.596337829,0.74521508
ABL2,ADvsCTL,-0.065696351,0.769976657,0.865482793
CDKN2C,ADvsCTL,0.700810499,0.029919643,0.095268701
HTT,ADvsCTL,-0.150937363,0.014166957,0.054698295
MTHFR,ADvsCTL,-0.152885212,0.311492482,0.491136655
SLC1A2,ADvsCTL,-0.24916495,0.009505815,0.040723839
PAFAH1B1,ADvsCTL,-0.075227518,0.027983677,0.090465883
CRAT,ADvsCTL,-0.124906633,0.030536044,0.096802892
BTD,ADvsCTL,0.338849806,0.327789817,0.506507444
MAGEA9B,ADvsCTL,-0.10190555,0.228386785,0.401070835
PTPN9,ADvsCTL,-0.242362006,0.022351326,0.076159683
AFM,ADvsCTL,0.100831926,0.703911816,0.821820758
ASPA,ADvsCTL,0.304919591,0.262117209,0.439894204
CBX5,ADvsCTL,0.276051819,0.000120633,0.001662284
MAPK9,ADvsCTL,-0.222936877,0.002078967,0.013233636
PHKA2,ADvsCTL,0.136216846,0.041843345,0.122150641
PHKA1,ADvsCTL,0.15408501,0.067209131,0.173026227
NOP2,ADvsCTL,0.461494017,0.084775243,0.204147412
CRKL,ADvsCTL,-0.000839845,0.982855462,0.988628072
MTIF2,ADvsCTL,0.27831347,0.163531895,0.321476471
GSTM5,ADvsCTL,-0.177348397,0.582453433,0.733328478
CDKN1B,ADvsCTL,0.662845806,2.54e-08,5.7e-06
NOTCH1,ADvsCTL,0.119227874,0.449320006,0.620136072
BRCC3,ADvsCTL,-0.115938517,0.304463141,0.485158036
RPL21,ADvsCTL,-0.079848309,0.50192565,0.665502526
GNPDA1,ADvsCTL,0.061750244,0.289458012,0.468723881
UTRN,ADvsCTL,0.365663286,7.73e-07,4.67e-05
HAAO,ADvsCTL,0.604589301,0.221821686,0.39357755
GYG1,ADvsCTL,0.26085251,0.004020205,0.021515876
RABIF,ADvsCTL,0.463807498,0.008684446,0.038113009
RAP1GAP,ADvsCTL,-0.195742044,0.33885024,0.518693582
CAPZB,ADvsCTL,0.007244732,0.845227779,0.913145601
EIF1AX,ADvsCTL,0.050308135,0.501563364,0.665197572
NPTX2,ADvsCTL,-0.646530163,0.000483916,0.004641077
ZFP36L2,ADvsCTL,0.491540724,0.190546438,0.357299408
UQCRFS1,ADvsCTL,-0.319935259,1.33e-05,0.000322375
SLC6A8,ADvsCTL,0.095458192,0.339544113,0.519094751
ATP5PO,ADvsCTL,-0.328344211,0.000998034,0.00771091
LIMS1,ADvsCTL,0.282531246,0.001345515,0.009697687
SLC6A11,ADvsCTL,0.045466405,0.703546274,0.821660716
ME1,ADvsCTL,-0.018772027,0.731057044,0.839442549
GABRA4,ADvsCTL,-0.25490852,0.120440779,0.260864355
RFX3,ADvsCTL,0.806233132,0.097926527,0.226563367
PPP3CC,ADvsCTL,-0.174798122,0.088238711,0.210374893
GCLC,ADvsCTL,0.186195217,0.021395757,0.073990232
GCLM,ADvsCTL,0.161793971,0.00593383,0.028664903
PCP4,ADvsCTL,-0.025212555,0.917886036,0.954959259
KCNC1,ADvsCTL,0.031288496,0.805483271,0.887572261
KCNJ3,ADvsCTL,-0.139101376,0.322168896,0.50130644
TRAPPC10,ADvsCTL,0.065153521,0.284643802,0.463246339
PSMD8,ADvsCTL,-0.061466847,0.236651618,0.41096936
GSS,ADvsCTL,0.370311188,1.26e-05,0.000317481
CCT5,ADvsCTL,-0.068501138,0.061846348,0.162892999
HEL-S-77p,ADvsCTL,0.452165742,1.5e-10,1.72e-07
PITPNB,ADvsCTL,0.09652873,0.132929531,0.278927106
MARCKSL1,ADvsCTL,0.238155849,0.00930221,0.040162544
CAMLG,ADvsCTL,-0.20441387,0.028516293,0.091734212
ALDH9A1,ADvsCTL,0.252886378,0.005717074,0.027905966
RPIA,ADvsCTL,-0.105943933,0.364606973,0.541751283
NASP,ADvsCTL,0.177284966,0.053682331,0.147040613
FASN,ADvsCTL,0.050002861,0.287167856,0.466591006
ARRB1,ADvsCTL,0.15415189,0.000474753,0.004589915
TUFM,ADvsCTL,-0.227255753,3.41e-05,0.000657925
AMPH,ADvsCTL,-0.047096479,0.405105269,0.578680515
ALDH7A1,ADvsCTL,0.284308745,0.033052048,0.102564013
SRP9,ADvsCTL,0.135055757,0.016682938,0.061475599
AARS1,ADvsCTL,0.025076815,0.483266822,0.649745468
CARS1,ADvsCTL,-0.027737336,0.610443557,0.753655948
PPM1F,ADvsCTL,-0.051541851,0.291582367,0.471209159
CSNK1E,ADvsCTL,0.325623409,2.91e-08,5.81e-06
CTCF,ADvsCTL,0.611488694,0.305680166,0.486128109
PSMB3,ADvsCTL,0.067615252,0.241238886,0.416822318
ACADVL,ADvsCTL,0.032306478,0.75302912,0.85528793
YLPM1,ADvsCTL,0.094722671,0.161682304,0.319128999
RBM25,ADvsCTL,0.052296862,0.717672397,0.830472579
RGS6,ADvsCTL,-0.354501546,0.000174465,0.002173876
EIF2B2,ADvsCTL,0.125033123,0.16076822,0.318130895
HINT1,ADvsCTL,0.038031347,0.464065346,0.633725073
RANBP2,ADvsCTL,0.108953099,0.008624544,0.037896361
GSK3B,ADvsCTL,-0.224277191,4.24e-05,0.000778029
SEPHS1,ADvsCTL,0.072871661,0.424716534,0.597186312
ENTPD1,ADvsCTL,0.068286835,0.675232841,0.801344634
HNMT,ADvsCTL,0.44452278,0.001035498,0.00791534
PPOX,ADvsCTL,-0.425344277,0.000519241,0.004844228
EMD,ADvsCTL,-0.111130368,0.13662044,0.283528801
GATM,ADvsCTL,0.320182605,0.000141889,0.00186583
PDLIM4,ADvsCTL,0.168361509,0.200035243,0.368573341
NUDT2,ADvsCTL,0.027191451,0.772004307,0.866442032
HLCS,ADvsCTL,-0.014921417,0.901808657,0.945387907
LRBA,ADvsCTL,0.138225922,0.219646862,0.39135989
PPT1,ADvsCTL,0.13398147,0.154021733,0.308945433
CCT8,ADvsCTL,-0.050850066,0.213277431,0.384583746
CCT4,ADvsCTL,-0.037290864,0.376825725,0.553390658
ANXA11,ADvsCTL,0.009238347,0.881033115,0.93222583
FXR2,ADvsCTL,-0.130634351,0.031302672,0.098581487
RAB13,ADvsCTL,0.159201292,0.169746134,0.330174132
RAB28,ADvsCTL,0.154784952,0.136142736,0.282782184
FABP6,ADvsCTL,-0.047741026,0.768052526,0.864016308
DAP3,ADvsCTL,-0.281816135,0.010584897,0.044368975
SMARCA2,ADvsCTL,0.010649506,0.880225795,0.931508628
IDH3G,ADvsCTL,-0.304948596,4.01e-05,0.000744952
GALK1,ADvsCTL,0.305466102,0.010710434,0.044660958
SSR4,ADvsCTL,-0.101910489,0.246240495,0.423025527
HCFC1,ADvsCTL,0.085538884,0.352222207,0.530393004
ALDH5A1,ADvsCTL,0.183174331,0.429580704,0.60077784
GPM6A,ADvsCTL,-0.247183875,0.002569508,0.015570744
STAT5B,ADvsCTL,-0.023240486,0.634843472,0.773315681
APLP1,ADvsCTL,0.354055156,0.006174958,0.029571552
CLCN6,ADvsCTL,0.035582283,0.560864674,0.715679028
PLXNA3,ADvsCTL,0.294439114,0.44409375,0.614655829
HDGF,ADvsCTL,0.003921743,0.99078657,0.993704968
LUM,ADvsCTL,-0.032553481,0.942173229,0.968297201
PRELP,ADvsCTL,-0.054526488,0.916782954,0.954329926
CNN1,ADvsCTL,-1.037247679,0.085963428,0.206044846
NDUFA8,ADvsCTL,-0.406961334,2.41e-05,0.000498333
HNRNPA3,ADvsCTL,0.055095331,0.431849063,0.60259308
MYOM1,ADvsCTL,-0.016153839,0.906995853,0.948672557
PGD,ADvsCTL,0.169843604,0.0019029,0.012431937
HNRNPM,ADvsCTL,0.151518605,0.00109934,0.008298093
KPNA1,ADvsCTL,-0.007655557,0.914878148,0.953041207
NCBP2,ADvsCTL,0.006338333,0.962693753,0.978137867
ARHGDIA,ADvsCTL,-0.106651744,0.037767967,0.113704472
STAT2,ADvsCTL,-0.22608799,0.212410718,0.383405344
MSH6,ADvsCTL,0.215444775,0.28055149,0.459682658
VAV2,ADvsCTL,-0.606870712,0.24677105,0.423327923
SMS,ADvsCTL,0.011454671,0.841605496,0.911422513
EFNB2,ADvsCTL,-0.196634346,0.003190558,0.018113402
THOP1,ADvsCTL,-0.108229712,0.073137825,0.184137337
AKR1C2,ADvsCTL,0.172942079,0.383718884,0.558777481
CRIP2,ADvsCTL,-0.199354443,0.003999586,0.021421463
NUP98,ADvsCTL,0.020013521,0.817486446,0.896098031
ARFIP1,ADvsCTL,0.019477959,0.829281137,0.903927749
NUBP1,ADvsCTL,0.328345897,0.197931516,0.366812644
METAP1,ADvsCTL,-0.005652789,0.909709136,0.949853072
MVD,ADvsCTL,0.089424816,0.21009781,0.380616572
PGGT1B,ADvsCTL,0.068501852,0.38613763,0.560882063
RABGGTB,ADvsCTL,-0.051328777,0.50384987,0.66702246
COPB1,ADvsCTL,0.035759958,0.29356815,0.473354786
COPA,ADvsCTL,0.054422762,0.110860981,0.246932576
CLTCL1,ADvsCTL,-0.179796629,0.35790993,0.535896363
AP3M2,ADvsCTL,-0.339528409,6.03e-07,4.02e-05
SLC5A3,ADvsCTL,0.239575386,0.358802485,0.536897499
RCAN1,ADvsCTL,0.001422535,0.990803841,0.993704968
SUB1,ADvsCTL,-0.438446488,0.000150021,0.001947832
RARS1,ADvsCTL,-0.11921479,0.002807188,0.016539408
CACNB3,ADvsCTL,-0.239401928,0.008861518,0.038701212
CACNA2D1,ADvsCTL,-0.289722086,5.86e-05,0.000990229
USP14,ADvsCTL,-0.011948383,0.75726633,0.856613792
BCAT1,ADvsCTL,-0.19599598,0.003746157,0.020444697
ATP12A,ADvsCTL,-0.23291106,0.020860491,0.072557791
ATP1B3,ADvsCTL,-0.090118383,0.511988398,0.674246164
RAD23B,ADvsCTL,0.049071993,0.217025093,0.38823144
PDE1A,ADvsCTL,-0.057195746,0.397801763,0.57182016
EPHB1,ADvsCTL,-0.228787425,0.226446998,0.398735191
ALDH18A1,ADvsCTL,0.045351105,0.642760398,0.779527153
SLC12A2,ADvsCTL,0.110777622,0.231788573,0.405658201
PSMD4,ADvsCTL,0.091384636,0.072043205,0.182082492
CSE1L,ADvsCTL,0.074275264,0.185094039,0.350548031
VCP,ADvsCTL,0.059982833,0.075574786,0.188169555
MFAP1,ADvsCTL,0.747842968,0.004837115,0.024693662
HADHB,ADvsCTL,0.263375446,0.00026594,0.002952013
NCKAP1L,ADvsCTL,0.201716514,0.535879559,0.694707018
ADK,ADvsCTL,0.225713372,0.00118388,0.00876998
ADAR,ADvsCTL,-0.099013651,0.906631412,0.948567236
CDH6,ADvsCTL,-0.303395359,0.018609261,0.066724025
FOXG1,ADvsCTL,0.282843504,0.382301741,0.557725957
TPD52,ADvsCTL,0.024160595,0.719567799,0.83133958
SEC13,ADvsCTL,0.009935508,0.837980176,0.908960849
HNRNPH2,ADvsCTL,-0.112771647,0.105403481,0.238642506
ATP5MF,ADvsCTL,0.089881268,0.568686433,0.722076171
ATP5F1EP2,ADvsCTL,-0.373568047,0.011778859,0.047614039
ATP5ME,ADvsCTL,-0.354509199,0.000380055,0.003883149
HDAC4,ADvsCTL,0.031909492,0.797072533,0.883275725
EIF6,ADvsCTL,0.019275042,0.844472671,0.912603954
CTBP2,ADvsCTL,-0.009452584,0.925861873,0.960306338
PEX3,ADvsCTL,-0.428666197,0.250551844,0.427930293
STX17,ADvsCTL,-0.147685415,0.29901289,0.478889811
JAM2,ADvsCTL,-0.057683111,0.352737117,0.530914016
NUP107,ADvsCTL,-0.21642661,0.301468932,0.481560299
EEFSEC,ADvsCTL,0.186427025,0.002065656,0.01317222
MTPN,ADvsCTL,0.003312504,0.940415478,0.96800351
GNG2,ADvsCTL,-0.22697575,0.007943045,0.03559771
TPI1,ADvsCTL,-0.038607576,0.334395517,0.513844681
SEC61B,ADvsCTL,0.086404146,0.562168101,0.71683658
GABARAPL2,ADvsCTL,-0.040799566,0.4234083,0.59587069
ROMO1,ADvsCTL,-0.268228484,0.359445025,0.537635281
RAC3,ADvsCTL,-0.076094662,0.594401995,0.743959645
RPS20,ADvsCTL,-0.157262253,0.034759479,0.106574993
S100A10,ADvsCTL,0.696408923,0.000248935,0.002806563
DSTN,ADvsCTL,-0.116550816,0.003615893,0.019945643
GMFB,ADvsCTL,0.066989408,0.170016555,0.330521374
SRP54,ADvsCTL,0.032167142,0.492679036,0.65741301
RAB10,ADvsCTL,-0.025146611,0.624447774,0.765057544
UBE2K,ADvsCTL,-0.043570519,0.38701778,0.561593482
UBE2N,ADvsCTL,-0.051443622,0.220973028,0.393015299
ACTR1A,ADvsCTL,0.050598314,0.441681893,0.612378153
COPS2,ADvsCTL,-0.03876715,0.263870675,0.441811398
ABCE1,ADvsCTL,0.043003827,0.31647569,0.49562934
DKFZp547A0616,ADvsCTL,-0.197556489,0.027135852,0.088569317
RPS3A,ADvsCTL,-0.079936356,0.0627239,0.164661684
STX1B,ADvsCTL,-0.393861869,1.14e-05,0.00029395
SST,ADvsCTL,-0.248304936,0.252655407,0.430549714
FGF12,ADvsCTL,-0.242332905,0.000261645,0.002917848
PCBD,ADvsCTL,0.222580145,0.011865241,0.047893758
STXBP1,ADvsCTL,-0.397576991,6e-08,9.18e-06
STXBP1,ADvsCTL,-0.187182484,0.260879145,0.438845577
DCAF7,ADvsCTL,0.03280411,0.551874988,0.709538606
WDR5,ADvsCTL,0.084620491,0.200618999,0.368792495
YWHAG,ADvsCTL,-0.166542596,0.000425889,0.004207996
USP46,ADvsCTL,-0.09346525,0.223450131,0.395199604
RRAS2,ADvsCTL,0.100415282,0.054551804,0.148683349
TIMM10,ADvsCTL,-0.256942306,0.00033147,0.003485766
RPS7,ADvsCTL,-0.093388506,0.04450059,0.127476202
PPP1CA,ADvsCTL,-0.102480621,0.100933633,0.231510084
PPP1CB,ADvsCTL,-0.119554017,0.037705779,0.11367044
PSMC1,ADvsCTL,-0.045454865,0.309074534,0.489254649
RPS8,ADvsCTL,-0.334221226,0.000108015,0.001535475
YWHAE,ADvsCTL,0.056227743,0.097646092,0.226205584
RPS14,ADvsCTL,0.017775636,0.80116664,0.885121314
RPS18,ADvsCTL,-0.235874169,0.002818914,0.016579269
RPS13,ADvsCTL,-0.231774187,0.122857762,0.264823459
RPS11,ADvsCTL,-0.058905659,0.144316052,0.295576698
SNRPE,ADvsCTL,-0.006271038,0.956244978,0.975516171
SNRPF,ADvsCTL,0.1231961,0.216952312,0.38823144
LSM3,ADvsCTL,0.0279419,0.792874037,0.880114653
LSM6,ADvsCTL,0.079122458,0.241821149,0.417327141
SNRPD2,ADvsCTL,0.076276214,0.180715583,0.345347287
SNRPD3,ADvsCTL,0.064888381,0.364843498,0.541984035
RPL7A,ADvsCTL,-0.171262371,0.000516906,0.004834984
POLR2G,ADvsCTL,0.281679147,0.027410715,0.089215056
ETF1,ADvsCTL,0.115126375,0.005367409,0.026644426
RHOB,ADvsCTL,-0.074710226,0.184074762,0.349004729
RPL23A,ADvsCTL,-0.060937672,0.347617588,0.526181253
VSNL1,ADvsCTL,-0.165569275,0.003701013,0.020267695
RAB1A,ADvsCTL,-0.178601877,0.002051326,0.013137831
RAN,ADvsCTL,-0.017706351,0.66618035,0.795721564
RPS25,ADvsCTL,-0.095278649,0.176350043,0.339530476
RBX1,ADvsCTL,-0.01171887,0.8955713,0.941681379
GNB2,ADvsCTL,-0.030284753,0.557956256,0.713236067
GNB2,ADvsCTL,-0.092398898,0.73569317,0.84264708
RPL10A,ADvsCTL,-0.102387101,0.01800453,0.06521302
RPL11,ADvsCTL,-0.033897553,0.391527148,0.565883544
PPIA,ADvsCTL,0.277746803,0.162164636,0.319926008
FKBP1A,ADvsCTL,-0.204261851,0.037796106,0.113704472
CACNG7,ADvsCTL,-0.007786908,0.975386575,0.984557344
GNAI1,ADvsCTL,-0.332723519,3.34e-07,2.86e-05
DYNLL1,ADvsCTL,-0.074789699,0.420829031,0.593301297
DYNLT1,ADvsCTL,0.309177051,0.042967428,0.124221538
SKP1,ADvsCTL,0.052634276,0.23100061,0.404798474
GNG3,ADvsCTL,-0.472889352,0.000613297,0.005419462
GNG5,ADvsCTL,0.104401114,0.108953741,0.244371557
RPS21,ADvsCTL,-0.035743507,0.492972158,0.657631442
EIF5A,ADvsCTL,-0.02914784,0.402440717,0.576300234
ACTG1,ADvsCTL,-0.180737888,0.002446344,0.015020316
UBE2I,ADvsCTL,0.079257681,0.101960992,0.233345661
YBX1,ADvsCTL,0.309469897,0.005590651,0.0274121
TPM4,ADvsCTL,-0.025848427,0.671249007,0.798329052
TPM4,ADvsCTL,-0.119478747,0.114464591,0.251633192
EEF1A1,ADvsCTL,0.4102101,0.006495394,0.030616888
FKBP1B,ADvsCTL,-0.510481097,0.003077151,0.017580577
TUBA4A,ADvsCTL,-0.071958475,0.145970014,0.298539184
TUBB2C,ADvsCTL,-0.075888243,0.1208368,0.261564581
PAFAH1B2,ADvsCTL,0.055696032,0.374860636,0.551631046
CXADR,ADvsCTL,-0.207858101,0.063009842,0.165111035
IGBP1,ADvsCTL,-0.179109706,0.001285185,0.009366093
GPC5,ADvsCTL,0.255210421,0.088202103,0.210357335
ASIC1,ADvsCTL,-0.202229419,0.018441316,0.066341519
PIP4K2B,ADvsCTL,-0.117093511,0.006887448,0.031982838
CNTNAP1,ADvsCTL,0.006170049,0.954327977,0.974795675
CLDN10,ADvsCTL,0.711671532,1.68e-10,1.72e-07
CCT2,ADvsCTL,-0.033526028,0.355849114,0.534144965
RAE1,ADvsCTL,0.032128805,0.647651185,0.782687328
PRKDC,ADvsCTL,0.096418602,0.043325601,0.124856189
S100A12,ADvsCTL,0.4424446,0.109545183,0.245317092
BASP1,ADvsCTL,-0.254932419,0.012134543,0.048680295
SIM1,ADvsCTL,0.535064116,0.137235569,0.284641133
MRPS25,ADvsCTL,-0.342975348,0.003979652,0.021394346
MRPS35,ADvsCTL,-0.284655051,0.133403759,0.2793829
MRPS5,ADvsCTL,-0.237563665,0.016875277,0.062088934
MRPS36,ADvsCTL,-0.19637258,0.011693655,0.04747071
MRPS15,ADvsCTL,-0.271491026,0.234878047,0.409471107
MRPS6,ADvsCTL,-0.142574337,0.110103107,0.246030335
MRPS9,ADvsCTL,-0.18885137,0.083209487,0.201320498
HMGN5,ADvsCTL,0.241969816,0.00288207,0.01685425
SARNP,ADvsCTL,0.07966946,0.868025077,0.925678929
LACTB,ADvsCTL,-0.097002081,0.290964504,0.470527805
TXNL4A,ADvsCTL,0.226664036,0.008498046,0.037531578
HPCA,ADvsCTL,-0.602529747,0.000632531,0.005548533
RHOG,ADvsCTL,0.424780712,0.048748398,0.13681163
SERF2,ADvsCTL,0.702793727,1.38e-06,6.71e-05
MXRA7,ADvsCTL,0.07293102,0.303963709,0.484469523
CCZ1,ADvsCTL,0.001383338,0.982324548,0.988232234
SHC2,ADvsCTL,-0.564458663,0.007728827,0.034767638
MUC5AC,ADvsCTL,0.590515288,0.321144633,0.50054027
VLDLR,ADvsCTL,-0.255327539,0.026837043,0.087864793
XIAP,ADvsCTL,-0.063023861,0.750160658,0.853479021
EFNB1,ADvsCTL,0.342231163,0.010488764,0.044120281
ATP2C1,ADvsCTL,-0.112892087,0.189681638,0.356224854
PPP2R2B,ADvsCTL,0.179918417,0.350800829,0.529106806
PITPNA,ADvsCTL,-0.096667177,0.009100575,0.039577048
GTF2B,ADvsCTL,0.283891164,0.134386394,0.280511123
PURA,ADvsCTL,-0.326335178,1.27e-06,6.49e-05
HEL-S-95n,ADvsCTL,0.367867866,6.65e-07,4.22e-05
HNRNPU,ADvsCTL,0.165197171,0.001610702,0.011041595
GALK2,ADvsCTL,-0.045067653,0.787022678,0.876052944
AMPD3,ADvsCTL,0.33293521,0.033001332,0.102495069
ANK2,ADvsCTL,0.219402666,0.004652944,0.02406084
CAP1,ADvsCTL,0.220241259,0.012119888,0.048648636
SLC7A5,ADvsCTL,-0.187513515,0.000806274,0.006635618
DR1,ADvsCTL,0.068003062,0.620514975,0.761796248
EXOSC10,ADvsCTL,-0.103456345,0.707622417,0.824814138
PFKP,ADvsCTL,-0.24795447,0.001781189,0.011852073
ATP2B2,ADvsCTL,-0.391564407,0.000636966,0.005580631
OCRL,ADvsCTL,-0.056442483,0.338921151,0.518693582
PLCB3,ADvsCTL,-0.002377851,0.97593468,0.984834197
TAGLN,ADvsCTL,-0.776935928,0.043695282,0.125720064
NAAA,ADvsCTL,0.22787453,0.770467911,0.865482793
DHODH,ADvsCTL,0.199232311,0.199266596,0.367905461
GUCY1B1,ADvsCTL,-0.00535671,0.910341082,0.950159476
OGDH,ADvsCTL,-0.37683313,0.073883905,0.185496309
CYP27A1,ADvsCTL,0.241550507,0.092794558,0.217630014
BDH1,ADvsCTL,-0.3960406,7.57e-05,0.001191355
APBA1,ADvsCTL,-0.082764185,0.162549573,0.320158565
CACNB1,ADvsCTL,-0.10984026,0.444273884,0.61478685
MAP3K10,ADvsCTL,-0.49077466,0.000510781,0.004790153
FKBP4,ADvsCTL,0.009723185,0.888532309,0.936853254
TOP2B,ADvsCTL,-0.042465071,0.5519172,0.709538606
AKAP12,ADvsCTL,0.223615808,0.002133448,0.013473124
SLC25A11,ADvsCTL,-0.375951131,6.29e-07,4.11e-05
DST,ADvsCTL,0.037162183,0.794459434,0.881058697
MLLT1,ADvsCTL,0.447478891,0.011041922,0.045742579
GNA12,ADvsCTL,0.062592106,0.694300968,0.814699325
CAV1,ADvsCTL,0.112909216,0.555930278,0.711784708
TNFAIP2,ADvsCTL,0.210444138,0.754823309,0.856287534
LMNB2,ADvsCTL,0.056058584,0.264394607,0.442379719
PTS,ADvsCTL,0.206722651,0.231127834,0.404895886
PLAUR,ADvsCTL,-0.236784854,0.028365865,0.091413829
GBE1,ADvsCTL,-0.016465688,0.839668975,0.910122469
KRT17,ADvsCTL,-0.423801639,0.523956325,0.684512605
NOTCH2,ADvsCTL,-0.442123743,0.240022135,0.41511883
TLE4,ADvsCTL,0.048832175,0.719217915,0.831199815
GLO1,ADvsCTL,0.128116718,0.007281216,0.033280272
AKR1C1,ADvsCTL,0.228622242,0.088088788,0.210156768
CSTF1,ADvsCTL,-0.010279754,0.958107969,0.975516171
UBE3A,ADvsCTL,-0.105350985,0.071002894,0.18034033
PTPN12,ADvsCTL,0.251045313,0.043319176,0.124856189
GAD2,ADvsCTL,-0.245896247,0.0223448,0.076159683
SFRS11,ADvsCTL,0.194678967,0.314281037,0.494233383
GRIN1,ADvsCTL,-0.289302952,0.001487786,0.010419393
EEF1A2,ADvsCTL,-0.047887132,0.363701684,0.540853052
CALD1,ADvsCTL,0.04742585,0.747241683,0.851268519
COL14A1,ADvsCTL,-0.135574309,0.790146877,0.87821866
RNASEL,ADvsCTL,0.576380124,0.002040984,0.013096161
TP53BP2,ADvsCTL,0.111840222,0.334540946,0.513848607
UNC93B1,ADvsCTL,0.765505778,0.000144163,0.00188197
OGFR,ADvsCTL,-0.183341558,0.029335781,0.093741568
GTF3C4,ADvsCTL,0.486190768,0.442250657,0.612834302
C20orf177,ADvsCTL,-0.277654625,0.655326955,0.787481695
THRAP3,ADvsCTL,0.445147625,0.021825531,0.075079409
UBR7,ADvsCTL,0.065235736,0.39920609,0.573266003
HEBP2,ADvsCTL,0.266306329,0.029317098,0.093741568
SF3A2,ADvsCTL,0.100040187,0.568955639,0.722163034
GFPT1,ADvsCTL,-0.1181735,0.38184758,0.557351794
FMR1,ADvsCTL,0.489186678,0.070491276,0.179484512
PRDX1,ADvsCTL,0.414834807,6.66e-07,4.22e-05
C1QBP,ADvsCTL,-0.335494286,1.82e-05,0.000406415
PDE4B,ADvsCTL,0.178716185,0.088917065,0.211291856
BAX,ADvsCTL,0.238139465,0.005745087,0.027978612
LRP1,ADvsCTL,0.018562693,0.715344447,0.829086985
ARHGAP1,ADvsCTL,0.042792607,0.316929299,0.496167782
PCDH1,ADvsCTL,-0.215560958,0.010470408,0.044120281
DHX9,ADvsCTL,0.088212611,0.027104033,0.088537378
CRYZ,ADvsCTL,0.496728875,0.011717657,0.047511336
GOLGA3,ADvsCTL,-0.148620404,0.006235364,0.029756213
GOLGA2,ADvsCTL,-0.242656501,0.059334957,0.157955716
EHHADH,ADvsCTL,0.210892795,0.23274777,0.407039802
ADCY2,ADvsCTL,-0.0146879,0.855914558,0.919718167
PUDP,ADvsCTL,0.134270271,0.415999323,0.588800301
CD47,ADvsCTL,-0.187091737,0.002345618,0.014532726
ADCY1,ADvsCTL,-0.331819578,5.76e-06,0.000176915
CAMSAP2,ADvsCTL,-0.126497164,0.011833573,0.047792752
SPIRE1,ADvsCTL,-0.05489039,0.600588247,0.747280965
VAC14,ADvsCTL,-0.088916312,0.077498773,0.19176081
DNAJC2,ADvsCTL,-0.442663831,0.342171887,0.520897859
NSUN2,ADvsCTL,-0.012541063,0.946201126,0.97060029
RBBP4,ADvsCTL,0.125371239,0.090446588,0.213936963
ABCC8,ADvsCTL,-0.00217984,0.991842209,0.994469056
KCNA1,ADvsCTL,0.030540952,0.816905276,0.895731654
AHNAK,ADvsCTL,0.766521179,8.43e-08,1.14e-05
C1orf43,ADvsCTL,-0.014657791,0.920494633,0.957026792
SARM1,ADvsCTL,0.095232162,0.217125327,0.38823144
FCHO2,ADvsCTL,0.177134385,0.052869436,0.145481964
PARG,ADvsCTL,0.314777412,0.198197128,0.366812644
ELP6,ADvsCTL,-0.041089608,0.654279555,0.787384406
TBCEL,ADvsCTL,-0.148890924,0.428234944,0.600213163
HSPA14,ADvsCTL,-0.087911176,0.328725104,0.507428084
SCRN3,ADvsCTL,0.389031721,0.000127733,0.001736594
SCRN3,ADvsCTL,-0.0572863,0.933548588,0.964175671
CGNL1,ADvsCTL,0.149345695,0.368518587,0.545116767
PMPCA,ADvsCTL,-0.213462948,0.000827792,0.006793213
KIF1A,ADvsCTL,-0.09140965,0.051478887,0.142747738
FOXO1,ADvsCTL,0.465068208,0.029500962,0.094102182
TWF1,ADvsCTL,0.270373137,0.000618339,0.005437302
ASPH,ADvsCTL,0.104544853,0.282959184,0.462153817
KIF5A,ADvsCTL,-0.239780675,0.011157121,0.046069558
STX4,ADvsCTL,0.253729734,0.003167482,0.018025075
NFIA,ADvsCTL,0.642805874,0.089898771,0.213131792
SFSWAP,ADvsCTL,-0.375286783,0.460503741,0.630693718
GRIN2A,ADvsCTL,-0.299496674,0.002084683,0.013235542
AIMP1,ADvsCTL,-0.054103462,0.277469658,0.456201367
ILF3,ADvsCTL,0.079890153,0.091440363,0.215366906
EPS8,ADvsCTL,0.034690923,0.774829689,0.868098365
TAF10,ADvsCTL,0.084783675,0.534702269,0.69357896
MYO1E,ADvsCTL,0.584671,0.008350971,0.037033623
PTP4A2,ADvsCTL,0.208015467,0.008605789,0.037850634
NPRL3,ADvsCTL,0.081555615,0.674476667,0.800843623
BNIP1,ADvsCTL,-0.033665185,0.607916964,0.75193449
NFX1,ADvsCTL,-0.089447194,0.656485124,0.788461763
CSTF3,ADvsCTL,0.322193713,0.012760327,0.050542419
GRIK3,ADvsCTL,0.153592835,0.266418686,0.444525541
TIAM1,ADvsCTL,-0.097505209,0.372575252,0.549508898
ECH1,ADvsCTL,-0.043363704,0.454957684,0.625719048
MLLT11,ADvsCTL,-0.194296381,0.114423154,0.251619
FLII,ADvsCTL,-0.132635213,0.000735375,0.006223004
COASY,ADvsCTL,0.026191578,0.637597404,0.77515965
MTAP,ADvsCTL,0.269856499,9.56e-05,0.001404066
PRKAA1,ADvsCTL,0.014526199,0.817701701,0.896195083
PPFIA1,ADvsCTL,0.251890569,0.04290782,0.124199578
EIF2B5,ADvsCTL,0.098396163,0.245593738,0.422620995
HNRNPA0,ADvsCTL,-0.015527168,0.738582734,0.844702661
PRDX4,ADvsCTL,0.126791569,0.0723163,0.182580254
PAK2,ADvsCTL,0.218482876,0.00011404,0.001599002
STK3,ADvsCTL,0.322001441,0.03843387,0.115098197
STX5,ADvsCTL,-0.056816817,0.470672894,0.639752257
PSMD2,ADvsCTL,-0.027284509,0.35002853,0.528385145
GRIN2B,ADvsCTL,-0.22685377,0.025131514,0.083595055
SELENBP1,ADvsCTL,0.456695865,8.39e-07,5.03e-05
c371H6.2,ADvsCTL,-0.125346424,0.154368105,0.309381382
SRSF9,ADvsCTL,0.021960765,0.776654218,0.869084286
GRM1,ADvsCTL,0.007095795,0.941930197,0.968297201
G3BP,ADvsCTL,-0.048533998,0.485540511,0.651843108
KCNAB2,ADvsCTL,0.438867752,0.064932283,0.1688568
PTK7,ADvsCTL,-0.029528323,0.879902262,0.931440319
PABPC4,ADvsCTL,-0.084559837,0.117488246,0.256399561
GRB10,ADvsCTL,-0.020507577,0.908921657,0.949444304
IFIT5,ADvsCTL,0.016571709,0.830431229,0.904422322
PTPRS,ADvsCTL,-0.254865056,9.29e-05,0.001382984
SLC14A1,ADvsCTL,0.538753056,0.056818629,0.153241993
EIF3I,ADvsCTL,0.028615099,0.487742962,0.653770814
PPP2R5C,ADvsCTL,-0.17943017,0.039505216,0.117023815
CTBP1,ADvsCTL,-0.282806542,0.000483216,0.004641077
AP3B2,ADvsCTL,-0.360739037,2.24e-07,2.26e-05
PDCL,ADvsCTL,0.053959247,0.666003043,0.795721564
PLD1,ADvsCTL,0.535020736,0.032872095,0.102222709
TARBP1,ADvsCTL,-0.059638602,0.714393967,0.828518717
UBE2V1,ADvsCTL,-0.153940869,0.000745158,0.006269911
SNTA1,ADvsCTL,0.279027217,7.9e-06,0.00022809
TCOF1,ADvsCTL,0.044870163,0.572628393,0.724908426
UNC119,ADvsCTL,0.033874578,0.810920737,0.891341318
SLC39A6,ADvsCTL,-0.411196871,0.025084737,0.083595055
SF3B2,ADvsCTL,0.216841431,0.003172584,0.018039838
PDAP1,ADvsCTL,0.049598499,0.36252827,0.539777654
ADAM9,ADvsCTL,-0.081544816,0.539093831,0.698181838
TMED1,ADvsCTL,0.277410664,0.004121748,0.021880247
GAB1,ADvsCTL,0.612724536,9.54e-05,0.001404066
SQSTM1,ADvsCTL,0.810446764,1.25e-08,4.5e-06
TUBB3,ADvsCTL,-0.221992667,8.94e-05,0.001342357
PPP1R1A,ADvsCTL,0.458401385,0.020024723,0.070192063
PIN1,ADvsCTL,-0.258207928,1.32e-06,6.53e-05
CAMK2B,ADvsCTL,0.171401257,0.288264673,0.467528251
CAMK2D,ADvsCTL,0.153402896,0.502852819,0.666363362
DCTN2,ADvsCTL,0.028218813,0.569505072,0.722566531
NAE1,ADvsCTL,0.088228502,0.07928575,0.194544883
TRA2A,ADvsCTL,0.104807348,0.39022638,0.564831753
CUL4A,ADvsCTL,0.073110164,0.089016425,0.211388295
DYRK1A,ADvsCTL,-0.064172802,0.389353789,0.563959285
CDH18,ADvsCTL,-0.548303589,0.106395399,0.240283235
TPBG,ADvsCTL,-0.426934143,0.00451474,0.023481217
MOGS,ADvsCTL,0.049115808,0.413769848,0.586915109
ALCAM,ADvsCTL,0.26085528,0.000450736,0.00439315
SHROOM2,ADvsCTL,-0.074869421,0.3298547,0.508714592
SPTAN1,ADvsCTL,-0.041939346,0.144097545,0.295213228
AUH,ADvsCTL,-0.386220462,2.28e-08,5.38e-06
BLMH,ADvsCTL,-0.001520555,0.9813021,0.987717678
SNTB1,ADvsCTL,0.41491626,6.92e-05,0.001116407
TUBB2A,ADvsCTL,-0.077500434,0.200499515,0.368792495
RAPGEF1,ADvsCTL,-0.140149145,0.068327884,0.175279054
IDI1,ADvsCTL,-0.136788653,0.079072936,0.194252605
CAPS,ADvsCTL,1.388835874,1.78e-06,7.79e-05
RASGRF1,ADvsCTL,-0.339049485,0.001562762,0.010808603
PRKG1,ADvsCTL,0.336746128,0.000600682,0.005347407
CKAP5,ADvsCTL,-0.011311466,0.757411889,0.856613792
COTL1,ADvsCTL,0.548512781,6.99e-08,9.67e-06
COX17,ADvsCTL,-0.166784965,0.220466704,0.392528962
RAB33A,ADvsCTL,0.027046669,0.596627073,0.745225752
NID2,ADvsCTL,0.076631399,0.428914272,0.600580175
LRP8,ADvsCTL,0.407600288,0.295217049,0.475267733
DSG2,ADvsCTL,-0.161778384,0.866412021,0.925193241
SAFB2,ADvsCTL,0.193655729,0.090312118,0.213759482
ARHGEF7,ADvsCTL,-0.150467837,0.000883744,0.007102539
UBAP2L,ADvsCTL,-0.094327004,0.248807776,0.425808787
GIT2,ADvsCTL,-0.149703855,0.070928773,0.180338726
SCARF1,ADvsCTL,-0.28437246,0.344368804,0.523044044
MLEC,ADvsCTL,-0.144846903,0.001579294,0.010901975
CRMP1,ADvsCTL,-0.18577828,0.014922746,0.056783984
DCTN1,ADvsCTL,-0.036942701,0.40497503,0.578680515
DYNC1H1,ADvsCTL,0.045222564,0.407582339,0.580504254
EIF2B1,ADvsCTL,0.079931813,0.106684812,0.240653445
RCN2,ADvsCTL,-0.216942907,0.00039459,0.003969633
TRIM25,ADvsCTL,0.158270969,0.025963909,0.085708305
PTK2B,ADvsCTL,-0.346517608,2.95e-06,0.000109222
FLNC,ADvsCTL,0.684811619,1.95e-05,0.000422848
FAM50A,ADvsCTL,0.551881485,0.038862465,0.115798555
GAMT,ADvsCTL,0.16427741,0.198929224,0.367556616
GALE,ADvsCTL,0.056618402,0.455592694,0.625993935
CAPRIN1,ADvsCTL,-0.182219781,0.00060913,0.005389262
ITPR2,ADvsCTL,0.477657539,1.29e-06,6.49e-05
ITPR3,ADvsCTL,0.000121785,0.999400722,0.999454931
ELAVL3,ADvsCTL,0.015802617,0.799443371,0.884377097
INPP5A,ADvsCTL,-0.156920205,0.056068201,0.151673025
ITPR1,ADvsCTL,-0.16755346,0.010721533,0.044681339
RASA3,ADvsCTL,0.004989075,0.971559432,0.983313014
PLS1,ADvsCTL,-0.054544646,0.83667387,0.907995647
LAGE3,ADvsCTL,0.254237009,0.013185862,0.051832858
TRIP12,ADvsCTL,0.005665893,0.928141053,0.961838149
PUM1,ADvsCTL,0.069126814,0.230013808,0.403632428
SMC1A,ADvsCTL,0.234151211,0.008111873,0.036151612
DIP2A,ADvsCTL,-0.039817266,0.472238117,0.640786413
PDCD11,ADvsCTL,0.018282829,0.929300695,0.96234666
BMS1,ADvsCTL,0.573703944,0.322634491,0.501666643
LPIN1,ADvsCTL,0.337601594,3.89e-05,0.000724487
USP10,ADvsCTL,-0.071950715,0.240636384,0.415981137
MESD,ADvsCTL,0.149044893,0.057495127,0.154134311
GANAB,ADvsCTL,0.312985044,0.058952064,0.157460897
RFTN1,ADvsCTL,-0.461881119,0.001583033,0.010917313
KCNB1,ADvsCTL,-0.43578286,0.082340108,0.199821996
KCNAB1,ADvsCTL,-0.252093866,0.033724209,0.104245051
MVP,ADvsCTL,0.169089905,0.302650671,0.483018921
GOLGB1,ADvsCTL,-0.088569794,0.101241557,0.232068362
NAA30,ADvsCTL,-0.08436597,0.504820475,0.667740654
MEF2D,ADvsCTL,-0.09468194,0.548836161,0.706956029
CRYM,ADvsCTL,-0.22638019,0.037261418,0.112803611
PTGR1,ADvsCTL,-0.43050313,0.52624544,0.686438533
NFIX,ADvsCTL,0.065904325,0.370818333,0.547474604
RAB39A,ADvsCTL,0.128003274,0.30638535,0.486764469
ZNF638,ADvsCTL,0.083194915,0.175502047,0.338804677
NUMA1,ADvsCTL,0.283552411,0.381786789,0.557351794
CUL7,ADvsCTL,0.297526026,0.094626174,0.220845578
DOCK4,ADvsCTL,-0.042393645,0.499844843,0.663744842
SLMAP,ADvsCTL,-0.020423409,0.776551712,0.869084286
TMEM132D,ADvsCTL,0.00699839,0.949832817,0.973101759
STXBP5,ADvsCTL,-0.067249801,0.256873523,0.434753722
TMEM132B,ADvsCTL,-0.273808004,0.002983637,0.01721822
PCDH10,ADvsCTL,0.033742215,0.708224271,0.825114541
PSMD6,ADvsCTL,-0.006085865,0.867948437,0.925678929
ABRAXAS2,ADvsCTL,-0.114910602,0.021604623,0.074604921
SEPTIN2,ADvsCTL,0.402490263,1.21e-08,4.5e-06
SART3,ADvsCTL,0.095605793,0.091697091,0.215830229
LARS2,ADvsCTL,-0.195932194,0.011291096,0.04642862
KARS1,ADvsCTL,-0.057844127,0.250971518,0.428187412
LRRC14,ADvsCTL,-0.092033902,0.278602685,0.457499208
EIF4H,ADvsCTL,-0.158874637,0.026453488,0.086965238
ACAP2,ADvsCTL,0.175297606,0.011746694,0.047565963
WDR43,ADvsCTL,0.145118581,0.114735598,0.25207488
ACOX1,ADvsCTL,0.039221545,0.76272281,0.860320711
EEA1,ADvsCTL,-0.17246421,3.02e-06,0.000111505
PDIA6,ADvsCTL,-0.030488681,0.572699229,0.724908426
PLCL1,ADvsCTL,0.102428043,0.373730112,0.550686019
PCOLCE,ADvsCTL,-0.243813311,0.501586239,0.665197572
PDK1,ADvsCTL,-0.091631387,0.340136307,0.51955839
PDK2,ADvsCTL,-0.299367687,0.000446736,0.004365991
PDK3,ADvsCTL,-0.443410516,1.55e-07,1.82e-05
PGM5,ADvsCTL,-0.129352408,0.606808449,0.751604055
PMVK,ADvsCTL,0.267275953,0.002345683,0.014532726
PLCB4,ADvsCTL,0.168806639,0.288251286,0.467528251
TCEAL1,ADvsCTL,-0.26724018,0.410067847,0.583274279
PPP2R5A,ADvsCTL,-0.07568001,0.163697671,0.321497494
PPA1,ADvsCTL,-0.071544064,0.161414488,0.318795831
NECTIN1,ADvsCTL,-0.322269344,1.57e-05,0.000361203
PTPRR,ADvsCTL,-0.05540859,0.694615981,0.814896911
PTPA,ADvsCTL,-0.006684443,0.914450311,0.953005084
RABEP1,ADvsCTL,-0.156090402,8.32e-05,0.00127292
RAB35,ADvsCTL,-0.150773308,0.003318581,0.018663451
RCN1,ADvsCTL,-0.169826917,0.08722983,0.208522488
RALBP1,ADvsCTL,-0.093544555,0.125553234,0.268701105
LLGL1,ADvsCTL,0.361927964,0.005696323,0.02788103
PCBP1,ADvsCTL,0.020277238,0.564150002,0.718599427
ELOB,ADvsCTL,-0.072350575,0.068859099,0.17626459
EPHA7,ADvsCTL,-0.217116385,0.03989118,0.117838708
UBE3C,ADvsCTL,0.01517656,0.842656288,0.911790058
SF3B3,ADvsCTL,0.163504631,0.012726706,0.050464827
RSU1,ADvsCTL,0.110935684,0.201896301,0.370091766
SEC23A,ADvsCTL,-0.150947154,0.001113228,0.008375996
CYTH1,ADvsCTL,-0.0620011,0.128104687,0.272378661
RGN,ADvsCTL,0.121969633,0.49548958,0.660010472
TAF7,ADvsCTL,0.228633833,0.182215419,0.347127941
SLC9A3R2,ADvsCTL,0.107695713,0.075249568,0.187863432
TSN,ADvsCTL,0.098398923,0.22045493,0.392528962
TRIP11,ADvsCTL,-0.027266572,0.876264994,0.929642198
MAPRE1,ADvsCTL,0.218358721,0.000349394,0.003630406
TSC22D1,ADvsCTL,-0.052463343,0.475285006,0.643585288
ELAVL1,ADvsCTL,0.002549148,0.962428613,0.978137867
NSDHL,ADvsCTL,-0.052029785,0.748924778,0.852780739
MYLK,ADvsCTL,0.271269696,0.002279603,0.014233667
MAPK11,ADvsCTL,-0.282304486,0.016089869,0.059841999
EFNB3,ADvsCTL,0.097076882,0.570716079,0.723419599
SPEG,ADvsCTL,0.041153842,0.866579049,0.925234244
MLF2,ADvsCTL,-0.132169047,0.046133714,0.130954934
TOMM34,ADvsCTL,0.044520589,0.652009733,0.785357548
MSMO1,ADvsCTL,-0.223829376,0.054258219,0.148226117
ITSN1,ADvsCTL,-0.109292457,0.012053456,0.048463111
TBCE,ADvsCTL,0.037439183,0.572731069,0.724908426
TBCC,ADvsCTL,0.022293919,0.656979224,0.788895575
NPTX1,ADvsCTL,-0.139518749,0.11809434,0.25702045
VAMP3,ADvsCTL,0.329091422,0.285795657,0.464676347
ADIRF,ADvsCTL,1.073982199,5.49e-06,0.000171644
RAB11B,ADvsCTL,0.059383542,0.063969649,0.166715105
ZYX,ADvsCTL,-0.029426487,0.734848014,0.841949947
ETFDH,ADvsCTL,-0.122512351,0.042652111,0.123758224
SEPTIN7,ADvsCTL,-0.048132442,0.123390629,0.265733172
ADRM1,ADvsCTL,0.025842247,0.637611422,0.77515965
IGFBP7,ADvsCTL,-0.042358111,0.751338996,0.854175091
NTRK3,ADvsCTL,-0.172026057,0.09427614,0.22031458
INA,ADvsCTL,0.105674235,0.455292623,0.625817698
PSMD5,ADvsCTL,0.071982108,0.238942919,0.41365016
PKN1,ADvsCTL,0.210427616,0.085796776,0.205917989
PKN2,ADvsCTL,0.121392645,0.687943765,0.810515137
DDB1,ADvsCTL,-0.058459927,0.111185368,0.247372828
CAMK4,ADvsCTL,-0.435555917,1.89e-05,0.000416095
CARTPT,ADvsCTL,-0.087590987,0.78899293,0.877702775
RBBP7,ADvsCTL,0.171929916,0.001511074,0.010552577
SGCB,ADvsCTL,0.368772276,0.114050699,0.251107034
STX1A,ADvsCTL,-0.497295548,4.05e-07,3.16e-05
CPSF6,ADvsCTL,-0.00962304,0.877855694,0.930369237
DBN1,ADvsCTL,-0.159278708,0.01887706,0.067452902
TBR1,ADvsCTL,-0.264598533,0.087227195,0.208522488
FSCN1,ADvsCTL,0.003454631,0.959141662,0.976380693
GAPD,ADvsCTL,-0.045011507,0.755378798,0.856287534
GUK1,ADvsCTL,-0.088303685,0.099412434,0.228823565
ME3,ADvsCTL,-0.21649719,0.078840698,0.194023473
RTN1,ADvsCTL,-0.126665054,0.053701611,0.147040613
RTN1,ADvsCTL,-0.287915355,0.004875384,0.024853745
PTPRN,ADvsCTL,-0.145706143,0.131619396,0.27706711
UGP2,ADvsCTL,0.172029095,0.000381841,0.003890338
AOC3,ADvsCTL,-0.153795225,0.616958306,0.758996002
CDO1,ADvsCTL,0.051716692,0.499332058,0.663286333
UGT8,ADvsCTL,0.988149773,0.003991183,0.021401864
STON2,ADvsCTL,0.424566054,0.057962498,0.155163472
GRIA3,ADvsCTL,-0.674947311,0.000385834,0.003908877
SORCS3,ADvsCTL,-0.136752113,0.65912924,0.790317824
ARHGAP44,ADvsCTL,-0.24882747,0.000441736,0.00432889
TXNRD2,ADvsCTL,-0.205236593,0.027385251,0.089175711
ATG16L1,ADvsCTL,-0.220055701,0.001130267,0.008471585
HNRNPUL2,ADvsCTL,0.05118799,0.275100312,0.453956537
LONRF2,ADvsCTL,-0.367193486,0.146074714,0.298661291
GRIA4,ADvsCTL,-0.391531135,5.23e-05,0.000912298
TMEM132A,ADvsCTL,0.099457481,0.270757415,0.449289046
INF2,ADvsCTL,0.063034842,0.630370628,0.769714248
SCN1B,ADvsCTL,-0.409561886,0.005442752,0.026912805
CLEC16A,ADvsCTL,0.108683527,0.357159704,0.535218699
PPP1R10,ADvsCTL,0.382737513,0.006933734,0.032156251
KIAA1109,ADvsCTL,-0.029134468,0.611718091,0.75447329
ARHGAP31,ADvsCTL,-0.230213757,0.428682343,0.60051911
AAK1,ADvsCTL,-0.226358101,0.002889644,0.016857428
TMEM266,ADvsCTL,-0.08775436,0.719068038,0.831199815
SOWAHA,ADvsCTL,-0.093152314,0.632436934,0.770951659
SGSM1,ADvsCTL,-0.095927393,0.23502282,0.409512248
GSTK1,ADvsCTL,-0.082022019,0.095139349,0.221347831
C10orf54,ADvsCTL,0.173887901,0.321891938,0.50130644
ALG11,ADvsCTL,0.031625946,0.81527312,0.894487424
VWC2,ADvsCTL,-0.554210162,0.011683195,0.04747071
ATG2A,ADvsCTL,-0.222612144,0.036637826,0.11132535
FBP1,ADvsCTL,0.460468424,0.004350019,0.022793652
LTF,ADvsCTL,0.696023832,0.118463063,0.257511276
AP5B1,ADvsCTL,0.217242477,0.599584282,0.746806881
SLC4A8,ADvsCTL,-0.723036489,0.019777645,0.069688221
NETO2,ADvsCTL,-0.120062195,0.597820734,0.745693869
NDUFAF6,ADvsCTL,-0.034343124,0.804314764,0.886821997
POLR1F,ADvsCTL,-0.187963071,0.082609198,0.200272316
UAP1L1,ADvsCTL,0.501095056,0.000552906,0.005057963
UQCC1,ADvsCTL,-0.146315711,0.013899698,0.053956031
HBB,ADvsCTL,1.267701216,0.0105679,0.044323559
LSM12,ADvsCTL,-0.202416381,0.009824303,0.041842633
RIMS4,ADvsCTL,0.011825542,0.970128878,0.982559423
ADCK5,ADvsCTL,-0.081782295,0.534864798,0.69357896
HSDL1,ADvsCTL,-0.10714172,0.093015748,0.217954754
CCDC88A,ADvsCTL,0.169847979,0.034901938,0.106966187
VMA21,ADvsCTL,0.149691279,0.528321373,0.688444862
TUBB8,ADvsCTL,-0.070559046,0.439430271,0.609820718
TUBB3,ADvsCTL,-0.330093616,0.013104301,0.051620611
LGALSL,ADvsCTL,-0.155813864,0.012398688,0.049413145
MMAA,ADvsCTL,-0.168725207,0.105570918,0.238946386
DTD1,ADvsCTL,0.046647466,0.366902538,0.543590104
SV2C,ADvsCTL,-0.195088024,0.384551441,0.559415383
CCDC186,ADvsCTL,0.361371794,0.075930594,0.18892036
COX19,ADvsCTL,-0.274226202,0.018733156,0.067105374
GTDC1,ADvsCTL,0.003259103,0.988978779,0.992705046
LARP7,ADvsCTL,-0.016329018,0.86070241,0.922382664
NADK2,ADvsCTL,0.084417552,0.096067531,0.222941335
KCTD21,ADvsCTL,0.217815757,0.194003133,0.361800502
LOC649305,ADvsCTL,0.955851789,0.102744328,0.234764914
ACSF3,ADvsCTL,-0.10814363,0.464989171,0.634420923
ZADH2,ADvsCTL,-0.316132544,8.26e-05,0.001266513
PREPL,ADvsCTL,-0.012740203,0.839460453,0.910058634
TBC1D10B,ADvsCTL,-0.202692106,0.000118988,0.001642769
JPH1,ADvsCTL,-0.036410779,0.701614107,0.819936681
DNAL1,ADvsCTL,-0.063896402,0.421983018,0.594462171
SEMA4D,ADvsCTL,-0.036820073,0.726461398,0.836836784
PLCG1,ADvsCTL,-0.027992968,0.533603879,0.692568153
NCAN,ADvsCTL,-0.255185293,0.000800565,0.006603747
PI4KA,ADvsCTL,-0.21469075,0.001267604,0.009256729
PTGFRN,ADvsCTL,-0.071770393,0.630358319,0.769714248
DECR2,ADvsCTL,-0.200839443,0.359215672,0.537403979
AADAT,ADvsCTL,-0.459538738,0.006142347,0.029454601
PDZGEF1,ADvsCTL,-0.147115958,0.002287945,0.01426773
FLJ20701,ADvsCTL,-0.461465866,0.020903961,0.07263443
ELOVL1,ADvsCTL,0.829581882,0.068754299,0.176058979
RFTN2,ADvsCTL,0.380860922,9.85e-05,0.001434243
FAM98B,ADvsCTL,0.051167456,0.396466137,0.570512385
PDCD4,ADvsCTL,0.387153635,0.001099414,0.008298093
SLC7A8,ADvsCTL,-0.254719624,0.041041047,0.120247759
TP53I3,ADvsCTL,0.27765878,0.20352435,0.371749785
NSFL1C,ADvsCTL,0.200002556,0.000990878,0.007680375
PNPO,ADvsCTL,0.136375034,0.06699247,0.172592574
TMEM35A,ADvsCTL,-0.330983488,0.004772379,0.02444354
NFS1,ADvsCTL,-0.355995296,1.12e-05,0.000292809
COMMD9,ADvsCTL,0.081972855,0.179555784,0.343861755
HIKESHI,ADvsCTL,0.138893375,0.322270186,0.501316923
PDLIM3,ADvsCTL,0.464977537,0.000469536,0.004551713
RALY,ADvsCTL,0.02099614,0.803875286,0.886580026
HSD17B12,ADvsCTL,0.024251688,0.770668329,0.865482793
KLHL22,ADvsCTL,-0.194621237,0.038731724,0.115608136
AFTPH,ADvsCTL,-0.138176773,0.082753545,0.200487118
MRPS30,ADvsCTL,-0.312520151,0.125228688,0.268245965
CCDC92,ADvsCTL,-0.257051272,0.00527615,0.02632439
CTTN,ADvsCTL,0.085006427,0.274144438,0.452898701
UCKL1,ADvsCTL,0.040183428,0.81454526,0.893841323
AIG1,ADvsCTL,-0.087918089,0.650316224,0.78425733
RDH14,ADvsCTL,-0.153284331,0.01887353,0.067452902
GPN1,ADvsCTL,-0.017850612,0.933422093,0.964175671
BOLA3,ADvsCTL,-0.334427976,0.02177549,0.075050839
HS1BP3,ADvsCTL,0.161994502,0.141029938,0.29091722
CYBRD1,ADvsCTL,0.320926297,0.141827724,0.291809731
ATP6V0A1,ADvsCTL,-0.376510596,9.36e-05,0.001387719
UFD1,ADvsCTL,0.207004236,0.007350767,0.033485795
TMEM9B,ADvsCTL,-0.188218581,0.204216643,0.372532045
VPS28,ADvsCTL,-0.218225911,0.138682048,0.286896742
TOMM22,ADvsCTL,-0.286885452,0.000983774,0.007650037
PKIG,ADvsCTL,0.559195213,0.088893318,0.211291856
AHSP,ADvsCTL,-0.009547963,0.973056723,0.983593283
CFL2,ADvsCTL,0.109027847,0.463373971,0.633177996
SRPRB,ADvsCTL,-0.249368848,9.14e-05,0.001366974
ACTBL2,ADvsCTL,-0.379756597,0.279570793,0.45859811
AKT3,ADvsCTL,-0.114271859,0.057052506,0.153584834
OCIAD2,ADvsCTL,-0.336160744,0.015697678,0.058717317
SDK2,ADvsCTL,-0.129414804,0.509543982,0.672403061
HSP90AB4P,ADvsCTL,0.034620998,0.687787024,0.810515137
HSP90AB2P,ADvsCTL,0.082755181,0.629348895,0.769228322
DCAF6,ADvsCTL,0.313163821,0.198199855,0.366812644
CAPN2,ADvsCTL,0.336203565,0.000123929,0.001688299
RUNDC3A,ADvsCTL,-0.015152805,0.844402449,0.912603954
ANXA11,ADvsCTL,-0.453994632,0.546705474,0.705499188
GIT1,ADvsCTL,-0.144261316,0.0016118,0.011041595
SCLY,ADvsCTL,-1.937845125,0.122003662,0.263219059
PTPRS,ADvsCTL,0.745448946,0.269418437,0.447868459
DLG3,ADvsCTL,-0.329536347,6.98e-06,0.000206605
APBA2,ADvsCTL,-0.215755814,0.007398937,0.033642476
MAN1C1,ADvsCTL,-0.777753094,0.138680999,0.286896742
STRN4,ADvsCTL,-0.113058771,0.142394412,0.292808178
CAST,ADvsCTL,1.269376617,0.015972173,0.059465756
YIF1B,ADvsCTL,-0.339174676,0.070989916,0.18034033
OXLD1,ADvsCTL,0.019720804,0.886056362,0.935065055
ZNF326,ADvsCTL,0.029131771,0.915291162,0.953052884
DKFZp686E0870,ADvsCTL,-0.414498311,0.000745276,0.006269911
DKFZp686M0430,ADvsCTL,0.070494908,0.901355702,0.945109557
PDZD11,ADvsCTL,0.336770876,0.073768409,0.185400476
CMPK2,ADvsCTL,-0.146195614,0.403927728,0.577969394
PRRT3,ADvsCTL,-0.270156311,0.009341053,0.040277558
XKR7,ADvsCTL,0.116318016,0.565939306,0.719858785
XKR4,ADvsCTL,-0.120706296,0.601611784,0.747907632
TCEAL5,ADvsCTL,-0.069756573,0.356318741,0.534584073
MTX3,ADvsCTL,-0.412271517,0.000696121,0.005939735
RABL3,ADvsCTL,-0.057416948,0.670235902,0.798047814
COQ5,ADvsCTL,-0.076314664,0.37750804,0.553827317
DKFZp686E1893,ADvsCTL,0.222653588,0.294053441,0.473924804
DKFZp686E1899,ADvsCTL,0.347620009,0.000100033,0.001447764
DAZAP1/MEF2D,ADvsCTL,0.199430381,0.396005666,0.570149871
NOMO2,ADvsCTL,-0.195757945,1.01e-05,0.000270238
EARS2,ADvsCTL,-0.233824278,0.012467436,0.04965574
SH3KBP1,ADvsCTL,-0.030989104,0.571525279,0.724274372
PABPC1L2B,ADvsCTL,-0.234367929,0.009551093,0.040820564
PPM1J,ADvsCTL,0.208553033,0.179326987,0.343606557
MIA3,ADvsCTL,-0.10665971,0.071788223,0.181693416
TSC22D3,ADvsCTL,0.178769331,0.101947584,0.233345661
PITRM1,ADvsCTL,-0.363732562,0.007672638,0.034601432
RALGPS1,ADvsCTL,0.039152714,0.797716147,0.883488371
WDR44,ADvsCTL,0.112344257,0.06308351,0.16517841
PRRC2B,ADvsCTL,0.089265577,0.624842837,0.765297956
LRRC73,ADvsCTL,-0.485515888,0.000707025,0.006025627
COA6,ADvsCTL,0.037426355,0.705593554,0.82298272
TOR1AIP1,ADvsCTL,0.083032214,0.116532802,0.254778251
AARS2,ADvsCTL,-0.233382888,0.061833426,0.162892999
IQSEC2,ADvsCTL,-0.277956974,0.00177622,0.011840919
DLG3,ADvsCTL,-0.411941748,0.183530758,0.348745134
HABP4,ADvsCTL,-0.386800814,0.006737726,0.03147043
DKFZp564C0482,ADvsCTL,0.214185251,0.395629712,0.570065008
GPRASP1,ADvsCTL,-0.137967036,0.738614614,0.844702661
SNX21,ADvsCTL,-0.450765123,0.361791502,0.539127051
SLC27A3,ADvsCTL,-0.091060153,0.655397774,0.787481695
COLEC12,ADvsCTL,0.140385317,0.512718724,0.674837289
UCHL5,ADvsCTL,-0.26384747,0.006756312,0.031536761
EOGT,ADvsCTL,-0.293213266,0.165869471,0.324652817
DNTTIP2,ADvsCTL,-0.0086988,0.968523295,0.981347804
CPEB3,ADvsCTL,-0.093727134,0.263350559,0.441202689
MRPS18A,ADvsCTL,-0.119245782,0.581512591,0.732671232
RABGAP1L,ADvsCTL,-0.076090467,0.147914399,0.300852885
ELFN2,ADvsCTL,-0.158668288,0.114946897,0.252384929
ERICH3,ADvsCTL,-0.077830206,0.696836364,0.816342665
EXOSC6,ADvsCTL,0.49479597,0.100594201,0.230952469
PPM1L,ADvsCTL,0.045137224,0.56610724,0.719945081
ATAT1,ADvsCTL,0.006992112,0.867329415,0.925469905
CAMK1D,ADvsCTL,-0.145686967,0.001683796,0.011383603
SAR1A,ADvsCTL,-0.027072533,0.567284126,0.72105673
NUP188,ADvsCTL,0.4195506,0.020801893,0.072424017
PHYHD1,ADvsCTL,0.215522019,0.101507919,0.232530721
HP1BP3,ADvsCTL,0.193652415,0.05958142,0.158291308
ABCF1,ADvsCTL,0.426756492,0.148531086,0.301543048
CEP170,ADvsCTL,0.063526555,0.167865148,0.327667303
ODR4,ADvsCTL,0.259061303,0.000348794,0.003630406
DNLZ,ADvsCTL,0.343363752,0.121850523,0.263125432
CLVS2,ADvsCTL,-0.111170115,0.072800855,0.183545934
SZT2,ADvsCTL,0.00848102,0.964596229,0.97874745
TPRG1L,ADvsCTL,-0.089840022,0.338317541,0.518063026
CC2D1B,ADvsCTL,0.245673831,0.0502027,0.139910121
FNBP1L,ADvsCTL,-0.121512623,0.478512656,0.646373997
MARCHF8,ADvsCTL,0.190889398,0.328398651,0.507230297
THEM4,ADvsCTL,-0.008962293,0.94932265,0.972867455
SLC35F1,ADvsCTL,-0.18019852,0.433108049,0.603615345
ZC3H13,ADvsCTL,0.104256008,0.327198289,0.505702039
ARMH3,ADvsCTL,0.156443035,0.011688364,0.04747071
MPP7,ADvsCTL,-0.119975831,0.090000173,0.213238163
IBA57,ADvsCTL,-0.070476352,0.381362517,0.557023492
GJC2,ADvsCTL,-0.216036509,0.392738442,0.566921054
HECTD3,ADvsCTL,-0.049096212,0.56428832,0.718648351
ZFYVE27,ADvsCTL,-0.348257992,0.004238729,0.022369171
UBR4,ADvsCTL,-0.035681785,0.241479919,0.416838267
FAM219A,ADvsCTL,-0.271697589,0.10162643,0.232728084
SARS1,ADvsCTL,0.015446995,0.750648534,0.853527491
GOLPH3L,ADvsCTL,0.067026946,0.727467941,0.837425522
KIAA1217,ADvsCTL,-0.122134214,0.113421244,0.250257365
ARHGAP21,ADvsCTL,0.018946238,0.70794037,0.82505105
CAMSAP1,ADvsCTL,-0.161799017,0.00660564,0.031014599
ZNF648,ADvsCTL,0.524324973,0.010903386,0.045386604
C9orf64,ADvsCTL,0.114400776,0.088007683,0.210032935
FAM162B,ADvsCTL,-0.164833374,0.625978748,0.766411087
GPR158,ADvsCTL,-0.255621679,0.00705884,0.032597239
FAM102B,ADvsCTL,-0.03047417,0.819489136,0.897421653
WASF3,ADvsCTL,0.589465398,0.001701588,0.011460225
FAM102A,ADvsCTL,0.118549692,0.436548608,0.607016072
PIP5KL1,ADvsCTL,-0.160015471,0.44135191,0.612038614
CPTP,ADvsCTL,-0.133783973,0.304763093,0.485313466
UQCC2,ADvsCTL,-0.185995689,0.042230738,0.122932293
FRY,ADvsCTL,-0.159727783,0.037780147,0.113704472
LSM14B,ADvsCTL,-0.070319504,0.776161483,0.868803228
OGFRL1,ADvsCTL,0.053056989,0.600100216,0.747190731
DKFZp686D04248,ADvsCTL,-0.44983908,0.14611276,0.298661291
TTBK1,ADvsCTL,-0.03700546,0.649070963,0.783449889
SH3PXD2A,ADvsCTL,-0.105550709,0.05067643,0.141066395
FHL5,ADvsCTL,-0.305003646,0.224408496,0.396212644
NTPCR,ADvsCTL,0.171746742,0.123644007,0.265864249
WDR3,ADvsCTL,0.233270256,0.745164292,0.850252524
DDI2,ADvsCTL,0.020787508,0.783830435,0.873720289
NDUFAF5,ADvsCTL,-0.31720492,0.003332112,0.018695694
NT5DC1,ADvsCTL,0.128166497,0.200946288,0.36890357
FAXC,ADvsCTL,0.366491466,0.210400503,0.380828086
ARFGEF3,ADvsCTL,-0.055559276,0.493382135,0.657934315
VPS13D,ADvsCTL,-0.039329996,0.377275002,0.55375997
CROCC,ADvsCTL,0.25902085,0.000917067,0.007305052
PACSIN1,ADvsCTL,-0.311804079,6.41e-05,0.001047993
TREX1,ADvsCTL,-0.096239976,0.427745851,0.600079929
ASPHD1,ADvsCTL,-0.061029305,0.765032227,0.86175138
LYRM7,ADvsCTL,-0.160295996,0.132417023,0.278249014
PNMA2,ADvsCTL,-0.057903764,0.570412345,0.723373765
RAB33B,ADvsCTL,-0.053147322,0.511131675,0.673611238
RASIP1,ADvsCTL,-0.10396294,0.554963485,0.711306548
VPS53,ADvsCTL,-0.09120467,0.053282326,0.146450047
ABHD17B,ADvsCTL,0.123839151,0.331554773,0.510898346
GKAP1,ADvsCTL,0.566872307,0.112520405,0.249033622
CDC42BPA,ADvsCTL,-0.082310547,0.102275062,0.233915588
RPRD2,ADvsCTL,0.113445724,0.361036143,0.538559306
MTARC1,ADvsCTL,-0.078184942,0.435867662,0.606655591
PRPF38B,ADvsCTL,0.513232693,0.199978066,0.368573341
TTC39B,ADvsCTL,-0.43101552,0.026422933,0.086944262
RNF20,ADvsCTL,0.179739578,0.044445393,0.127368811
NRSN1,ADvsCTL,-0.357288349,0.075290316,0.187863432
SERBP1,ADvsCTL,0.123770742,0.509265514,0.672403061
FAM171A1,ADvsCTL,0.115654739,0.037363899,0.112876324
ATRNL1,ADvsCTL,-0.179758146,0.170497098,0.331276507
PLEKHM2,ADvsCTL,-0.003753864,0.961034983,0.977754545
YOD1,ADvsCTL,-0.17122209,0.055358819,0.150319361
BROX,ADvsCTL,0.083590254,0.34001686,0.519486251
FOCAD,ADvsCTL,-0.017093256,0.914176315,0.953005084
SNX30,ADvsCTL,-0.228412904,5.54e-05,0.000951772
MLIP,ADvsCTL,-0.174486542,0.461902344,0.63212777
DAB2IP,ADvsCTL,-0.117805968,0.105345582,0.238586514
PARD3,ADvsCTL,0.190452944,0.246555005,0.423327923
C1QL3,ADvsCTL,-0.162518988,0.14336604,0.294217382
LYPLAL1,ADvsCTL,0.017397094,0.868352624,0.925753732
ECPAS,ADvsCTL,-0.020381966,0.623460071,0.764237951
JAKMIP3,ADvsCTL,-0.038815824,0.704222282,0.821916417
DENND4C,ADvsCTL,-0.065108403,0.730769415,0.839416226
CARMIL1,ADvsCTL,0.05433943,0.377124005,0.553715649
RBM17,ADvsCTL,0.154639351,0.184904861,0.350281978
FAM160B1,ADvsCTL,-0.073514916,0.196277509,0.364906727
RNF123,ADvsCTL,-0.07858046,0.106149915,0.239815934
FBXW9,ADvsCTL,-0.67457646,0.010052624,0.042634744
PLCXD3,ADvsCTL,-0.099210972,0.242767887,0.418659652
KANK2,ADvsCTL,0.499590431,0.004210168,0.022251093
WASHC2A,ADvsCTL,0.288397636,8.23e-05,0.001265432
LPCAT4,ADvsCTL,-0.205570484,0.015086545,0.057144559
TXNDC5,ADvsCTL,-0.041911109,0.531505978,0.690717706
DKFZp666L2010,ADvsCTL,-0.117844985,0.403767769,0.577855465
MAP1S,ADvsCTL,-0.164748035,0.029976424,0.095407264
PPP2R2D,ADvsCTL,0.016222816,0.843993715,0.912497639
LRG1,ADvsCTL,0.136644808,0.605803026,0.750736407
DKFZp434I2435,ADvsCTL,0.249111325,0.02445217,0.081959209
MBLAC2,ADvsCTL,0.101528747,0.205411985,0.373868524
DKFZp781D1722,ADvsCTL,0.239329421,0.150638503,0.304365942
KCTD16,ADvsCTL,-0.196262993,0.05693324,0.153378574
DKFZp781K06126,ADvsCTL,-0.059472255,0.767688605,0.863965121
INTS3,ADvsCTL,-0.262066331,0.141281843,0.291158745
GALNT16,ADvsCTL,0.011274859,0.92764066,0.961838149
DKFZp667H197,ADvsCTL,0.005196873,0.943748018,0.969353062
VIRMA,ADvsCTL,0.54013401,0.132017824,0.277695278
ANKRD34A,ADvsCTL,-0.273572042,0.003525186,0.019520143
CYB5R2,ADvsCTL,0.567733284,0.010648793,0.044470947
UHRF1BP1,ADvsCTL,-0.249130024,0.015344475,0.057786809
ATL3,ADvsCTL,0.278421007,0.000526758,0.004870753
NXN,ADvsCTL,0.096671204,0.644798021,0.780682067
MCTP1,ADvsCTL,-0.085796953,0.247124068,0.423733831
VASN,ADvsCTL,0.457701857,0.202861325,0.370821222
CARMIL2,ADvsCTL,-0.210541246,0.13059274,0.275874767
RPLP1,ADvsCTL,-0.170999446,0.225530137,0.397509991
SH3GL1,ADvsCTL,-0.30968739,0.001482379,0.010412845
NAPG,ADvsCTL,-0.193411355,2.17e-05,0.000458225
CIAPIN1,ADvsCTL,-0.110901064,0.24310245,0.419136128
PACSIN2,ADvsCTL,0.055733325,0.204032213,0.37242649
CLIC4,ADvsCTL,0.601890063,0.003992952,0.021401864
TOLLIP,ADvsCTL,-0.140134284,0.004593452,0.023787402
SMYD5,ADvsCTL,0.054490635,0.474330832,0.643019539
PTRHD1,ADvsCTL,0.410271251,0.000370357,0.003794843
OTUD7B,ADvsCTL,0.330789252,0.003451542,0.019201038
SELENOS,ADvsCTL,0.304138038,0.126657404,0.270145805
RALGAPA1,ADvsCTL,-0.174925499,0.001481535,0.010412845
ABLIM2,ADvsCTL,-0.27591878,0.000309838,0.003316463
NADSYN1,ADvsCTL,-0.198852306,0.317496996,0.496792667
ELP2,ADvsCTL,-0.100847481,0.405148766,0.578680515
LAMTOR1,ADvsCTL,0.247388344,0.000213155,0.002500259
DNAJC12,ADvsCTL,0.352413936,0.002689958,0.015990797
PIPOX,ADvsCTL,0.233259469,0.094762505,0.220948686
HYAL3,ADvsCTL,0.282144267,0.1283128,0.27241268
PNMA1,ADvsCTL,0.397846719,0.259061783,0.437322555
FARSA,ADvsCTL,-0.354550138,1.58e-05,0.000361281
TWF2,ADvsCTL,-0.208644768,8.27e-06,0.000236005
GRAMD4,ADvsCTL,-0.252283124,0.041840763,0.122150641
KIAA0930,ADvsCTL,0.542881946,0.001428861,0.010169027
OLFM3,ADvsCTL,-0.907093111,6.3e-08,9.18e-06
RPL14,ADvsCTL,-0.052375353,0.739486597,0.845379386
TCEAL6,ADvsCTL,-0.057529637,0.488641227,0.654518939
CCSAP,ADvsCTL,0.030070623,0.803003174,0.885896199
NAPEPLD,ADvsCTL,0.20948949,0.018160479,0.065706475
RAB12,ADvsCTL,-0.057010253,0.332731943,0.512273302
SDE2,ADvsCTL,0.205454759,0.159573438,0.31646312
SLC25A25,ADvsCTL,-0.188058763,0.005461485,0.026962567
PDE12,ADvsCTL,-0.064082369,0.150282659,0.303988517
STX12,ADvsCTL,-0.01306162,0.777860335,0.869896337
STAG2,ADvsCTL,-0.004114057,0.974311314,0.984300742
DKFZp686G11190,ADvsCTL,-1.11861715,0.085481702,0.205367361
RGS7BP,ADvsCTL,-0.146804386,0.217074433,0.38823144
DKFZp686C11235,ADvsCTL,0.713382992,0.063281544,0.165521508
DKFZp686M08189,ADvsCTL,0.688260188,0.315363795,0.495178297
TENM4,ADvsCTL,-0.034976198,0.667679127,0.796513335
DKFZp686P15220,ADvsCTL,0.220328617,0.504601348,0.667573569
DKFZp686I04196,ADvsCTL,0.06364578,0.826602701,0.901281375
IGL@,ADvsCTL,0.109784796,0.700455996,0.819248777
SLC18B1,ADvsCTL,-0.285755172,0.413512005,0.586685194
RHBDD2,ADvsCTL,-0.260657996,0.010614672,0.044441986
SLC25A24,ADvsCTL,-0.079372601,0.284320642,0.463010726
RETSAT,ADvsCTL,-0.133157503,0.198836491,0.367479671
PPP4R4,ADvsCTL,-0.064736338,0.711555713,0.827789138
CLMN,ADvsCTL,0.166833826,0.273358939,0.452040496
CRACDL,ADvsCTL,-0.273101094,0.001767035,0.011790616
LGALS3,ADvsCTL,0.390661377,0.08203976,0.199346949
EXOC4,ADvsCTL,-0.11712244,0.002878614,0.016847736
ARMC6,ADvsCTL,-0.110461204,0.264217859,0.442186845
WDR13,ADvsCTL,-0.157484727,0.024384965,0.081818578
TAPT1,ADvsCTL,0.275454397,0.070599407,0.179696226
KANK3,ADvsCTL,0.289928494,0.383756535,0.558777481
MAP2,ADvsCTL,-0.344404797,0.594417001,0.743959645
CAVIN1,ADvsCTL,0.01938431,0.923051366,0.958496965
DHX57,ADvsCTL,0.021915422,0.957743525,0.975516171
MRPL54,ADvsCTL,0.161621176,0.212332229,0.38335987
LPCAT3,ADvsCTL,0.209308404,0.613914267,0.756533378
FAM117B,ADvsCTL,0.19788868,0.159242629,0.315963835
CC2D1A,ADvsCTL,0.231505969,0.000502764,0.004752142
C8orf82,ADvsCTL,0.015030613,0.835570724,0.907209089
EDC4,ADvsCTL,-0.151362043,0.040677556,0.119474749
PNCK,ADvsCTL,-0.314037739,0.179312075,0.343606557
PRPF8,ADvsCTL,0.114477882,0.033980387,0.104901685
NIPAL3,ADvsCTL,-0.151927637,0.210892159,0.381430048
SFXN4,ADvsCTL,-0.086028217,0.404270037,0.578229146
CNNM4,ADvsCTL,-0.359621579,0.028591712,0.09185359
PCDHAC2,ADvsCTL,-0.07667888,0.759973857,0.858370837
FAHD1,ADvsCTL,-0.251224877,0.001329179,0.009612747
CGNL1,ADvsCTL,1.029580037,0.000572826,0.005173225
ANKRD16,ADvsCTL,-0.145980254,0.366279946,0.543079912
ALKBH5,ADvsCTL,0.094733114,0.655466595,0.787481695
LRRC8B,ADvsCTL,-0.258659478,0.006489125,0.030607396
ABHD17C,ADvsCTL,0.26236855,0.172612622,0.334213349
PGM2L1,ADvsCTL,-0.108463917,0.147107324,0.29984216
TTC37,ADvsCTL,0.122906371,0.0223328,0.076159683
TMEM65,ADvsCTL,-0.259059546,0.002642449,0.015839281
TTC33,ADvsCTL,0.033268103,0.861080855,0.922513344
HAGHL,ADvsCTL,-0.087909535,0.317987101,0.49745133
KCNIP4,ADvsCTL,-0.792598722,0.000493086,0.004697706
HEL-213,ADvsCTL,0.30887731,0.289609331,0.468863363
BTF3L4,ADvsCTL,-0.025668533,0.692657766,0.813833275
WDR59,ADvsCTL,0.147074985,0.320673171,0.50002599
LARP1,ADvsCTL,-0.190458736,0.000857824,0.006932952
TMED8,ADvsCTL,0.039383898,0.692596589,0.813833275
CPLX2,ADvsCTL,-0.346069837,0.001384883,0.009931667
TRAF7,ADvsCTL,-0.65276683,0.296068995,0.476106479
CORO6,ADvsCTL,-0.344925011,0.041761525,0.122010825
GNE,ADvsCTL,-0.036277756,0.790587705,0.878390078
RICTOR,ADvsCTL,0.19630828,0.190506249,0.357299408
POTEE,ADvsCTL,-0.206327561,0.07467724,0.186706077
SLC4A10,ADvsCTL,-0.71391801,6.35e-08,9.18e-06
ANKRD11,ADvsCTL,0.426056975,0.190728152,0.35745411
FIP1L1,ADvsCTL,0.156566931,0.224022111,0.395788258
CRTC3,ADvsCTL,0.334442014,0.175578605,0.338861526
CRTC1,ADvsCTL,0.068611492,0.476822987,0.645060701
CSPG4,ADvsCTL,0.023487973,0.859412189,0.921686577
MOXD1,ADvsCTL,0.003211814,0.980444213,0.987422372
UQCC3,ADvsCTL,-0.923767064,0.421579274,0.59400974
ENPP6,ADvsCTL,0.608475474,0.040716267,0.119539636
OLFML1,ADvsCTL,0.186723637,0.746098203,0.850539202
CWC27,ADvsCTL,0.025212151,0.885674396,0.935065055
SEZ6L2,ADvsCTL,-0.243443743,0.004560368,0.023650129
CRELD2,ADvsCTL,-0.543267461,0.00404575,0.021588339
ISLR2,ADvsCTL,-0.02582999,0.865815545,0.924693574
KSR2,ADvsCTL,-0.153236802,0.118965354,0.258271654
HBB,ADvsCTL,0.322010139,0.122143658,0.26336311
NSMF,ADvsCTL,0.008879775,0.972239977,0.983313014
NAPRT,ADvsCTL,0.294516979,0.045940025,0.130611305
DSTYK,ADvsCTL,-0.04556483,0.756166313,0.856287534
HACD2,ADvsCTL,0.145253115,0.051196527,0.142238942
B3GLCT,ADvsCTL,0.004052432,0.97718153,0.985612427
CD109,ADvsCTL,0.841430225,2.52e-07,2.38e-05
HSDL2,ADvsCTL,0.15039776,0.001000962,0.007713069
PPP1R21,ADvsCTL,-0.067928505,0.189008775,0.356108317
THSD4,ADvsCTL,0.872882142,0.017348806,0.063506343
EML6,ADvsCTL,-0.401959095,0.034161903,0.105281305
TPM1,ADvsCTL,-0.116731357,0.341111617,0.520480286
UNC5A,ADvsCTL,-0.297219319,0.012933608,0.051088109
ATG14,ADvsCTL,-0.361274661,0.060199755,0.159549313
C1orf122,ADvsCTL,-0.030698539,0.882241166,0.93268088
MFSD6,ADvsCTL,-0.096340094,0.162605404,0.320180857
PPP1R3F,ADvsCTL,-0.241144856,0.003670946,0.020156574
TBC1D9,ADvsCTL,-0.623045683,0.113773482,0.250650124
UBR3,ADvsCTL,-0.274465168,0.000232721,0.002648677
BARGIN,ADvsCTL,0.002312526,0.986935429,0.991068902
ANKRD13D,ADvsCTL,-0.052898492,0.509327564,0.672403061
TPGS1,ADvsCTL,-0.460463981,0.489653699,0.654687985
PNPLA7,ADvsCTL,-0.008886792,0.983469912,0.988890284
SH2D5,ADvsCTL,-0.332196737,0.001802658,0.011928722
NYAP1,ADvsCTL,-0.033889535,0.834875727,0.906728235
NUDT18,ADvsCTL,0.035474193,0.782261051,0.873049456
KIAA1549L,ADvsCTL,-0.413993523,6.58e-05,0.001070213
KCTD8,ADvsCTL,-0.009040613,0.936671773,0.965531681
VPS13C,ADvsCTL,0.079800268,0.039125079,0.116340096
USP34,ADvsCTL,-0.120855407,0.548168894,0.706373854
USP31,ADvsCTL,0.019207261,0.859361152,0.921686577
USP54,ADvsCTL,0.440099601,0.047961604,0.135077455
ZNF365,ADvsCTL,-0.399269318,0.002261215,0.014131123
PREX2,ADvsCTL,-0.176682612,0.498634228,0.662849012
UBE2R2,ADvsCTL,0.111851702,0.310621221,0.490695073
TMUB2,ADvsCTL,-0.081983917,0.406614397,0.580312968
TUBA1A,ADvsCTL,0.139321878,0.075294106,0.187863432
PGAP1,ADvsCTL,-0.225155185,0.211432862,0.382215777
KNDC1,ADvsCTL,-0.397260213,0.001135276,0.008488608
BTN2A1,ADvsCTL,-0.237770282,0.056697715,0.153071123
SUPT6H,ADvsCTL,0.19807683,0.224701424,0.396480755
COX15,ADvsCTL,-0.047984705,0.600995737,0.747635851
TRMT10C,ADvsCTL,-0.170543367,0.047308588,0.133604504
EIF3M,ADvsCTL,0.033538022,0.463041803,0.633084906
PARS2,ADvsCTL,-0.263179976,0.000663257,0.00576881
MIGA2,ADvsCTL,-0.220674993,0.534815887,0.69357896
RSRC2,ADvsCTL,-0.016973314,0.904537595,0.947201973
RRAGA,ADvsCTL,0.156219184,0.049782417,0.139008123
CYFIP1,ADvsCTL,0.128093197,0.019065442,0.068058957
GET4,ADvsCTL,-0.128360296,0.522610117,0.682982299
LPCAT2,ADvsCTL,0.25560582,0.194572294,0.362392156
EPM2AIP1,ADvsCTL,-0.148943105,0.042139521,0.122716427
RAB11FIP2,ADvsCTL,-0.207755768,0.09811216,0.22691986
FASTKD5,ADvsCTL,-0.579486037,0.001977891,0.012805552
MOB1A,ADvsCTL,0.357545153,2.46e-06,9.57e-05
KDM3B,ADvsCTL,-0.020415681,0.944413791,0.969759943
ARC,ADvsCTL,-0.735764192,0.002475107,0.015164777
CAMK2A,ADvsCTL,-0.209224376,0.015412892,0.057983749
RASGRP2,ADvsCTL,-0.154807396,0.156435592,0.312385349
SYNE1,ADvsCTL,-0.352876559,0.007151141,0.032888847
NIPA1,ADvsCTL,0.042247655,0.897038475,0.942506244
MICAL3,ADvsCTL,-0.067893688,0.258381896,0.43668726
KLC1,ADvsCTL,-0.062706125,0.086638978,0.207385746
GPRIN1,ADvsCTL,-0.119115359,0.239021391,0.413686445
EFL1,ADvsCTL,0.039623802,0.842290062,0.911752057
NEGR1,ADvsCTL,-0.280595634,0.000407076,0.004061163
POGZ,ADvsCTL,0.002942114,0.974304319,0.984300742
MON2,ADvsCTL,0.073285293,0.210345965,0.380825201
MYH14,ADvsCTL,0.159101097,0.051416872,0.142640923
NUFIP2,ADvsCTL,-0.054356114,0.617548415,0.759304693
SZRD1,ADvsCTL,0.837804078,0.04783733,0.134780225
MAVS,ADvsCTL,0.57526026,0.000497781,0.004731191
COMMD6,ADvsCTL,-0.01575458,0.888132759,0.936719837
TTC21B,ADvsCTL,-0.204392199,0.179894101,0.344234709
HDGFL2,ADvsCTL,0.02161544,0.872923959,0.927658272
DCXR,ADvsCTL,-0.063856853,0.282813483,0.462075914
AK3,ADvsCTL,0.091610356,0.205951063,0.374592555
MDGA2,ADvsCTL,-0.159788276,0.35553422,0.534046997
GOLGA7,ADvsCTL,0.050776199,0.671452853,0.798439473
IRF2BP2,ADvsCTL,0.346436643,0.03509774,0.107428954
SPRED1,ADvsCTL,-0.054202226,0.490513948,0.655567973
RBBP6,ADvsCTL,-0.071903187,0.712135877,0.828062296
NECAB2,ADvsCTL,-0.422061593,0.007448708,0.033846213
HBA2,ADvsCTL,-1.174627561,0.073428868,0.184805405
SH3RF1,ADvsCTL,-0.234007995,0.259290827,0.4373708
TAMALIN,ADvsCTL,-0.381214525,0.007287144,0.033280272
FRMD5,ADvsCTL,0.180153417,0.090373855,0.213835244
PTAR1,ADvsCTL,0.187805388,0.286304928,0.465294024
PRRT2,ADvsCTL,-0.331325324,0.000150474,0.001950198
TECPR1,ADvsCTL,-0.395406691,0.000101937,0.001464089
PXK,ADvsCTL,0.156418703,0.238244526,0.412739132
UBE2Q1,ADvsCTL,-0.139961076,0.357565124,0.535714629
TMED4,ADvsCTL,-0.008127562,0.936043174,0.965298717
CAMK2N1,ADvsCTL,0.857665277,0.025872029,0.085483465
CMC1,ADvsCTL,-0.130951105,0.279838952,0.458910373
CENPV,ADvsCTL,0.133303591,0.200174603,0.368573341
MEGF8,ADvsCTL,-0.120495453,0.128814789,0.273081277
SCD5,ADvsCTL,0.204190156,0.02594243,0.085676722
ADGRA1,ADvsCTL,-0.452289761,0.000279171,0.003056921
GLRX5,ADvsCTL,-0.244253451,0.012965843,0.051187327
TRAPPC6B,ADvsCTL,-0.254849682,0.011539939,0.047189755
PIP4P1,ADvsCTL,-0.080372558,0.309967029,0.490097926
CLEC14A,ADvsCTL,-0.241963474,0.356902674,0.534944975
BCL2L13,ADvsCTL,-0.673444928,0.385583678,0.560530193
MOB3B,ADvsCTL,-0.435519292,0.146801625,0.299377468
DPP9,ADvsCTL,0.023472408,0.737272926,0.843921731
PRUNE1,ADvsCTL,-0.006229648,0.909931464,0.949947318
TTC7B,ADvsCTL,-0.236353104,0.00244005,0.015013929
ADCK1,ADvsCTL,-0.314334778,0.078114025,0.192951299
ISCA2,ADvsCTL,0.026454766,0.800246641,0.884469627
METTL3,ADvsCTL,-0.081766897,0.875020355,0.92888348
LDB1,ADvsCTL,0.003253837,0.992394666,0.994861233
C12orf10,ADvsCTL,0.108228881,0.36058087,0.538326732
ZNF598,ADvsCTL,-0.050400572,0.722268951,0.832977483
MAGI2,ADvsCTL,-0.17733331,0.001972063,0.012779322
RIMS1,ADvsCTL,-0.354533821,0.001128087,0.008470071
SMG6,ADvsCTL,0.080925323,0.685326843,0.808906882
NLRX1,ADvsCTL,-0.076478738,0.353960175,0.532309332
HAPLN4,ADvsCTL,-0.267271991,0.038381141,0.115031478
FERMT3,ADvsCTL,0.52946471,0.001156228,0.008604681
NT5DC3,ADvsCTL,-0.234619857,0.022250801,0.076145868
FAM124A,ADvsCTL,0.345375176,0.528007151,0.688160072
PNMA8A,ADvsCTL,-0.080092057,0.735807912,0.84264708
GPR180,ADvsCTL,0.032884208,0.757686242,0.85665469
FAM160B2,ADvsCTL,-0.287408117,0.31632503,0.495605737
KBTBD6,ADvsCTL,-0.044392432,0.767755464,0.863965121
KIF27,ADvsCTL,-0.109718641,0.662521605,0.793016401
LRRTM3,ADvsCTL,-0.321425853,0.019235847,0.068462865
VPS36,ADvsCTL,-0.107367796,0.152968333,0.30786268
GLCCI1,ADvsCTL,-0.107655494,0.425535421,0.597920396
RETREG3,ADvsCTL,-0.338848327,0.019471372,0.069015003
HOOK3,ADvsCTL,-0.090478115,0.031380247,0.098637552
RTTN,ADvsCTL,0.133087459,0.457494805,0.627768052
COMMD7,ADvsCTL,0.048110772,0.754235745,0.855982599
TSPYL5,ADvsCTL,0.090755633,0.677659269,0.803433568
THOC6,ADvsCTL,-0.21100757,0.355836977,0.534144965
PPFIBP1,ADvsCTL,0.288458314,0.186609148,0.352860043
LONP2,ADvsCTL,1.209608437,0.034753956,0.106574993
OSTM1,ADvsCTL,0.180969941,0.126452872,0.270122157
SBF2,ADvsCTL,0.31957779,7.17e-06,0.000211278
PKHD1L1,ADvsCTL,0.078947506,0.842705451,0.911790058
CCDC25,ADvsCTL,-0.066391047,0.749080441,0.852822984
LDHD,ADvsCTL,-0.018273361,0.890849209,0.938320425
CCDC43,ADvsCTL,-0.014177496,0.841223744,0.911146272
RALGAPB,ADvsCTL,-0.06876982,0.295723183,0.47565672
CARM1,ADvsCTL,-0.149640764,0.008208916,0.036471115
NIT1,ADvsCTL,-0.154462647,0.019271276,0.06852115
COMMD2,ADvsCTL,-0.012428501,0.885421163,0.935065055
FAM131B,ADvsCTL,-0.13669092,0.071851096,0.18178858
SNX32,ADvsCTL,-0.494855628,0.001429291,0.010169027
MICU3,ADvsCTL,-0.377848463,7.21e-05,0.001150427
HOGA1,ADvsCTL,0.268385123,0.315119376,0.495010629
ANKLE2,ADvsCTL,-0.008219288,0.96552925,0.979417839
NDUFA11,ADvsCTL,-0.306342276,8.57e-05,0.001303555
LYPD6,ADvsCTL,-0.065061805,0.767894314,0.863986204
HOMER1,ADvsCTL,-0.452324766,4.63e-05,0.000830857
HZGJ,ADvsCTL,0.23383056,0.062258317,0.163612942
CPNE8,ADvsCTL,-0.186783778,0.084334963,0.203359499
MCF2L2,ADvsCTL,0.299272195,0.339433104,0.519035357
SLC13A5,ADvsCTL,-0.367328901,0.077889579,0.192661533
MIB1,ADvsCTL,0.010696382,0.912463501,0.95176742
PRAG1,ADvsCTL,0.067681468,0.705357114,0.82284037
HPS6,ADvsCTL,-0.399464252,0.436034069,0.606746625
CRLF3,ADvsCTL,0.27745362,0.140527337,0.290130062
CLVS1,ADvsCTL,-0.230455678,0.169583019,0.329995706
TRAPPC5,ADvsCTL,-0.060271731,0.335424654,0.514656471
ARMC8,ADvsCTL,0.094912438,0.108813612,0.244316775
EPHX4,ADvsCTL,-0.375638405,1.84e-05,0.000408478
AEBP1,ADvsCTL,0.454037925,0.208076867,0.377676497
HID1,ADvsCTL,-0.03869443,0.640741164,0.778259235
LYSMD2,ADvsCTL,-0.128613249,0.235502243,0.409566643
NUDCD3,ADvsCTL,-0.067212034,0.34450552,0.523044044
AHNAK2,ADvsCTL,-0.054212396,0.648917125,0.783449889
NAV3,ADvsCTL,-0.026582905,0.885782787,0.935065055
CCDC50,ADvsCTL,-0.313648494,0.179280483,0.343606557
MUSTN1,ADvsCTL,0.031024483,0.838195094,0.908960849
SBSPON,ADvsCTL,0.219842903,0.444695211,0.61513363
FUNDC1,ADvsCTL,-0.269391287,0.148570633,0.301543048
MCAT,ADvsCTL,-0.566502112,0.014750417,0.056316213
KSR1,ADvsCTL,0.031165657,0.868669556,0.925954374
NAXD,ADvsCTL,0.065522167,0.201682657,0.369888666
SLITRK4,ADvsCTL,-0.147083339,0.173692289,0.335761526
TMEM151B,ADvsCTL,0.076104404,0.820079303,0.897433505
DCUN1D3,ADvsCTL,-0.036944165,0.749380812,0.853029939
GCC2,ADvsCTL,-0.240066037,0.000308416,0.003306169
BRSK2,ADvsCTL,-0.155928702,0.003273733,0.018454515
ZC3H7A,ADvsCTL,0.238752896,0.092945488,0.217912939
LMTK2,ADvsCTL,-0.288344709,0.03185692,0.099715764
UBR1,ADvsCTL,-0.061703966,0.119927915,0.259831775
UBR2,ADvsCTL,-0.017838175,0.874443417,0.928782262
ANKHD1,ADvsCTL,-0.052786134,0.802001033,0.885599237
UEVLD,ADvsCTL,0.419673666,0.001147524,0.008571279
CCAR1,ADvsCTL,0.184480874,0.025594473,0.084761071
DNAJC10,ADvsCTL,-0.117832582,0.146837718,0.299377468
RHOT2,ADvsCTL,-0.204897931,0.250732956,0.428085011
RHOT1,ADvsCTL,-0.169185401,0.000928191,0.007377327
SIRT2,ADvsCTL,0.42655143,0.110305063,0.246405067
MRPL41,ADvsCTL,-0.482051595,0.022528334,0.076617638
PALM2AKAP2,ADvsCTL,-0.376016019,0.005276236,0.02632439
FAM126B,ADvsCTL,-0.113796372,0.128209131,0.27241268
PNPLA6,ADvsCTL,-0.025523546,0.66610938,0.795721564
PLPP6,ADvsCTL,-0.775516015,0.000304989,0.003274312
MICALL2,ADvsCTL,0.520412535,0.000447936,0.004371783
AMN1,ADvsCTL,-0.004106863,0.963443189,0.978267484
TMEM192,ADvsCTL,-0.462695923,0.001207594,0.008908945
PEX5L,ADvsCTL,-0.103345744,0.065457259,0.169792307
DIS3L2,ADvsCTL,-0.084930106,0.196502432,0.36523049
SUPV3L1,ADvsCTL,-0.155460469,0.013658693,0.053221551
GSPT2,ADvsCTL,-0.184229235,0.398479696,0.572337152
EXOC8,ADvsCTL,-0.065683999,0.129306107,0.273872047
CPNE9,ADvsCTL,0.080912864,0.766254018,0.862950548
COLGALT2,ADvsCTL,-0.204133393,0.73102221,0.839442549
THNSL1,ADvsCTL,-0.215294079,6.5e-05,0.001060426
HACE1,ADvsCTL,-0.078739877,0.134186659,0.280265861
DDX20,ADvsCTL,-0.175240062,0.452369201,0.622880193
ELMOD2,ADvsCTL,-0.095837814,0.449346476,0.620136072
ALDH16A1,ADvsCTL,0.436108433,0.001274913,0.009300656
DOCK3,ADvsCTL,-0.245223991,0.00025589,0.00288046
XRN1,ADvsCTL,-0.286886716,0.010666305,0.044502743
UNC5B,ADvsCTL,0.192353091,0.341975107,0.520897859
WDFY3,ADvsCTL,0.075672176,0.256474018,0.434483657
CACNA2D3,ADvsCTL,-0.092911883,0.092526588,0.217214016
FAM185A,ADvsCTL,-0.283218356,0.006707697,0.031363204
FCSK,ADvsCTL,0.308188227,0.007617385,0.034395388
TTC5,ADvsCTL,-0.335513149,0.005237549,0.026198671
PUSL1,ADvsCTL,-0.191487253,0.245538428,0.422620995
CEND1,ADvsCTL,-0.420593567,1.96e-06,8.24e-05
CYP4X1,ADvsCTL,-0.381935954,0.017632198,0.064282007
RPTOR,ADvsCTL,-0.121968811,0.019245404,0.068463004
CADM3,ADvsCTL,-0.351861382,5.05e-08,8.62e-06
FAM177A1,ADvsCTL,0.137067494,0.379333256,0.55546153
CNPY4,ADvsCTL,-0.185663743,0.390212768,0.564831753
LGI4,ADvsCTL,0.411059097,0.000553401,0.005057963
ADSS1,ADvsCTL,-0.004216098,0.981401118,0.987717678
LGI3,ADvsCTL,0.065562531,0.727639304,0.837425522
NUP93,ADvsCTL,0.114878049,0.024219138,0.081367705
CMTR1,ADvsCTL,0.198583359,0.255920239,0.434363917
H2BU1,ADvsCTL,0.045152904,0.718505028,0.83116865
UNC80,ADvsCTL,-0.274003604,0.049971109,0.139426761
ABHD12,ADvsCTL,-0.224236846,0.000280739,0.00306204
GPD1L,ADvsCTL,-0.120007679,0.030021327,0.095507919
TMEM106B,ADvsCTL,-0.465670302,0.109115953,0.244508114
IGL@,ADvsCTL,0.380997841,0.138423383,0.286526445
SLC35F6,ADvsCTL,-0.098812713,0.553924628,0.710861704
ASCC3,ADvsCTL,0.20643955,0.21400388,0.385121319
EHBP1L1,ADvsCTL,0.097339065,0.620753646,0.76195921
DKFZp761L1023,ADvsCTL,-0.21281049,0.098554587,0.227504219
PLCD3,ADvsCTL,0.529501686,1.51e-07,1.81e-05
MTURN,ADvsCTL,0.165521821,0.667729099,0.796513335
SRR,ADvsCTL,0.416856597,0.00606484,0.029160691
MICALL1,ADvsCTL,0.43380537,0.010212436,0.043134499
DKFZp761K058,ADvsCTL,0.351515373,0.003952306,0.02126323
TMEM132C,ADvsCTL,-0.885296007,0.017704933,0.064381304
SYNPO,ADvsCTL,-0.507578803,0.002669441,0.015900932
FBXL16,ADvsCTL,-0.440477212,0.021993561,0.075476948
D2HGDH,ADvsCTL,-0.021123677,0.889301096,0.937472049
PNKD,ADvsCTL,-0.021836558,0.849929242,0.916002589
ATP13A2,ADvsCTL,-0.020005701,0.894248835,0.940949659
RBP7,ADvsCTL,0.331551563,0.280993472,0.460060985
HDDC3,ADvsCTL,0.160912481,0.057262335,0.153804322
SPARCL1,ADvsCTL,-0.277670229,0.764086931,0.861375317
CBR4,ADvsCTL,0.084795716,0.321530756,0.50103352
MMGT1,ADvsCTL,-0.017121662,0.872632581,0.927658272
SVOP,ADvsCTL,-0.268249712,0.000415938,0.00413627
AFAP1,ADvsCTL,-0.382611324,0.058213753,0.155778097
DCLK2,ADvsCTL,-0.031456565,0.608579837,0.752279561
OXR1,ADvsCTL,-0.147526172,0.032800813,0.102136902
TTC39C,ADvsCTL,-0.190206147,0.023221994,0.078605082
TAB3,ADvsCTL,0.220825979,0.35192999,0.530393004
WDTC1,ADvsCTL,-0.058459799,0.591889468,0.742105794
SMIM20,ADvsCTL,0.15287681,0.477529714,0.645531147
MACO1,ADvsCTL,0.190251602,0.117461975,0.256399561
MINDY1,ADvsCTL,0.265187361,0.269975704,0.448390075
CISD2,ADvsCTL,-0.063617001,0.344267167,0.523044044
ATPAF2,ADvsCTL,-0.021572418,0.858749347,0.921250418
JAGN1,ADvsCTL,-0.073660787,0.427878545,0.600079929
MRPL50,ADvsCTL,-0.150043119,0.341712323,0.520749309
CAMKK1,ADvsCTL,-0.176494075,0.00798425,0.035715618
NGEF,ADvsCTL,-0.517924503,6.46e-08,9.18e-06
DPP10,ADvsCTL,-0.243314458,0.000538728,0.004974415
IGSF1,ADvsCTL,0.249028263,0.044417456,0.127339482
ANKRD29,ADvsCTL,0.222114157,0.015060065,0.057119519
TTC9B,ADvsCTL,-0.282404986,0.021100895,0.073075944
ACBD7,ADvsCTL,-0.204913901,0.189672135,0.356224854
LRRC17,ADvsCTL,0.184751711,0.784942082,0.874549008
EMC1,ADvsCTL,-0.219751962,0.000110474,0.001561172
AMER2,ADvsCTL,0.43506585,0.000526735,0.004870753
CCNYL1,ADvsCTL,0.11578931,0.695390242,0.815500914
ANKRD44,ADvsCTL,0.109617181,0.34718685,0.52576799
ARL10,ADvsCTL,-0.006697608,0.964521688,0.97874745
PTGR2,ADvsCTL,0.347808747,0.000384159,0.003904401
SLC25A29,ADvsCTL,-0.34787533,0.23053712,0.404293917
C2orf69,ADvsCTL,-0.006229637,0.941900296,0.968297201
ENAH,ADvsCTL,0.085757774,0.133778864,0.279648757
NECAB1,ADvsCTL,-0.475898059,7.89e-09,3.15e-06
JMY,ADvsCTL,-0.106664336,0.281259101,0.460213083
NAT8L,ADvsCTL,-0.480281768,3.35e-05,0.000648672
GDPD1,ADvsCTL,-0.279530876,1.44e-05,0.000340737
SCAI,ADvsCTL,-0.445204539,4.33e-05,0.000789376
UNC13C,ADvsCTL,-0.347043509,0.209843094,0.380393493
SPATA5,ADvsCTL,0.765645802,0.038629789,0.115439996
NHLRC2,ADvsCTL,0.241200404,0.00156181,0.010808603
COLGALT1,ADvsCTL,-0.374468148,0.284722934,0.463246339
PCYOX1L,ADvsCTL,-0.655644256,0.00107002,0.008127409
ATAD1,ADvsCTL,-0.120474081,0.06049269,0.160030863
SCCPDH,ADvsCTL,-0.161256832,0.004413296,0.023087153
RETREG2,ADvsCTL,-0.223492295,0.024806425,0.082837798
SERBP1,ADvsCTL,0.089569534,0.262560049,0.440437135
KCNH5,ADvsCTL,-0.556289039,0.025518298,0.084668154
SMG8,ADvsCTL,0.007426987,0.933613729,0.964175671
LSM14A,ADvsCTL,0.256530418,0.005082983,0.025549893
MAPK1IP1L,ADvsCTL,0.049453189,0.857534024,0.920358436
NPEPL1,ADvsCTL,0.288377242,0.000123051,0.001680555
EHBP1,ADvsCTL,-0.132043105,0.004705538,0.024245654
RCBTB1,ADvsCTL,0.578620587,0.020991882,0.07280357
RBM15B,ADvsCTL,-0.064643082,0.839788726,0.910122469
TNRC6A,ADvsCTL,-0.157037312,0.582358575,0.733328478
CNNM3,ADvsCTL,0.181722364,0.009685916,0.041323129
MCU,ADvsCTL,-0.367034438,5.14e-07,3.64e-05
SRFBP1,ADvsCTL,0.403758398,0.049920226,0.139338838
DENND6B,ADvsCTL,0.015271982,0.924484569,0.959708111
DDHD1,ADvsCTL,-0.41255038,0.000331247,0.003485766
PDZD8,ADvsCTL,-0.104300119,0.233113482,0.40733307
VPS37A,ADvsCTL,0.045509797,0.854639637,0.919034671
LPCAT1,ADvsCTL,-0.043613494,0.482244656,0.649184381
SYNE1,ADvsCTL,-0.160932587,0.001116261,0.008390041
USP32,ADvsCTL,-0.162580417,0.015166248,0.057325707
BOD1L1,ADvsCTL,0.364736487,0.602119145,0.748409021
FLAD1,ADvsCTL,0.065403672,0.59786133,0.745693869
FLCN,ADvsCTL,0.022680496,0.914773564,0.953041207
REPS2,ADvsCTL,0.05114561,0.369947808,0.546638164
BBS1,ADvsCTL,0.32952085,0.303435193,0.483888246
TSTD1,ADvsCTL,0.094265276,0.500148797,0.664003377
ABHD11,ADvsCTL,-0.442768118,0.00428274,0.0225512
CMAS,ADvsCTL,0.031264069,0.605230454,0.750460723
MYRIP,ADvsCTL,-0.137031299,0.469473447,0.638721866
STXBP6,ADvsCTL,0.13783262,0.124725081,0.267565615
NLGN2,ADvsCTL,-0.241994356,0.001683881,0.011383603
CADM4,ADvsCTL,0.078863832,0.468253787,0.637786308
TTL,ADvsCTL,-0.262462905,0.026823887,0.087864793
SVIP,ADvsCTL,0.138925484,0.111081621,0.247294986
MOSPD2,ADvsCTL,0.317666227,0.031782745,0.099526897
PLBD2,ADvsCTL,0.139498751,0.161515126,0.318907028
THOC2,ADvsCTL,-0.178875914,0.150961013,0.304760755
PPTC7,ADvsCTL,-0.291227718,0.178631071,0.342729607
PCDH19,ADvsCTL,-0.018728674,0.898030666,0.942722501
PPP1R14C,ADvsCTL,-0.281662219,0.157882158,0.314148371
ERMN,ADvsCTL,0.716546086,0.005248455,0.026234981
ICAM5,ADvsCTL,-0.302364418,0.013771912,0.053575644
LMO3,ADvsCTL,0.135546809,0.637603436,0.77515965
GDAP1,ADvsCTL,-0.326468348,3.5e-05,0.000668518
NUBPL,ADvsCTL,-0.118064111,0.083005679,0.201030251
DEPTOR,ADvsCTL,0.156895161,0.355729382,0.534144965
ITFG1,ADvsCTL,-0.154854843,0.020734901,0.072260728
SLC7A14,ADvsCTL,0.062480517,0.383669134,0.558777481
CNIH3,ADvsCTL,-0.25990646,0.074064873,0.185730079
NANP,ADvsCTL,0.262110513,0.520964609,0.681698823
FAM81A,ADvsCTL,-0.411109369,0.002447353,0.015020316
SYNPR,ADvsCTL,0.151882568,0.181631564,0.346448464
DNAJB14,ADvsCTL,-0.138984811,0.137691427,0.285257614
SLC25A40,ADvsCTL,-0.550538041,0.001358731,0.009773353
TMEM167A,ADvsCTL,-0.181963628,0.022254565,0.076145868
PIP4K2C,ADvsCTL,-0.161132551,0.001834867,0.01208626
MDM1,ADvsCTL,0.424171674,0.15322851,0.308086982
TBC1D15,ADvsCTL,0.123798952,0.03934316,0.116803083
TMEM163,ADvsCTL,-0.412590919,0.0016482,0.011237443
C18orf32,ADvsCTL,-0.132989906,0.484953767,0.651404752
NT5C,ADvsCTL,0.42991502,0.007698728,0.03465391
DENND10,ADvsCTL,0.082138687,0.299797988,0.479687235
STT3B,ADvsCTL,0.093167035,0.472147704,0.640786413
PNPT1,ADvsCTL,-0.155554402,0.02533302,0.084205367
PREX1,ADvsCTL,0.211418666,0.011391976,0.046637724
BICD2,ADvsCTL,-0.050507958,0.755646065,0.856287534
SLC2A12,ADvsCTL,-0.282196737,0.078042549,0.192840968
SFXN5,ADvsCTL,0.096774425,0.085835469,0.205942137
PLEKHO2,ADvsCTL,0.376004482,0.007601852,0.034390015
BRSK1,ADvsCTL,-0.224123979,0.000821176,0.006750534
TFG/ALK,ADvsCTL,0.014747992,0.77323012,0.867411767
DLG5,ADvsCTL,0.034148268,0.820876772,0.897623385
TRAF3IP1,ADvsCTL,-0.065213252,0.669849803,0.798003323
LRRC8C,ADvsCTL,-0.026749028,0.854195881,0.918694823
FAT3,ADvsCTL,-0.254867206,0.097170422,0.225321356
RB1CC1,ADvsCTL,-0.0485705,0.362174799,0.539586439
OTUD7A,ADvsCTL,-0.343644848,0.005940584,0.028678267
DENND1A,ADvsCTL,-0.302766332,0.00166083,0.011291443
NUP210,ADvsCTL,0.28772308,0.094393995,0.220518352
FLJ00144,ADvsCTL,1.736662745,0.103905417,0.236253781
SNX29,ADvsCTL,0.183008017,0.535927881,0.694707018
PIGO,ADvsCTL,-0.315134747,0.079300097,0.194544883
SMCR8,ADvsCTL,-0.216411053,0.002670419,0.015900932
ANKRD24,ADvsCTL,-0.266896533,0.013624443,0.053174507
UBASH3B,ADvsCTL,-0.554214369,0.178479541,0.34253024
C2CD4C,ADvsCTL,-0.520300491,2.41e-06,9.56e-05
FBXO41,ADvsCTL,-0.512728146,9.81e-06,0.000265293
GIPC2,ADvsCTL,0.060345867,0.559239898,0.714382395
WIPF2,ADvsCTL,-0.201061936,0.016154326,0.060050681
SETD7,ADvsCTL,0.082195387,0.32658496,0.505187867
NPRL2,ADvsCTL,-0.029506574,0.793587707,0.88049921
SCFD2,ADvsCTL,-0.040114964,0.620269685,0.761625101
SMAP2,ADvsCTL,-0.247056762,0.003720732,0.020352263
RAB2B,ADvsCTL,-0.033831707,0.604951056,0.750243612
TGFBRAP1,ADvsCTL,-0.14704687,0.007475838,0.033948045
TMEM263,ADvsCTL,0.066711597,0.471440768,0.640187549
PTPMT1,ADvsCTL,-0.126958516,0.437989843,0.608314528
BRK1,ADvsCTL,-0.180251654,0.037282496,0.112819939
THEM6,ADvsCTL,-0.070038308,0.456678821,0.627007207
PRUNE2,ADvsCTL,-0.117837589,0.028711353,0.092114522
NAT14,ADvsCTL,-0.192681117,0.360788817,0.53838577
AFG1L,ADvsCTL,-0.334658898,0.00260332,0.015683149
DVL3,ADvsCTL,-0.052143661,0.744289325,0.849789383
OSCP1,ADvsCTL,0.048985281,0.54488344,0.70377924
KCTD4,ADvsCTL,0.327637342,0.325057968,0.503893078
CPLX3,ADvsCTL,-0.178448184,0.24611084,0.423004845
NUDCD2,ADvsCTL,0.304189543,0.00398669,0.021401864
SCFD1,ADvsCTL,0.000740429,0.991050387,0.993813667
MAP11,ADvsCTL,-0.127832489,0.275959505,0.454857079
TRAPPC12,ADvsCTL,-0.117824499,0.097213517,0.225348639
UBLCP1,ADvsCTL,-0.111597557,0.350780757,0.529106806
PCNP,ADvsCTL,0.269844701,0.025519332,0.084668154
DNAJA4,ADvsCTL,-0.223673901,0.015107527,0.057193915
SPRYD4,ADvsCTL,-0.133201852,0.022378787,0.076181075
TRUB1,ADvsCTL,0.013038763,0.93806423,0.966426187
SPIRE2,ADvsCTL,-0.355046043,0.052774139,0.14527531
ATXN2L,ADvsCTL,-0.084178582,0.212573372,0.383506462
PHIP,ADvsCTL,0.170574868,0.225820724,0.397924661
ABCA5,ADvsCTL,-0.006518601,0.953033948,0.973746191
PALLD,ADvsCTL,0.314800266,0.002592178,0.015642228
RUFY2,ADvsCTL,0.128504113,0.738659772,0.844702661
SCG3,ADvsCTL,-0.028619621,0.7550426,0.856287534
CASKIN1,ADvsCTL,-0.25546106,0.000759625,0.006338723
CASKIN2,ADvsCTL,0.379785426,0.035939925,0.109494231
SYNE2,ADvsCTL,0.22925522,0.18727962,0.353755857
CNKSR2,ADvsCTL,-0.149128718,0.011279349,0.046414391
ACOT11,ADvsCTL,-0.208365137,0.272612808,0.451509078
BAALC,ADvsCTL,-0.031692451,0.817488569,0.896098031
BRI3BP,ADvsCTL,-0.235701751,0.05581532,0.15121642
CNTNAP5,ADvsCTL,-0.215664974,0.026837057,0.087864793
SSH1,ADvsCTL,0.021384826,0.879499846,0.931151368
AHCTF1,ADvsCTL,-0.178046972,0.594505775,0.743959645
ARAP2,ADvsCTL,0.028361402,0.703778918,0.821798987
OVCA2,ADvsCTL,-0.147856477,0.6303888,0.769714248
IRGQ,ADvsCTL,-0.30218701,0.000262424,0.002922003
FAM3C,ADvsCTL,-0.158867003,0.014642842,0.055935191
H1-10,ADvsCTL,0.14214767,0.283907933,0.462862594
SHC3,ADvsCTL,-0.245929002,0.000313431,0.003335076
GBF1,ADvsCTL,-0.13922995,0.046463611,0.131643576
LPIN2,ADvsCTL,-0.034339823,0.86906944,0.926243366
NCSTN,ADvsCTL,0.064314792,0.491096698,0.65598116
WASF1,ADvsCTL,-0.259574132,0.000324135,0.003428678
PHYHIP,ADvsCTL,-0.185554794,0.012253458,0.048993398
FIG4,ADvsCTL,-0.113919134,0.222295658,0.394029736
FAM168A,ADvsCTL,-0.08218896,0.823015926,0.899005855
AP3S1,ADvsCTL,-0.114598869,0.061249234,0.1616755
TSC1,ADvsCTL,-0.117012626,0.034525554,0.106129193
PHF3,ADvsCTL,-0.622129002,0.070418871,0.179363648
SEPTIN8,ADvsCTL,0.228828536,0.001841815,0.012107399
LPGAT1,ADvsCTL,-0.322527808,0.002843136,0.016708073
TBC1D5,ADvsCTL,-0.100089012,0.062278915,0.163612942
MYO18A,ADvsCTL,0.04085815,0.337184642,0.516915842
LARP4B,ADvsCTL,-0.064106231,0.795042899,0.881569843
NUP205,ADvsCTL,0.140320861,0.00909385,0.039571726
ANKS1A,ADvsCTL,0.954985269,0.006086944,0.02924742
SGCD,ADvsCTL,0.123181357,0.35631424,0.534584073
MRPS31,ADvsCTL,-0.187193236,0.218644531,0.390250647
NECTIN2,ADvsCTL,0.150415992,0.16171628,0.319128999
RABGGTA,ADvsCTL,0.018571952,0.720149808,0.831600188
RYR2,ADvsCTL,-0.168909853,0.001391561,0.009954754
HTRA1,ADvsCTL,0.794654203,1.37e-06,6.7e-05
ARPC1A,ADvsCTL,-0.03957469,0.467908834,0.637437167
STAM,ADvsCTL,-0.142425692,0.00339095,0.018907833
TAF15,ADvsCTL,-0.050886626,0.376554971,0.553218935
KCNJ9,ADvsCTL,-0.095224764,0.681197413,0.806470632
NRCAM,ADvsCTL,-0.194499659,0.000174215,0.002173876
INPP5D,ADvsCTL,-0.489862363,0.007010337,0.032427881
BCL2L2,ADvsCTL,-0.153353543,0.003297849,0.018561367
KIFAP3,ADvsCTL,-0.094286089,0.217106625,0.38823144
NEO1,ADvsCTL,0.215473522,0.003348804,0.018754761
RAD50,ADvsCTL,0.218322287,0.049042934,0.137369868
GLG1,ADvsCTL,-0.137725724,0.021703556,0.074910594
GPKOW,ADvsCTL,-0.02788479,0.958046736,0.975516171
RAB8B,ADvsCTL,0.050203748,0.429281547,0.600626759
KHSRP,ADvsCTL,0.202027865,0.001014685,0.007806021
NINJ1,ADvsCTL,0.342819769,0.011644849,0.047430012
GLMN,ADvsCTL,-0.021990779,0.800363242,0.884469627
BRF1,ADvsCTL,0.194135486,0.076402635,0.189897773
USP9X,ADvsCTL,-0.036980507,0.316108381,0.495482149
USP7,ADvsCTL,-0.21587188,5.15e-08,8.62e-06
CUL5,ADvsCTL,0.009887899,0.811042531,0.891341318
PHKB,ADvsCTL,0.051784234,0.383199086,0.558417955
SCAMP4,ADvsCTL,-0.020818128,0.742223213,0.848238254
TCEAL3,ADvsCTL,0.049501777,0.581268725,0.732620155
CAVIN3,ADvsCTL,0.07358566,0.803008928,0.885896199
MYDGF,ADvsCTL,-0.062060971,0.153686875,0.308618004
RNF34,ADvsCTL,-0.338416622,0.007208642,0.033089827
TOMM40L,ADvsCTL,-0.239642298,0.063856038,0.166660553
IGSF8,ADvsCTL,-0.187951321,0.001636943,0.011181891
RAB24,ADvsCTL,-0.253328111,0.001239791,0.009081279
OSBP2,ADvsCTL,0.032941488,0.684254934,0.808450352
NT5C3B,ADvsCTL,0.24303762,0.580455022,0.732108184
GTPBP3,ADvsCTL,-0.193165762,0.13355862,0.279513283
MTARC2,ADvsCTL,-0.096434096,0.170995561,0.331796889
PPP1R14A,ADvsCTL,0.56267545,0.054545619,0.148683349
CPNE4,ADvsCTL,-0.300169922,0.001818295,0.011999079
CCDC47,ADvsCTL,0.032431227,0.59428707,0.743959645
MRPL24,ADvsCTL,-0.189422681,0.339962671,0.519486251
COL26A1,ADvsCTL,-0.269180968,0.727227058,0.837425522
JAKMIP2,ADvsCTL,-0.126435484,0.051724242,0.143136011
ISOC2,ADvsCTL,-0.221781192,0.011694439,0.04747071
KIFC2,ADvsCTL,0.085234878,0.509838378,0.672403061
SLC25A46,ADvsCTL,-0.192589937,0.037462526,0.113079291
LRRC59,ADvsCTL,-0.181291394,0.000113986,0.001599002
VTI1A,ADvsCTL,-0.04047252,0.544079016,0.703245348
ESAM,ADvsCTL,0.677113331,0.061844595,0.162892999
PBXIP1,ADvsCTL,0.562239312,1.75e-06,7.73e-05
MCUR1,ADvsCTL,-0.168812902,0.074006326,0.185730079
RPE,ADvsCTL,0.188881561,0.03354568,0.103827056
C18orf25,ADvsCTL,0.13509641,0.518450842,0.679645874
BORCS7,ADvsCTL,-0.055572248,0.55912569,0.714382395
TOMM6,ADvsCTL,-0.329470441,0.056774477,0.153180349
TMEM186,ADvsCTL,-0.5997989,0.033431135,0.103561651
RNF25,ADvsCTL,-0.008443663,0.929563565,0.962480311
CCDC127,ADvsCTL,0.010064888,0.921971197,0.957879904
COA7,ADvsCTL,-0.36492955,0.001362177,0.009788352
TESC,ADvsCTL,-0.522998842,1.21e-06,6.29e-05
TAMM41,ADvsCTL,-0.377514976,0.000601649,0.005349336
MOB3A,ADvsCTL,0.266642548,0.009471781,0.040602216
DOCK10,ADvsCTL,0.313675654,0.011221282,0.046254833
ATG2B,ADvsCTL,-0.146957256,0.010934058,0.045435401
FAM136A,ADvsCTL,-0.202227115,0.010034774,0.042584145
GALM,ADvsCTL,0.287740244,0.117983917,0.256935608
DCPS,ADvsCTL,0.187584623,0.020114844,0.070441125
CTHRC1,ADvsCTL,1.005826488,0.002459582,0.015082501
ACSF2,ADvsCTL,0.139700761,0.11899239,0.258271654
EVI5L,ADvsCTL,-0.191934133,0.029039916,0.092961332
ISOC1,ADvsCTL,0.241431038,0.001105729,0.008328285
FAF2,ADvsCTL,-0.068881494,0.167014215,0.326537985
FOXRED1,ADvsCTL,-0.365111886,0.041754098,0.122010825
NTNG2,ADvsCTL,-0.503535528,0.133662502,0.279568007
CDH11,ADvsCTL,0.045054236,0.557954084,0.713236067
GPRASP2,ADvsCTL,-0.235043839,0.143609028,0.294464009
REPS1,ADvsCTL,-0.11362227,0.044574296,0.127544494
RAB39B,ADvsCTL,-0.176814132,0.002743492,0.016241926
RMDN1,ADvsCTL,0.051149708,0.498446365,0.662721757
SHISA4,ADvsCTL,0.157361628,0.425643287,0.597920396
NUDT16,ADvsCTL,0.063366374,0.410444828,0.583695067
ESS2,ADvsCTL,0.072102624,0.572209593,0.72481024
CMBL,ADvsCTL,0.23274736,1.61e-05,0.000367615
ATG4C,ADvsCTL,-0.39522014,0.136397282,0.283147374
ERLEC1,ADvsCTL,-0.181823015,0.001838638,0.012100022
RAB3C,ADvsCTL,-0.062105358,0.608542771,0.752279561
EEF1A1,ADvsCTL,-0.628953517,0.009382005,0.04028941
SEH1L,ADvsCTL,0.020629307,0.84607522,0.913649461
TCEAL4,ADvsCTL,0.117540004,0.466973709,0.636524899
MRPL53,ADvsCTL,-0.071670807,0.644596408,0.780682067
L3HYPDH,ADvsCTL,0.869057628,0.003003973,0.017272247
SGTB,ADvsCTL,-0.371349733,5.22e-07,3.64e-05
SGF29,ADvsCTL,0.598259826,0.014893064,0.056740366
PTCD3,ADvsCTL,-0.239348116,0.086722491,0.207516594
SAT2,ADvsCTL,0.281908986,0.133493571,0.279458457
NRBF2,ADvsCTL,-0.038160368,0.720719843,0.831991306
CNRIP1,ADvsCTL,-0.169629484,0.00249116,0.01523314
EDC3,ADvsCTL,0.06834498,0.414403845,0.587582664
POP1,ADvsCTL,0.066835586,0.774147684,0.867992876
LINGO1,ADvsCTL,-0.475057117,1.94e-06,8.19e-05
BORCS8,ADvsCTL,-0.099143146,0.40750501,0.580504254
STAMBPL1,ADvsCTL,-0.193727475,0.167478314,0.327267457
DYNLL2,ADvsCTL,-0.182362475,0.000336738,0.003525699
S100A16,ADvsCTL,0.342351953,0.000166239,0.002127683
CHMP6,ADvsCTL,-0.124163083,0.10905804,0.244454498
PGM2,ADvsCTL,0.43045652,3.27e-06,0.000116607
CFAP36,ADvsCTL,-0.058475905,0.531448153,0.690717706
NUDT11,ADvsCTL,-0.032001466,0.709964646,0.826500297
DMAC1,ADvsCTL,-0.0985641,0.493851388,0.658438004
DCUN1D1,ADvsCTL,0.036996853,0.593542059,0.743529786
BORCS6,ADvsCTL,0.219167556,0.041038918,0.120247759
ABHD17A,ADvsCTL,-0.120172738,0.383008478,0.558365373
MARS2,ADvsCTL,-0.405470801,0.119891974,0.259831775
ATXN7L3B,ADvsCTL,0.084082613,0.758080999,0.856831651
APIP,ADvsCTL,0.04164686,0.9280179,0.961838149
SLC41A3,ADvsCTL,-0.146554211,0.08113448,0.197562732
SNF8,ADvsCTL,0.08469616,0.653939689,0.787244884
ERO1A,ADvsCTL,-0.312510336,3.93e-09,2.12e-06
GRAMD2B,ADvsCTL,0.409477011,0.00098041,0.007648687
PGAM5,ADvsCTL,-0.357419193,2.4e-06,9.56e-05
DIRAS2,ADvsCTL,-0.238842756,0.001047247,0.007988175
TMEM41A,ADvsCTL,0.043846053,0.831874314,0.905382349
TUBB2C,ADvsCTL,-0.386491095,0.179800121,0.344194969
DDRGK1,ADvsCTL,0.243111434,0.001749849,0.011719426
DHTKD1,ADvsCTL,0.144891505,0.281038227,0.460060985
PPP1R16A,ADvsCTL,-0.286383659,0.026859443,0.087898079
IGSF21,ADvsCTL,-0.230678008,0.007230077,0.033167054
NGLY1,ADvsCTL,0.047759478,0.517550663,0.678992789
ATP5MD,ADvsCTL,-0.411670377,0.001458185,0.01032062
PAWR,ADvsCTL,0.674295299,0.000402634,0.004038581
THOC3,ADvsCTL,-0.019841115,0.890033643,0.937886317
ITCH,ADvsCTL,-0.083544245,0.308132729,0.48810258
CELF6,ADvsCTL,-0.373886693,0.037357956,0.112876324
LRIG1,ADvsCTL,0.376944918,0.027464907,0.089310613
COG3,ADvsCTL,-0.153290088,0.068242985,0.175185897
CDK5RAP3,ADvsCTL,0.157738692,0.014849305,0.056603632
MAP6,ADvsCTL,-0.073109366,0.307039043,0.486942875
VCPIP1,ADvsCTL,-0.100178324,0.03882137,0.115790935
TMX3,ADvsCTL,-0.391922142,1.62e-07,1.84e-05
CHAMP1,ADvsCTL,0.126741846,0.256025476,0.434393309
DCHS1,ADvsCTL,-0.289956638,0.143089902,0.293848544
SERAC1,ADvsCTL,-0.03447487,0.902198875,0.945460502
RNF170,ADvsCTL,0.092330112,0.282847247,0.462075914
USP47,ADvsCTL,0.047811128,0.267396944,0.44548844
MEGF10,ADvsCTL,0.529926642,0.000606577,0.005373283
ZNF512B,ADvsCTL,-0.353742664,0.066836017,0.172374138
CNDP2,ADvsCTL,0.335170523,0.000971971,0.007607607
PPP1R13B,ADvsCTL,-0.289614038,0.035325111,0.107941175
FAM210B,ADvsCTL,-0.385644573,0.013209308,0.051836597
MARK4,ADvsCTL,0.007370672,0.894922366,0.941382945
SNX27,ADvsCTL,0.155132175,0.037526032,0.113223468
TRIM47,ADvsCTL,0.203750414,0.161094462,0.318426068
DHRS1,ADvsCTL,0.107936578,0.68076009,0.80630781
LURAP1,ADvsCTL,0.176156544,0.603674414,0.749561449
C9orf72,ADvsCTL,-0.195530323,0.094873466,0.221064087
RMDN2,ADvsCTL,-0.376699045,0.002672779,0.015901819
PRRC1,ADvsCTL,0.154405476,0.006298179,0.029944775
HSPA12B,ADvsCTL,-0.079762761,0.2357373,0.409731812
TLCD4-RWDD3,ADvsCTL,-0.286391187,0.053399658,0.146604481
GDAP1L1,ADvsCTL,-0.359445887,0.000143412,0.00187557
VSTM2L,ADvsCTL,-0.570849898,0.005079754,0.025549893
JAKMIP1,ADvsCTL,0.020021697,0.822696956,0.898793926
DOCK7,ADvsCTL,0.071916105,0.379205942,0.555412002
ZMAT2,ADvsCTL,0.559634133,0.051985865,0.143599971
LRFN5,ADvsCTL,-0.35967154,0.030283062,0.096128009
RUNDC3B,ADvsCTL,0.341105378,0.468521958,0.637909984
C8orf37,ADvsCTL,0.600229224,0.256432622,0.434483657
AIFM3,ADvsCTL,0.158050602,0.023862429,0.080356953
NAP1L5,ADvsCTL,-0.065324299,0.266834341,0.444888541
ANKRD27,ADvsCTL,-0.248028818,0.017838097,0.064737521
ACAP3,ADvsCTL,-0.088550565,0.497046654,0.661349719
IPO9,ADvsCTL,0.072610857,0.296887838,0.476783706
ARHGEF17,ADvsCTL,0.131578735,0.14888287,0.301836099
MCEE,ADvsCTL,0.014678996,0.955831994,0.975516171
RCHY1,ADvsCTL,0.290250167,0.349247162,0.527537765
SORCS2,ADvsCTL,-0.043768962,0.6418389,0.778957825
NEDD4L,ADvsCTL,-0.29582993,0.000139281,0.001841629
QKI,ADvsCTL,0.342042438,0.005123541,0.025735776
CCDC85A,ADvsCTL,-0.240720663,0.124481582,0.267282395
TRAPPC9,ADvsCTL,-0.026432981,0.601081346,0.747635851
ALS2,ADvsCTL,-0.112967043,0.24749534,0.424067171
SLC2A13,ADvsCTL,0.02169956,0.824343132,0.899362983
RAB3IP,ADvsCTL,-0.23991418,0.01286001,0.050853243
VPS35,ADvsCTL,-0.00775832,0.87310531,0.927658272
PURB,ADvsCTL,-0.060138446,0.446428434,0.616771505
MAGI1,ADvsCTL,-0.137417545,0.153187614,0.308086982
SNX18,ADvsCTL,0.294618265,0.008090909,0.03610292
IRS2,ADvsCTL,-0.004467811,0.974696923,0.984413784
VPS13A,ADvsCTL,-0.104715173,0.030221949,0.096018764
NUDCD1,ADvsCTL,-0.090341568,0.529552224,0.689549086
ERBIN,ADvsCTL,0.660865816,2.32e-08,5.38e-06
PCNX1,ADvsCTL,-0.391157291,0.169170038,0.329499075
IFT140,ADvsCTL,0.350470581,0.319019127,0.498307184
LMF1,ADvsCTL,-0.750230754,0.078191267,0.193075793
IWS1,ADvsCTL,0.222337821,0.706048315,0.823246155
SIN3A,ADvsCTL,0.054906173,0.6769125,0.80280818
OSBPL9,ADvsCTL,-0.173432012,0.452373993,0.622880193
ADO,ADvsCTL,0.001883637,0.990500638,0.993677976
RSF1,ADvsCTL,0.17434732,0.332206492,0.511683361
PPP1R16B,ADvsCTL,-0.366308106,0.005352568,0.026600875
RUFY1,ADvsCTL,0.148179651,0.033020898,0.102511575
NMNAT3,ADvsCTL,0.122207535,0.339680148,0.519192373
MMS19,ADvsCTL,-0.013490308,0.801322119,0.885121314
SCN2A,ADvsCTL,-0.325518519,4.19e-06,0.00013942
TBCB,ADvsCTL,0.221111635,0.003839633,0.020798272
PCYT2,ADvsCTL,0.007416641,0.876687794,0.92981647
PFDN5,ADvsCTL,-0.061430406,0.172005351,0.333418964
PARK7,ADvsCTL,0.096021106,0.030952416,0.09786654
NUP88,ADvsCTL,0.167124818,0.031962479,0.100002658
PKP4,ADvsCTL,0.09081177,0.042950084,0.124221538
RIT2,ADvsCTL,0.033618218,0.853134589,0.917700291
S100A13,ADvsCTL,0.276358397,0.044707791,0.127713716
DNAJC7,ADvsCTL,0.047703654,0.481761987,0.649178339
C12orf57,ADvsCTL,-0.168570478,0.017713138,0.064381304
PHB2,ADvsCTL,-0.222682664,0.000166824,0.002131383
CGREF1,ADvsCTL,-0.136207646,0.345933079,0.524293434
MGLL,ADvsCTL,-0.345268661,4.9e-05,0.000862184
LYST,ADvsCTL,-0.110026771,0.199434348,0.368017256
SEPTIN5,ADvsCTL,-0.869877401,0.022401678,0.076222929
SLC30A3,ADvsCTL,-0.579676209,0.000716687,0.006093533
HNRNPAB,ADvsCTL,0.175722959,0.119914847,0.259831775
DMAC2L,ADvsCTL,-0.010605675,0.940822031,0.968144903
OLFM1,ADvsCTL,-0.835729359,3.57e-07,2.99e-05
MIPEP,ADvsCTL,0.088300183,0.64915353,0.783449889
SLC29A1,ADvsCTL,-0.417008469,0.002500051,0.01524512
H2BC13,ADvsCTL,-0.113743404,0.222818,0.39474785
SLC6A7,ADvsCTL,-0.362545539,0.01218081,0.048802179
PKP2,ADvsCTL,-0.061625696,0.864230418,0.923526054
SH3GL2,ADvsCTL,-0.17439096,0.006972468,0.032315051
SH3GL3,ADvsCTL,-0.129641347,0.057343812,0.153899273
DPYSL5,ADvsCTL,0.104035854,0.218977425,0.390485839
NIPSNAP1,ADvsCTL,-0.261037857,0.000304422,0.003273102
HOPX,ADvsCTL,-0.201324424,0.196766933,0.3655332
ZFYVE21,ADvsCTL,0.08396389,0.174654348,0.337439895
TRIR,ADvsCTL,0.499657667,6.05e-05,0.001016923
MACROD1,ADvsCTL,0.270607363,0.027908365,0.090344224
TCF25,ADvsCTL,-0.035355552,0.657504062,0.788895575
ECSIT,ADvsCTL,-0.239264261,0.106840182,0.240723803
DPH2,ADvsCTL,-0.637862755,0.103158567,0.235145415
MYBBP1A,ADvsCTL,-0.114182193,0.259368631,0.4373708
AIF1L,ADvsCTL,0.454029996,0.067432183,0.173476286
SGIP1,ADvsCTL,-0.302503792,0.002320852,0.01441614
PSD2,ADvsCTL,0.288994687,4.87e-05,0.000861349
NRIP2,ADvsCTL,0.597094947,0.000901222,0.007218809
FYCO1,ADvsCTL,-0.25112455,0.467267241,0.636683703
SULT4A1,ADvsCTL,-0.131521318,0.033812966,0.104474511
FARSB,ADvsCTL,-0.277332318,0.000227408,0.002617198
CPPED1,ADvsCTL,0.282466848,0.046691572,0.132069397
PYM1,ADvsCTL,-0.071096423,0.47618079,0.644493334
LARP6,ADvsCTL,0.01834751,0.833424781,0.906110104
MIEN1,ADvsCTL,-0.069089926,0.464852696,0.634355045
TCEAL7,ADvsCTL,0.309562089,0.114283559,0.251465781
PRXL2A,ADvsCTL,-0.255372236,2.64e-07,2.44e-05
TRIM56,ADvsCTL,0.505456129,0.18383778,0.348903734
GANAB,ADvsCTL,0.124113582,0.66089632,0.791513025
ERP44,ADvsCTL,-0.065493671,0.135350848,0.281625515
LXN,ADvsCTL,0.252222621,0.177141724,0.340781069
NIPSNAP3B,ADvsCTL,-0.025908699,0.924862615,0.959720259
C2orf88,ADvsCTL,0.915409052,0.001018253,0.007816751
TIMM29,ADvsCTL,-0.082101562,0.208611234,0.378446559
TACO1,ADvsCTL,-0.167426315,0.170637227,0.331459241
TUBGCP2,ADvsCTL,-0.084664353,0.133154426,0.279154704
RTKN,ADvsCTL,0.475277973,0.099729949,0.229480973
SYT17,ADvsCTL,-0.118340992,0.189319416,0.356224854
ALG1,ADvsCTL,-0.143541882,0.674714893,0.800862083
NDFIP1,ADvsCTL,-0.349097339,0.221220411,0.393189626
SYT11,ADvsCTL,0.08965925,0.21708365,0.38823144
WAC,ADvsCTL,0.553962483,0.016315156,0.06046106
LRFN3,ADvsCTL,-0.07829554,0.604049875,0.749642987
PI4K2A,ADvsCTL,-0.0060831,0.935099238,0.964740221
FSD1,ADvsCTL,-0.196587497,0.00377687,0.020534412
CABLES2,ADvsCTL,0.233383591,0.259394388,0.4373708
DHRS4,ADvsCTL,0.298265981,0.071056222,0.180412073
THTPA,ADvsCTL,0.234205825,0.015287641,0.057633125
LMF2,ADvsCTL,0.048656102,0.698450068,0.817434322
NDUFAF3,ADvsCTL,-0.24934598,0.021384465,0.073986751
C1orf35,ADvsCTL,-1.300604162,0.008505001,0.037531578
DOHH,ADvsCTL,0.216382628,0.208164738,0.377731827
ISCA1,ADvsCTL,-0.099088912,0.198110901,0.366812644
TUBB6,ADvsCTL,0.282917939,0.148120714,0.301139711
PAXX,ADvsCTL,0.494580231,0.000123127,0.001680555
CCDC28B,ADvsCTL,-0.441838843,0.088494722,0.210705904
EFHD1,ADvsCTL,0.597518476,0.015053373,0.057119519
HTATIP2,ADvsCTL,0.168051523,0.428787175,0.60051911
C9orf16,ADvsCTL,0.084887591,0.692805265,0.813873636
C1orf50,ADvsCTL,0.016534056,0.87503329,0.92888348
MRI1,ADvsCTL,0.405304763,0.180120299,0.34457588
SLC25A23,ADvsCTL,-0.404719462,0.000268601,0.002975641
CEP250,ADvsCTL,-0.301113141,0.381193794,0.557023492
MECR,ADvsCTL,-0.268524563,0.002602543,0.015683149
KATNB1,ADvsCTL,-0.109772764,0.17663285,0.339983968
TUBB2B,ADvsCTL,0.484131149,6.15e-05,0.001029298
MLST8,ADvsCTL,-0.028849547,0.683176528,0.807706898
PBDC1,ADvsCTL,-0.035604222,0.536400498,0.695194375
DPCD,ADvsCTL,-0.025693302,0.876674176,0.92981647
GGACT,ADvsCTL,-0.100825297,0.553201735,0.710187413
NUP85,ADvsCTL,0.144863843,0.178951186,0.343160725
IFT27,ADvsCTL,0.120608742,0.162362495,0.320097644
TARS2,ADvsCTL,-0.050649999,0.816144649,0.895034069
FUNDC2,ADvsCTL,-0.148520043,0.012606939,0.050155813
RPAP1,ADvsCTL,-0.120609502,0.681570273,0.806470632
SF3B5,ADvsCTL,0.25999552,0.226659659,0.399011974
LSM14B,ADvsCTL,-0.036204466,0.931307292,0.96301335
SORBS1,ADvsCTL,-0.254719513,0.297212385,0.477091873
JAM3,ADvsCTL,0.359804427,0.079138245,0.19434667
BTBD2,ADvsCTL,0.028647751,0.872841163,0.927658272
NT5C1A,ADvsCTL,0.420192026,0.015624664,0.058535524
BCL2L13,ADvsCTL,-0.149667354,0.055025603,0.149640516
PRX,ADvsCTL,0.612756814,0.049189252,0.137726076
FSD1L,ADvsCTL,-0.019697357,0.695773606,0.815523156
SRRT,ADvsCTL,0.168496392,0.038074071,0.11444496
TMEM121B,ADvsCTL,-0.488707705,0.007669246,0.034601432
COL25A1,ADvsCTL,2.088477143,6.32e-05,0.001040731
GON7,ADvsCTL,-0.028307622,0.778105523,0.869896337
HDHD5,ADvsCTL,-0.111803322,0.607802628,0.75193449
EMILIN2,ADvsCTL,0.435073963,0.032990382,0.102495069
SCAPER,ADvsCTL,-0.218113994,0.163077038,0.320846044
CHMP4A,ADvsCTL,0.529478019,0.003499464,0.019407588
PECR,ADvsCTL,0.221414027,0.243817144,0.420066279
KIAA1671,ADvsCTL,-0.070649571,0.384865088,0.559598662
GNB1L,ADvsCTL,-0.305636208,0.107973527,0.242780113
RBCK1,ADvsCTL,0.069314628,0.505765157,0.66874426
SRXN1,ADvsCTL,0.003771831,0.975354234,0.984557344
MRPS26,ADvsCTL,-0.217510983,0.016818526,0.061943503
CEP41,ADvsCTL,0.082469152,0.495928274,0.660472519
PANK2,ADvsCTL,0.075533745,0.477651944,0.645575054
PITPNM2,ADvsCTL,-0.104236451,0.13733237,0.284677734
MRPL37,ADvsCTL,-0.119159407,0.348023568,0.526365352
ASPSCR1,ADvsCTL,0.08275267,0.374034753,0.550753731
OSBPL6,ADvsCTL,-0.23992672,0.002059838,0.013170148
WDR11,ADvsCTL,0.08095125,0.353880066,0.532309332
UBXN6,ADvsCTL,-0.244439551,0.000121109,0.001662471
API5,ADvsCTL,0.103056622,0.108826769,0.244316775
DPY30,ADvsCTL,0.081275452,0.284231163,0.462969826
TRIM9,ADvsCTL,-0.463329958,1.23e-05,0.000309347
TRIM2,ADvsCTL,0.116012321,0.059615064,0.158291308
BRINP2,ADvsCTL,-0.400362521,0.002232127,0.01397362
SEMA4C,ADvsCTL,0.5139265,0.036486753,0.110972183
UBE2O,ADvsCTL,-0.063597977,0.139717083,0.288622911
PHACTR1,ADvsCTL,-0.428513199,9.74e-05,0.001424115
ZYG11B,ADvsCTL,0.071277427,0.316183157,0.495491384
LNPK,ADvsCTL,-0.016890579,0.676531126,0.802620549
ARHGAP39,ADvsCTL,-0.185865056,0.001086972,0.008230093
MTMR12,ADvsCTL,-0.071712922,0.201284057,0.369345976
WDR33,ADvsCTL,0.348369547,0.298622735,0.47860814
HBB,ADvsCTL,0.502316371,0.09500015,0.22128759
TINAGL1,ADvsCTL,-0.017580967,0.864413929,0.923526054
ROGDI,ADvsCTL,-0.224633355,0.003105977,0.017731187
C20orf27,ADvsCTL,0.087687623,0.685779114,0.809187856
PITHD1,ADvsCTL,0.204689928,0.013683544,0.053260679
COMMD5,ADvsCTL,0.04055109,0.599318065,0.746806881
ELOVL4,ADvsCTL,-0.345825664,0.151755812,0.306021743
WDR61,ADvsCTL,0.173249778,0.046899051,0.132604116
SLIRP,ADvsCTL,-0.326838865,0.000846725,0.006890256
EGLN1,ADvsCTL,0.187642522,0.004662576,0.024084614
HAPLN2,ADvsCTL,0.779862099,0.014561582,0.055811473
MFF,ADvsCTL,-0.336307011,0.11178706,0.2480976
UBA5,ADvsCTL,0.163939369,0.012695875,0.050385477
LHPP,ADvsCTL,0.259092006,0.01566416,0.058652944
TMEM126A,ADvsCTL,-0.307120109,0.000959341,0.007534263
CLPB,ADvsCTL,0.063625104,0.664987134,0.79482427
LSG1,ADvsCTL,0.111401965,0.258933377,0.437208399
FAM107B,ADvsCTL,0.936544274,0.002492619,0.01523314
NAT10,ADvsCTL,0.058968114,0.677663209,0.803433568
COMMD4,ADvsCTL,0.215166554,0.033264963,0.103091287
KLC2,ADvsCTL,-0.129143806,0.031480094,0.098880487
ILKAP,ADvsCTL,0.210283134,0.129340101,0.273872047
ARL6,ADvsCTL,0.063886401,0.379394202,0.55546153
CSTF2T,ADvsCTL,0.113633292,0.455377427,0.625817698
NT5C3A,ADvsCTL,-0.267540839,0.046242302,0.131159651
CYRIA,ADvsCTL,-0.172455477,0.001237537,0.009074011
HDHD2,ADvsCTL,0.132112869,0.194624182,0.362394964
QRSL1,ADvsCTL,-0.3667587,0.013858456,0.053824987
RAB1B,ADvsCTL,-0.111040378,0.021751402,0.075003757
FAM234A,ADvsCTL,0.240788005,0.014762847,0.05633377
NAPB,ADvsCTL,-0.192373437,0.000436773,0.004297821
DNTTIP1,ADvsCTL,0.191011863,0.222124241,0.393920036
SLITRK2,ADvsCTL,-0.244648335,0.210725263,0.381319953
ANAPC1,ADvsCTL,-0.37399221,0.002073781,0.013212317
IRF2BPL,ADvsCTL,0.154217632,0.494949292,0.659412901
CYSTM1,ADvsCTL,-0.034898743,0.813784456,0.893399205
NUCKS1,ADvsCTL,0.094678717,0.5117074,0.674246164
TMX4,ADvsCTL,-0.380442374,0.000168537,0.002138077
ISCU,ADvsCTL,-0.2665607,0.000129555,0.001754968
TLNRD1,ADvsCTL,-0.077198453,0.753324598,0.855471619
OSBPL2,ADvsCTL,0.051274227,0.530273015,0.689988025
MEGF9,ADvsCTL,0.190914861,0.004036189,0.02158536
SLC6A17,ADvsCTL,-0.259530417,0.015234871,0.057494454
VPS16,ADvsCTL,-0.047166232,0.31012967,0.49016979
SLK,ADvsCTL,-0.064411891,0.09221605,0.21655568
PDCL3,ADvsCTL,0.060436087,0.429948307,0.600799748
RAB3GAP2,ADvsCTL,-0.185960608,7.3e-05,0.001161466
DPH5,ADvsCTL,-0.038007,0.720015515,0.831600188
DHX36,ADvsCTL,-0.103661089,0.095455263,0.221844817
PPA2,ADvsCTL,-0.113993391,0.056458838,0.15261106
MRPL46,ADvsCTL,-0.234347979,0.042984486,0.124221538
TTYH1,ADvsCTL,-0.074583147,0.288760522,0.468018151
EPB41L4B,ADvsCTL,-0.018003455,0.804341263,0.886821997
TMEM245,ADvsCTL,0.179559193,0.034460866,0.106020963
C11orf68,ADvsCTL,-0.231733538,0.153940525,0.308868675
TCEAL2,ADvsCTL,-0.060582513,0.715390209,0.829086985
BOLA2B,ADvsCTL,0.32884888,0.004192438,0.022173679
TMX1,ADvsCTL,0.30371298,2.73e-05,0.000549428
PTPN23,ADvsCTL,0.031129672,0.334079816,0.513798613
DNAJC5,ADvsCTL,-0.25963094,0.000600493,0.005347407
CHMP4B,ADvsCTL,-0.100765236,0.037147177,0.112552505
CUEDC2,ADvsCTL,-0.215276085,0.370028131,0.546644557
RBKS,ADvsCTL,0.308447155,0.001793087,0.011887255
FN3K,ADvsCTL,0.157993495,0.046129872,0.130954934
POFUT1,ADvsCTL,0.123342762,0.064843866,0.168687859
MAP1LC3A,ADvsCTL,-0.253911128,0.000168452,0.002138077
RNPEP,ADvsCTL,0.282340098,0.000596062,0.005319444
GOLPH3,ADvsCTL,0.270072547,0.042493674,0.123447899
OSBPL3,ADvsCTL,-0.529805565,0.001577545,0.010900367
SMARCAD1,ADvsCTL,0.898299859,0.137301884,0.284677734
RGCC,ADvsCTL,0.39506887,0.01922414,0.068455067
SLC32A1,ADvsCTL,-0.012592682,0.898532898,0.942966927
POMK,ADvsCTL,-0.087367109,0.302595085,0.483018921
TMEM38A,ADvsCTL,-0.265267804,0.043447535,0.125157437
OPA3,ADvsCTL,-0.306055569,0.003944511,0.021253084
PRR36,ADvsCTL,-0.327149838,0.014337062,0.055137548
RETREG1,ADvsCTL,0.853934876,0.032706242,0.102053999
AZI2,ADvsCTL,-0.120368424,0.388659328,0.563490582
EPS8L2,ADvsCTL,0.269992925,0.257752394,0.435725727
RPAP3,ADvsCTL,0.107742477,0.062921851,0.164997209
BCAS3,ADvsCTL,-0.165904768,0.002155208,0.013562915
ANTXR1,ADvsCTL,-0.261361743,0.388905244,0.563550666
RANBP3,ADvsCTL,0.101143521,0.1111417,0.247352181
DCTPP1,ADvsCTL,-0.376048368,0.154668605,0.309721659
PEAK1,ADvsCTL,0.115115266,0.557801422,0.713236067
SMYD3,ADvsCTL,-0.055540797,0.586309734,0.736779511
AAMDC,ADvsCTL,0.179816665,0.320675642,0.50002599
WDR26,ADvsCTL,0.043324114,0.600507618,0.747280965
TDRD3,ADvsCTL,-0.497156716,0.076825711,0.19081745
ATP13A3,ADvsCTL,-0.325817243,0.402084735,0.576134562
PTGES2,ADvsCTL,-0.203382974,0.011313549,0.046441482
PHAX,ADvsCTL,-0.02810036,0.862697454,0.923145312
ACAD9,ADvsCTL,-0.276539154,0.001999162,0.012862229
RMND5A,ADvsCTL,-0.005505304,0.980842402,0.987569905
CNNM2,ADvsCTL,-0.229676172,0.002365271,0.014641477
MINDY3,ADvsCTL,0.06229371,0.414336252,0.587582664
SLC25A22,ADvsCTL,-0.447474191,2.08e-08,5.38e-06
QTRT2,ADvsCTL,-0.155911909,0.460139552,0.630314949
WDR54,ADvsCTL,-0.302758759,0.046231294,0.131159651
ARMT1,ADvsCTL,-0.126384579,0.0957434,0.22237077
CNOT10,ADvsCTL,0.033680187,0.708339834,0.825115534
SFXN1,ADvsCTL,-0.373023409,6.91e-07,4.25e-05
AGO3,ADvsCTL,0.109097075,0.472206089,0.640786413
MAP6D1,ADvsCTL,0.699428405,8.81e-05,0.001328585
L2HGDH,ADvsCTL,-0.246072133,0.00100153,0.007713069
ELP3,ADvsCTL,-0.223069242,0.255556247,0.434155901
TBC1D17,ADvsCTL,-0.092707395,0.068934807,0.176395613
CARS2,ADvsCTL,-0.175299524,0.153670069,0.308618004
PPCS,ADvsCTL,0.076921506,0.126646374,0.270145805
LIN7B,ADvsCTL,-0.162960997,0.262049538,0.439894204
SIAE,ADvsCTL,-0.038067314,0.567722274,0.721233895
CACNA1B,ADvsCTL,0.14203121,0.650367715,0.78425733
PLEKHA5,ADvsCTL,0.030116836,0.683537133,0.807867663
UPF2,ADvsCTL,0.198068984,0.001223672,0.008981503
GNB4,ADvsCTL,0.097105096,0.131832986,0.277435538
GRPEL1,ADvsCTL,-0.137880864,0.006999879,0.03240034
SCPEP1,ADvsCTL,0.087317675,0.599019688,0.746806881
MKKS,ADvsCTL,-0.133511388,0.195382334,0.363430342
RRAGC,ADvsCTL,0.16027574,0.000385638,0.003908877
AS3MT,ADvsCTL,-0.048139861,0.833210726,0.906014324
PLGRKT,ADvsCTL,0.189657449,0.275644718,0.454674807
NMRAL1,ADvsCTL,-0.175083316,0.600553092,0.747280965
SLC38A10,ADvsCTL,-0.124244255,0.621946842,0.762722202
LRRC4,ADvsCTL,0.065624224,0.830489286,0.904422322
EML4,ADvsCTL,0.104136692,0.083785199,0.202237228
MRM3,ADvsCTL,-0.208075162,0.386873534,0.561497443
GLOD4,ADvsCTL,0.138863331,0.002432632,0.014981095
SPON1,ADvsCTL,0.257726835,0.004100575,0.021783924
ZFYVE28,ADvsCTL,-0.065412873,0.563626864,0.718187429
NCOA5,ADvsCTL,0.088927257,0.491635446,0.656433675
TANC2,ADvsCTL,-0.214277076,0.001032947,0.007904241
EPG5,ADvsCTL,-0.282687021,0.221136883,0.393138309
ARHGEF10L,ADvsCTL,-0.27398365,0.372730976,0.549508898
ANO8,ADvsCTL,0.196840817,0.093857732,0.219550785
GBA2,ADvsCTL,-0.239398741,0.001934944,0.012613199
CPNE5,ADvsCTL,-0.458927436,2.27e-09,1.81e-06
KIAA1549,ADvsCTL,-0.504837768,0.035393257,0.108057597
EPB41L5,ADvsCTL,0.163735693,0.059115054,0.157692253
CELSR2,ADvsCTL,0.049927097,0.51743988,0.678992789
PREB,ADvsCTL,0.085047009,0.383913175,0.558892425
MRS2,ADvsCTL,-0.51446928,0.013945223,0.054032784
GOPC,ADvsCTL,-0.22113827,0.002867752,0.016797835
MRPL47,ADvsCTL,-0.504353742,0.063401271,0.165653957
LYRM4,ADvsCTL,-0.273698182,0.002532675,0.015409082
CHMP1A,ADvsCTL,0.040577832,0.482853531,0.64955404
APMAP,ADvsCTL,-0.100334016,0.039343084,0.116803083
RAB18,ADvsCTL,-0.112530734,0.014513282,0.055676819
RAB9B,ADvsCTL,-0.038407158,0.690759818,0.81293118
DYNLRB1,ADvsCTL,0.211731408,0.004423883,0.023108927
GPCPD1,ADvsCTL,-0.447310074,0.00057289,0.005173225
OSGEP,ADvsCTL,-0.134698221,0.11758754,0.256526394
ACOT13,ADvsCTL,-0.235294706,0.000569804,0.005161968
TIMMDC1,ADvsCTL,-0.274914665,0.163409569,0.321324503
NLRC4,ADvsCTL,-0.223684971,0.379951431,0.556050996
RIC8A,ADvsCTL,0.07257148,0.153793877,0.308660535
LZTFL1,ADvsCTL,-0.15369955,0.003136459,0.017876824
MRPL40,ADvsCTL,-0.325409684,0.006710409,0.031363204
TRIM36,ADvsCTL,-0.340184915,6.28e-05,0.001038374
TIGAR,ADvsCTL,0.021501152,0.756517211,0.856287534
C12orf4,ADvsCTL,-0.362218043,0.044693296,0.127713716
HINT3,ADvsCTL,0.075993317,0.315995447,0.495440607
RPRD1B,ADvsCTL,0.141601908,0.104874991,0.237745292
XPNPEP3,ADvsCTL,-0.074849338,0.733424851,0.840606471
RRAGD,ADvsCTL,0.034520164,0.804879832,0.88714383
PFDN4,ADvsCTL,-0.135736664,0.200878806,0.36890357
NIT2,ADvsCTL,-0.02520726,0.783715618,0.873720289
CCDC177,ADvsCTL,-0.417510856,0.00010704,0.001524634
AVEN,ADvsCTL,0.17864797,0.079471738,0.194747661
XPNPEP1,ADvsCTL,0.151374496,0.000521916,0.004851306
GPHN,ADvsCTL,-0.168448007,0.005443132,0.026912805
BIRC6,ADvsCTL,-0.046166044,0.552072867,0.709538606
PDLIM7,ADvsCTL,-0.409959135,0.225328516,0.397333712
PRMT8,ADvsCTL,-0.53859098,3.58e-06,0.000125492
DDX21,ADvsCTL,0.23462206,0.269981567,0.448390075
NANS,ADvsCTL,0.073111793,0.084865889,0.204297301
SH3GLB2,ADvsCTL,-0.249512678,0.001644015,0.011219546
EIF2B3,ADvsCTL,0.017739848,0.773882192,0.867872561
FBXO6,ADvsCTL,0.189253366,0.12442771,0.267282395
PRTFDC1,ADvsCTL,0.115533124,0.277738868,0.456530092
SMYD2,ADvsCTL,-0.106229081,0.404766906,0.57860219
SDR39U1,ADvsCTL,-0.206676101,0.008235503,0.036566649
AASDHPPT,ADvsCTL,0.009255535,0.872397374,0.927591177
INPP5E,ADvsCTL,-0.024857486,0.842698702,0.911790058
CNNM1,ADvsCTL,-0.567218337,0.002610401,0.015686395
RAB6B,ADvsCTL,0.064564211,0.192095513,0.359267558
VPS45,ADvsCTL,-0.04224709,0.300721461,0.480686548
MRPL17,ADvsCTL,-0.234862037,0.058488403,0.156396686
PHPT1,ADvsCTL,0.150524299,0.028054963,0.090614885
SERINC1,ADvsCTL,0.005933245,0.928949251,0.96234666
INIP,ADvsCTL,0.406027474,0.446274496,0.616771505
ARHGAP35,ADvsCTL,-0.071019052,0.030953202,0.09786654
AGPAT4,ADvsCTL,0.04413469,0.693073998,0.813977393
AGPAT3,ADvsCTL,-0.065650182,0.171300821,0.332299569
LANCL2,ADvsCTL,-0.215546442,0.00023143,0.002640458
SEMA3G,ADvsCTL,0.81430851,0.289949107,0.469202233
HOMER2,ADvsCTL,0.067141428,0.431606916,0.602590945
IARS2,ADvsCTL,-0.290351237,4.36e-05,0.000791258
NRBP2,ADvsCTL,0.130967589,0.042678726,0.123785513
BMP2K,ADvsCTL,0.2931386,0.063358742,0.165602991
EMILIN3,ADvsCTL,-0.17083243,0.580896456,0.732536502
ATG3,ADvsCTL,0.115701525,0.063895657,0.166703467
TENM2,ADvsCTL,0.092641738,0.704172357,0.821916417
PDS5B,ADvsCTL,0.363225982,1.37e-05,0.000329676
SACM1L,ADvsCTL,-0.052075672,0.2190668,0.390485839
CUTC,ADvsCTL,0.512447245,0.039502874,0.117023815
ECHDC1,ADvsCTL,0.314014352,0.002556854,0.015520211
RNF146,ADvsCTL,-0.189663656,0.066082868,0.170799162
TBC1D22B,ADvsCTL,-0.114026673,0.575070756,0.726974332
MDN1,ADvsCTL,-0.614190639,0.068010202,0.174713351
LYRM2,ADvsCTL,-0.451585625,0.001958754,0.012715989
ACSS1,ADvsCTL,0.074755467,0.305015419,0.485500312
ABHD10,ADvsCTL,-0.055342008,0.270479909,0.449010382
SHFL,ADvsCTL,-0.047351189,0.638641543,0.776102149
LMBRD1,ADvsCTL,-0.141733504,0.470638607,0.639752257
TXLNG,ADvsCTL,0.1907289,0.237386386,0.412046399
UFSP2,ADvsCTL,0.192070905,0.078540609,0.193701651
TBC1D23,ADvsCTL,-0.050281002,0.576504852,0.728147393
TMEM30A,ADvsCTL,0.064243184,0.346801036,0.525498178
PANK4,ADvsCTL,-0.124940859,0.005800336,0.028133389
EXD2,ADvsCTL,0.106179755,0.361579681,0.538923051
DNAJC11,ADvsCTL,-0.251309246,0.00013456,0.001789079
TMLHE,ADvsCTL,-0.284079876,0.010628686,0.044448918
ATAD3A,ADvsCTL,-0.248966257,9.46e-06,0.000259617
FGFR1OP2,ADvsCTL,-0.2471114,0.000761682,0.006348524
DNAJC17,ADvsCTL,-0.006681215,0.990425755,0.993677976
ARMC1,ADvsCTL,-0.14004449,0.006538562,0.030739788
MTPAP,ADvsCTL,0.065165658,0.419983869,0.592341955
RBM22,ADvsCTL,0.221828712,0.024559425,0.082242059
BSDC1,ADvsCTL,-0.17834856,0.026251131,0.086497656
GPATCH2,ADvsCTL,0.124703684,0.565669026,0.719642254
SLTM,ADvsCTL,0.24799443,0.004064399,0.021655721
PAG1,ADvsCTL,0.101676073,0.588049177,0.738449324
RMND1,ADvsCTL,-0.142046975,0.020362421,0.071134967
GID8,ADvsCTL,0.008691507,0.8977141,0.942688706
CZIB,ADvsCTL,0.170427506,0.003279507,0.018472586
NMRK1,ADvsCTL,0.813939779,0.096009162,0.222916043
FAM120C,ADvsCTL,0.192080472,0.026187822,0.086328598
COMMD8,ADvsCTL,0.197680607,0.103323453,0.235266096
MRPL16,ADvsCTL,-0.166528653,0.200135745,0.368573341
NHP2,ADvsCTL,0.254177738,0.226076067,0.398179517
ADPRS,ADvsCTL,0.058792521,0.531314632,0.690717706
MARCHF5,ADvsCTL,0.129413048,0.618160458,0.75968455
GFOD1,ADvsCTL,-0.173773671,0.017953724,0.065091299
MTMR10,ADvsCTL,0.315316456,0.017622743,0.064280118
PGPEP1,ADvsCTL,0.504742219,0.048363773,0.135968155
SIDT1,ADvsCTL,-0.083559919,0.568515635,0.721986752
NDE1,ADvsCTL,0.251252038,0.233029498,0.40733307
BABAM2,ADvsCTL,-0.031527234,0.71561931,0.829163933
CDKN2AIP,ADvsCTL,0.025699781,0.859849117,0.921923065
ALKBH4,ADvsCTL,-0.067279851,0.584834209,0.735532717
PPP4R2,ADvsCTL,-0.02209871,0.933866014,0.964297766
TUBA8,ADvsCTL,-0.152273695,0.695437593,0.815500914
TERF2IP,ADvsCTL,-0.151903616,0.050374632,0.140280577
SLCO1C1,ADvsCTL,0.043769338,0.833924757,0.906417246
BCLAF1,ADvsCTL,0.045073004,0.419489719,0.592042149
MRPL39,ADvsCTL,-0.393282066,0.000507789,0.004774541
NKIRAS1,ADvsCTL,-0.054357752,0.450045047,0.620861915
WSB2,ADvsCTL,-0.230940052,0.247433847,0.424067171
UGGT1,ADvsCTL,-0.173594923,4.31e-05,0.000788988
UBAP1,ADvsCTL,0.032323479,0.704478611,0.822082195
ACTR10,ADvsCTL,-0.038067113,0.605961146,0.750736407
GGA3,ADvsCTL,-0.220299294,0.003162841,0.018012916
PODXL2,ADvsCTL,0.23869184,0.111914087,0.248126459
FMN2,ADvsCTL,-0.112654021,0.091437682,0.215366906
STMN3,ADvsCTL,-0.244240613,0.003585316,0.019792155
FAM120A,ADvsCTL,-0.023076979,0.745170293,0.850252524
MOCS1,ADvsCTL,-0.136086519,0.065963518,0.170613299
SACS,ADvsCTL,0.094820625,0.234475754,0.408968017
COQ3,ADvsCTL,-0.180929832,0.091553953,0.215563857
HSPBP1,ADvsCTL,0.058354316,0.356513248,0.534584073
MYOF,ADvsCTL,0.13377245,0.392669316,0.566921054
EHD3,ADvsCTL,-0.259444074,8.45e-06,0.000240272
ARHGEF12,ADvsCTL,-0.039531143,0.418069311,0.590693373
NCKIPSD,ADvsCTL,-0.247323105,0.002654454,0.015897991
LRP1B,ADvsCTL,-0.118769949,0.284669222,0.463246339
LMCD1,ADvsCTL,0.038486982,0.742690193,0.848502312
CABP1,ADvsCTL,-0.275401861,0.005448695,0.0269179
CHMP5,ADvsCTL,-0.158015088,0.51225469,0.674473364
CWC15,ADvsCTL,0.550585315,0.075312429,0.187863432
NDUFAF4,ADvsCTL,-0.36004629,0.000210902,0.002492164
HACD3,ADvsCTL,-0.075634208,0.080360793,0.196205242
GRIA3,ADvsCTL,-0.220077623,0.071776989,0.181693416
EMC3,ADvsCTL,-0.12446785,0.150852059,0.304626295
NDUFA13,ADvsCTL,-0.363382839,7.8e-06,0.000227053
PDP1,ADvsCTL,-0.266740829,3.19e-06,0.000114091
KCMF1,ADvsCTL,-0.009978809,0.88814532,0.936719837
ADAM22,ADvsCTL,-0.110791055,0.098912996,0.228054755
FRRS1L,ADvsCTL,-0.325838476,0.001738824,0.011667312
VAPA,ADvsCTL,-0.079993762,0.048126638,0.135489199
CACNA1I,ADvsCTL,-0.284726104,0.154910736,0.310036985
DLGAP2,ADvsCTL,-0.354531066,0.001134898,0.008488608
ABRACL,ADvsCTL,-0.416460143,0.003429774,0.019094709
ACTR3B,ADvsCTL,-0.329945592,0.00060313,0.005349336
CAMSAP3,ADvsCTL,-0.180595635,0.006160169,0.029520384
KIAA1522,ADvsCTL,-0.085988354,0.882762592,0.932957879
ARHGAP23,ADvsCTL,0.275691953,7.92e-05,0.001230278
CNTN3,ADvsCTL,-0.180609328,0.111699864,0.248003871
NYAP2,ADvsCTL,0.4004457,0.059199419,0.15777007
LRFN1,ADvsCTL,-0.414501653,0.028573219,0.09185359
DIP2B,ADvsCTL,0.051664353,0.272801593,0.451613776
JCAD,ADvsCTL,-0.150301718,0.131230905,0.276492062
FNIP2,ADvsCTL,0.597756713,0.032091407,0.10027519
PTGFRN,ADvsCTL,-0.172178108,0.027827849,0.090124141
TMEM181,ADvsCTL,-0.094475082,0.481486718,0.64892898
ARHGAP20,ADvsCTL,-0.073364056,0.774382903,0.867992876
ANKIB1,ADvsCTL,0.016566711,0.834366648,0.906449071
USP35,ADvsCTL,0.362493894,0.607331306,0.751860464
EIF2AK4,ADvsCTL,0.053453239,0.686110019,0.809324925
WDR35,ADvsCTL,0.414237563,0.09445496,0.220589132
HECW2,ADvsCTL,-0.178280976,0.014973373,0.056909111
FRMD4A,ADvsCTL,-0.205997141,0.006191589,0.029631472
ANKFY1,ADvsCTL,0.18986194,0.004127256,0.021893326
SLC17A7,ADvsCTL,-0.295949932,0.001332733,0.009616455
SLC17A6,ADvsCTL,-0.046422112,0.757303762,0.856613792
GNG13,ADvsCTL,-0.553951545,0.032647087,0.101922958
PLP,ADvsCTL,0.330342682,0.304543961,0.485179338
ATXN10,ADvsCTL,-0.030949723,0.64757857,0.782687328
EPS15L1,ADvsCTL,-0.107646365,0.024182648,0.08132644
COMMD3,ADvsCTL,-0.096727704,0.292118569,0.471757716
GNG12,ADvsCTL,0.618829309,7.03e-09,3.12e-06
HECA,ADvsCTL,0.178633025,0.754435624,0.856074372
ABCD2,ADvsCTL,-0.172121708,0.173469986,0.335512129
UXT,ADvsCTL,-0.281973981,0.167600016,0.327416326
ARPP21,ADvsCTL,-0.1728315,0.446479803,0.616771505
CPNE7,ADvsCTL,-0.049617513,0.576166011,0.727873718
VPS29,ADvsCTL,-0.063492324,0.149576023,0.302985168
EIF3K,ADvsCTL,-0.030878725,0.673372545,0.800115606
GRHPR,ADvsCTL,0.261956169,0.001963951,0.012738234
DNAJB11,ADvsCTL,-0.260822865,2.63e-05,0.00053091
UBA2,ADvsCTL,0.025294736,0.661607474,0.792100959
SEL1L,ADvsCTL,-0.158609993,0.027703747,0.089850794
PEF1,ADvsCTL,-0.069321319,0.374028934,0.550753731
COPS7A,ADvsCTL,-0.042746403,0.293679532,0.473428255
UQCR10,ADvsCTL,-0.315671336,0.004689126,0.02417841
TJP2,ADvsCTL,0.765432878,7.89e-06,0.00022809
CFDP1,ADvsCTL,0.179984376,0.106589394,0.240645798
STK39,ADvsCTL,-0.06265827,0.304723826,0.485313466
ADD3,ADvsCTL,0.379525833,3.45e-09,2.12e-06
FBXL17,ADvsCTL,0.403524047,0.400059425,0.574147535
NIPSNAP3A,ADvsCTL,0.227446451,0.25087541,0.428187412
CGGBP1,ADvsCTL,0.105256796,0.626938276,0.767194117
RGS17,ADvsCTL,-0.001769124,0.987354724,0.991351554
WARS2,ADvsCTL,-0.077228046,0.365279793,0.5423029
SLC2A6,ADvsCTL,0.212519433,0.359592494,0.537744035
ZC3H7B,ADvsCTL,-0.052996468,0.611609551,0.754468788
TCF20,ADvsCTL,-0.088396035,0.649108317,0.783449889
NDRG3,ADvsCTL,-0.065090967,0.313642619,0.493865399
SEPTIN3,ADvsCTL,-0.13680283,0.030985279,0.097924916
SWAP70,ADvsCTL,0.409922118,8.81e-06,0.000247317
KLHL3,ADvsCTL,-0.028245441,0.895130564,0.94146427
LAMTOR3,ADvsCTL,0.27687659,0.013850009,0.053821241
AFF4,ADvsCTL,0.639433694,0.04366487,0.125682837
SRP68,ADvsCTL,-0.007976941,0.869839451,0.926377728
MKRN1,ADvsCTL,-0.210680633,0.039067816,0.116265949
TBK1,ADvsCTL,-0.151590304,0.006488336,0.030607396
PCSK1N,ADvsCTL,-0.133396165,0.422185681,0.594631213
PCYOX1,ADvsCTL,-0.139214203,0.002114723,0.013378364
DPP7,ADvsCTL,-0.00880152,0.962932238,0.978162913
USP25,ADvsCTL,-0.273027769,0.436270477,0.606746625
CYB5R1,ADvsCTL,0.004663649,0.950691348,0.973363377
NRBP1,ADvsCTL,-0.241821608,6.82e-05,0.001101601
ENOPH1,ADvsCTL,0.165282202,0.013930791,0.054018427
NDUFA12,ADvsCTL,-0.413095182,6.38e-06,0.000191931
TAGLN3,ADvsCTL,-0.266515649,0.000988879,0.007675634
IPO11,ADvsCTL,-0.092956818,0.605562473,0.750736407
CTNNA3,ADvsCTL,0.195135054,0.455313781,0.625817698
XPO7,ADvsCTL,-0.025873967,0.501603174,0.665197572
LCMT1,ADvsCTL,0.038800552,0.543371006,0.702709034
VPS51,ADvsCTL,-0.155300822,0.000418716,0.004154241
BAZ1B,ADvsCTL,0.088090318,0.427906917,0.600079929
SLCO3A1,ADvsCTL,0.27322932,0.012676665,0.050377485
ATP5IF1,ADvsCTL,-0.236025229,0.015945274,0.059396354
PLXNA1,ADvsCTL,-0.468398461,3.15e-08,6.12e-06
TSPYL4,ADvsCTL,0.029526524,0.789150075,0.877741842
MSRA,ADvsCTL,-0.050141857,0.507816228,0.670962918
HACL1,ADvsCTL,-0.357457666,0.057232323,0.153792311
HOOK1,ADvsCTL,-0.328631732,0.002220352,0.013924142
SH3BGRL2,ADvsCTL,-0.170273695,0.00019185,0.002331037
RIMS3,ADvsCTL,-0.19089299,0.019779916,0.069688221
RASAL2,ADvsCTL,-0.365133234,3.14e-06,0.00011302
TSR3,ADvsCTL,0.280316554,0.403266125,0.577252386
LAMP5,ADvsCTL,-0.535068233,0.134684877,0.281052603
CDC23,ADvsCTL,-0.155077923,0.456629797,0.627007207
ANAPC4,ADvsCTL,-0.070444099,0.306213593,0.486764469
HSPB8,ADvsCTL,0.59700653,1.03e-06,5.74e-05
GGA2,ADvsCTL,-0.156995537,0.47022567,0.639610475
GGA1,ADvsCTL,-0.175963226,0.004094692,0.021781924
STOML2,ADvsCTL,-0.115905354,0.049654241,0.138785467
GNG8,ADvsCTL,0.25774976,0.348031922,0.526365352
KCND3,ADvsCTL,-0.340986346,0.036086123,0.109893091
FBXO2,ADvsCTL,0.096086201,0.204262933,0.372532045
NOCT,ADvsCTL,-0.789062193,0.003800873,0.020649306
LSM7,ADvsCTL,-0.356066201,0.565194236,0.719367377
HBB,ADvsCTL,0.505547391,0.072302438,0.182580254
CCNL1,ADvsCTL,-0.096536554,0.555641248,0.711654624
TASOR,ADvsCTL,0.291549318,0.16884801,0.329094996
FEM1B,ADvsCTL,-0.139929836,0.435228493,0.606000493
JPT1,ADvsCTL,0.318103025,0.072366519,0.182592258
FBXW11,ADvsCTL,0.17070362,0.222631343,0.394527531
AJAP1,ADvsCTL,-0.249196702,0.27720974,0.456077232
TNIK,ADvsCTL,-0.156048905,0.072371824,0.182592258
PITPNC1,ADvsCTL,-0.196665383,0.036217414,0.110246239
APPL1,ADvsCTL,0.056213853,0.210048445,0.380616572
GPATCH8,ADvsCTL,0.312007463,0.127967896,0.272168267
PARP4,ADvsCTL,0.169794795,0.597278807,0.745225752
NXT1,ADvsCTL,0.031269876,0.79775573,0.883488371
ACSL6,ADvsCTL,-0.135940456,0.012319751,0.0492145
TRHDE,ADvsCTL,-0.307999924,0.193555926,0.361399642
ACAD8,ADvsCTL,-0.07626403,0.565252942,0.719367377
AGO2,ADvsCTL,0.132290315,0.336865422,0.516536556
CDV3,ADvsCTL,0.289400401,0.012886345,0.050929384
CNOT11,ADvsCTL,0.010205972,0.957521378,0.975516171
RAB22A,ADvsCTL,0.062565874,0.203588128,0.371771872
HCN2,ADvsCTL,-0.053725401,0.563980359,0.718510577
TAOK2,ADvsCTL,-0.174228592,0.015746819,0.058839931
CDH9,ADvsCTL,-0.349269805,0.013187005,0.051832858
MCTS1,ADvsCTL,-0.10890792,0.074037475,0.185730079
ZDHHC8,ADvsCTL,-0.647437867,0.087622305,0.209321568
OGDHL,ADvsCTL,-0.369140888,1.62e-06,7.53e-05
KIDINS220,ADvsCTL,0.1018448,0.278365464,0.457351025
MRTFB,ADvsCTL,-0.037062286,0.641718029,0.778957825
NWD2,ADvsCTL,-0.458732031,0.003763476,0.020498889
PNMA8B,ADvsCTL,0.005026578,0.959630094,0.976654914
PPM1H,ADvsCTL,-0.231382023,0.001302382,0.00946266
CADPS,ADvsCTL,-0.269580489,1.34e-05,0.000322375
NFU1,ADvsCTL,-0.35622131,5.83e-05,0.00098855
PRPF19,ADvsCTL,-0.189522738,0.004178244,0.02211487
UBQLN1,ADvsCTL,-0.068995512,0.25429599,0.432423417
NENF,ADvsCTL,-0.066511162,0.554206624,0.710969903
SYNRG,ADvsCTL,-0.177781238,0.019728488,0.06966471
PCDHGC3,ADvsCTL,0.206870461,0.032326766,0.100966753
STUB1,ADvsCTL,0.052005939,0.215421394,0.387091203
SNX7,ADvsCTL,-0.049352054,0.655189862,0.787481695
STX8,ADvsCTL,-0.346256555,0.166957537,0.326515923
COPS3,ADvsCTL,-0.061366872,0.079594223,0.194867681
RABL2B,ADvsCTL,-0.234714943,0.075562059,0.188169555
MINPP1,ADvsCTL,-0.435617054,0.452826148,0.623264156
NOVA2,ADvsCTL,-0.100209,0.140572383,0.290139785
NSFL1C,ADvsCTL,-0.212835919,0.676865819,0.80280818
BSN,ADvsCTL,-0.529301271,0.59583459,0.744974484
MACF1,ADvsCTL,-0.086463766,0.474707662,0.643293747
PPP6R1,ADvsCTL,0.108959557,0.277134884,0.456077232
BTBD8,ADvsCTL,-0.101003068,0.266037555,0.443992607
LIMCH1,ADvsCTL,0.132007515,0.066005088,0.170659453
PLCL2,ADvsCTL,-0.386114073,1.92e-05,0.000418144
SLC8A2,ADvsCTL,-0.167176925,0.016428967,0.060820156
ZC3H4,ADvsCTL,-0.056925115,0.747236445,0.851268519
USP22,ADvsCTL,-0.072814253,0.559865319,0.714787228
USP24,ADvsCTL,0.052507671,0.43264228,0.603333835
TBC1D2B,ADvsCTL,0.554075547,0.125173249,0.26822669
SAMD4A,ADvsCTL,0.058235486,0.845689278,0.913506979
PHF24,ADvsCTL,-0.570330242,1.64e-08,5.37e-06
IGSF9B,ADvsCTL,-0.626434068,4.14e-07,3.17e-05
SHANK2,ADvsCTL,-0.435385787,9.84e-05,0.001434243
DICER1,ADvsCTL,0.102480457,0.697926198,0.817001705
SLC7A11,ADvsCTL,0.26422441,0.099846026,0.229674597
WASF3,ADvsCTL,0.095105607,0.373554298,0.55060985
CORO2B,ADvsCTL,-0.153981002,0.000959458,0.007534263
SHOC2,ADvsCTL,-0.014317353,0.904668087,0.947201973
DNM3,ADvsCTL,-0.183394823,8.92e-05,0.001342357
RIMS2,ADvsCTL,-0.194163956,0.046439365,0.131643576
SPG7,ADvsCTL,-0.309940552,2.12e-05,0.000449986
CTNND2,ADvsCTL,0.080705394,0.10406929,0.236391814
BAIAP2,ADvsCTL,-0.329652621,0.000132353,0.001774453
GAB2,ADvsCTL,0.04634815,0.6435818,0.780114588
SCN8A,ADvsCTL,-0.142020843,0.255435896,0.434053956
MTMR6,ADvsCTL,-0.212779463,0.028418508,0.091542466
RUVBL2,ADvsCTL,0.129365984,0.002900962,0.016896047
PIN4,ADvsCTL,0.187996994,0.091391042,0.215366906
LZTS1,ADvsCTL,-0.427256328,0.000276099,0.003032034
EIF3L,ADvsCTL,-0.007701293,0.842085467,0.911667785
PLAA,ADvsCTL,-0.045067248,0.397389355,0.571455744
NUDC,ADvsCTL,0.037956794,0.428785675,0.60051911
VSIG4,ADvsCTL,0.456029215,0.02883713,0.092476807
ASF1A,ADvsCTL,-0.026929443,0.910398875,0.950159476
DRG1,ADvsCTL,0.005648146,0.966363691,0.97998788
TRAPPC4,ADvsCTL,-0.147378924,0.000453057,0.004409795
NCKAP1,ADvsCTL,-0.135888776,0.004233639,0.022358712
VPS9D1,ADvsCTL,-0.266769461,0.111310432,0.247574501
DIP2C,ADvsCTL,-0.087786615,0.159670223,0.316480549
EFR3B,ADvsCTL,-0.254482422,0.000281305,0.00306204
STK38L,ADvsCTL,0.011294454,0.836518345,0.907963853
INPP5F,ADvsCTL,0.20865178,0.236531741,0.410860376
MAST1,ADvsCTL,-0.07234284,0.126678966,0.270145805
HEL37,ADvsCTL,-0.189819106,0.299569248,0.479484112
WDR37,ADvsCTL,-0.159954818,0.005587535,0.0274121
RPH3A,ADvsCTL,-0.875476281,7.37e-09,3.12e-06
STXBP5L,ADvsCTL,-0.449993663,1.32e-06,6.53e-05
DIS3,ADvsCTL,0.011228889,0.934810055,0.964580222
ATP8A1,ADvsCTL,0.082484958,0.237476723,0.412103756
LAMTOR2,ADvsCTL,0.231023395,0.053307007,0.146461917
CRYL1,ADvsCTL,0.33259501,0.000231183,0.002640458
POLDIP2,ADvsCTL,-0.32667158,0.000502042,0.004752142
PPP2R2C,ADvsCTL,-0.355610218,0.000279216,0.003056921
CARHSP1,ADvsCTL,0.14689972,0.160741638,0.318130895
THRAP3,ADvsCTL,-0.008008216,0.938357216,0.966576465
NOP58,ADvsCTL,0.037892008,0.429057442,0.600626759
COQ6,ADvsCTL,0.042508264,0.721821385,0.832728344
AMDHD2,ADvsCTL,0.055643286,0.838190717,0.908960849
ACOT9,ADvsCTL,0.00671168,0.910602314,0.950233925
DERA,ADvsCTL,0.515166226,0.000564922,0.005132439
LSM2,ADvsCTL,0.067092498,0.407060216,0.580332406
SH3GLB1,ADvsCTL,0.011549309,0.834270782,0.906449071
LUC7L2,ADvsCTL,0.189149775,0.00452982,0.023542625
DHRS7,ADvsCTL,0.134323817,0.03119502,0.098361453
TMED5,ADvsCTL,-0.127839909,0.347492686,0.526102903
SF3B6,ADvsCTL,0.081035962,0.387510301,0.562194755
RNF11,ADvsCTL,-0.021359183,0.879418278,0.931151368
UFC1,ADvsCTL,0.206746904,0.000959415,0.007534263
CIAO2B,ADvsCTL,0.041221376,0.638176563,0.775668134
MSRB2,ADvsCTL,0.089955221,0.232098458,0.406101729
MRPS16,ADvsCTL,-0.361714375,0.00044541,0.004358963
FIS1,ADvsCTL,-0.117004748,0.015600478,0.05850586
MRPS23,ADvsCTL,-0.362568686,0.004163243,0.022051697
BOLA1,ADvsCTL,0.119950369,0.695837948,0.815523156
CHMP3,ADvsCTL,0.110799984,0.092573085,0.217252267
STRAP,ADvsCTL,-0.124128309,0.002083833,0.013235542
RTCB,ADvsCTL,0.100039134,0.021725553,0.074950555
RAP2C,ADvsCTL,-0.037696025,0.671019504,0.798329052
RABGAP1,ADvsCTL,-0.018878227,0.603813805,0.749561449
HCN4,ADvsCTL,-0.575848956,0.017838496,0.064737521
DOP1B,ADvsCTL,-0.130807991,0.382040279,0.557519929
RPL36,ADvsCTL,-0.140725675,0.189067324,0.356108317
SAMHD1,ADvsCTL,0.42696781,4.03e-05,0.000747242
C2CD2,ADvsCTL,0.035343886,0.608091607,0.75193449
TLN1,ADvsCTL,0.251572359,0.000742704,0.006262918
MTCL1,ADvsCTL,-0.349653095,0.007812419,0.035099771
DCAF1,ADvsCTL,-0.057359293,0.681525412,0.806470632
TCAF1,ADvsCTL,0.052886281,0.699087012,0.81804667
DAAM1,ADvsCTL,0.10444293,0.062075568,0.163317323
PLXND1,ADvsCTL,-0.128705084,0.415957056,0.588800301
WDR7,ADvsCTL,-0.279959576,3.41e-05,0.000657925
USP15,ADvsCTL,-0.110541697,0.015768757,0.058867559
TLN2,ADvsCTL,-0.181494403,0.0007285,0.00617209
DTNA,ADvsCTL,0.108083461,0.669865712,0.798003323
TRAF6,ADvsCTL,0.042733948,0.863253116,0.923190553
HYOU1,ADvsCTL,-0.233641943,2.11e-05,0.000449986
TELO2,ADvsCTL,0.418953649,0.484311303,0.650906428
ARIH1,ADvsCTL,-0.045286472,0.580088134,0.731773754
LSM4,ADvsCTL,0.103374428,0.141689027,0.291607775
VH3,ADvsCTL,0.030024672,0.923027461,0.958496965
SAMM50,ADvsCTL,-0.218417641,0.000117113,0.001626249
HSPB11,ADvsCTL,0.419380641,0.005763351,0.028010667
TIMM22,ADvsCTL,-0.277453241,0.031389039,0.098637552
AP4S1,ADvsCTL,0.061091277,0.435600295,0.606400797
YTHDF2,ADvsCTL,-0.599890201,0.001937302,0.012613199
CTDP1,ADvsCTL,-0.188771,0.673584398,0.800159267
PAXBP1,ADvsCTL,0.703999881,0.034268106,0.105563378
NME7,ADvsCTL,0.077129732,0.324223401,0.50312696
SUPT16H,ADvsCTL,0.028266408,0.742465439,0.848380286
PCDHB14,ADvsCTL,0.493722365,0.024913919,0.083119584
PCDHGC5,ADvsCTL,-0.362030844,0.042324894,0.123056979
PHLDA3,ADvsCTL,0.708503186,0.02680783,0.087864793
TIMM8B,ADvsCTL,-0.202276042,0.002064092,0.01317222
PCYT1B,ADvsCTL,0.106686939,0.489569768,0.654687985
CD2AP,ADvsCTL,0.231702879,0.038554657,0.115359254
ENTPD2,ADvsCTL,0.741728553,0.00031329,0.003335076
TIMM13,ADvsCTL,-0.271342139,0.00016406,0.002107296
TRPV2,ADvsCTL,-0.005320691,0.969563912,0.982125506
RBM8A,ADvsCTL,0.109965614,0.264719581,0.442408909
COPG1,ADvsCTL,0.08014189,0.12545521,0.268571228
ARL5A,ADvsCTL,0.087952701,0.402376357,0.576300234
CACNG2,ADvsCTL,-0.401798539,0.000522909,0.00485327
CYP46A1,ADvsCTL,-0.178325139,0.044725869,0.12771464
CFAP20,ADvsCTL,-0.071043937,0.368539252,0.545116767
EMILIN1,ADvsCTL,0.389793214,0.110643019,0.246832428
MTCH2,ADvsCTL,-0.16875855,0.00471925,0.024288552
ARFGEF2,ADvsCTL,-0.19863249,0.000168162,0.002138077
DYNC1LI1,ADvsCTL,-0.167542376,0.017314312,0.063462372
CHCHD2,ADvsCTL,0.099768372,0.33647182,0.516043028
EPN1,ADvsCTL,-0.17572645,0.054092288,0.14782896
AK5,ADvsCTL,-0.078938803,0.219003845,0.390485839
SLC30A1,ADvsCTL,0.155440868,0.024467014,0.081970766
NDUFB9,ADvsCTL,-0.411451442,3.62e-06,0.000126075
LAMC3,ADvsCTL,0.132063793,0.350536603,0.529041079
CDH10,ADvsCTL,-0.481259959,0.000185599,0.002266578
SCIN,ADvsCTL,1.156543409,1.81e-05,0.000404001
PCLO,ADvsCTL,-0.297934661,0.003031107,0.017372708
WASF2,ADvsCTL,0.296066229,0.007079887,0.032664562
FAM169A,ADvsCTL,0.178184667,0.03957217,0.117088696
ENPP4,ADvsCTL,0.033214418,0.756128007,0.856287534
IVNS1ABP,ADvsCTL,0.281082073,0.081459762,0.198153558
PSMC3,ADvsCTL,0.015934643,0.670099794,0.798047814
HSPE1-MOB4,ADvsCTL,-0.119908904,0.002666752,0.015900932
HBA2,ADvsCTL,0.282157376,0.302897095,0.483197782
Mprip-Ntrk1,ADvsCTL,0.69560242,0.013207209,0.051836597
CD74-Ntrk1,ADvsCTL,0.158801429,0.35985521,0.537913243
HEL-176,ADvsCTL,0.436815096,0.008717477,0.038234642
HEL-214,ADvsCTL,0.273660741,0.305475228,0.485909623
QPRT,ADvsCTL,0.235684,0.110806652,0.246932576
CADPS2,ADvsCTL,-0.220369611,0.001470056,0.010357079
RAPGEF4,ADvsCTL,-0.317018823,0.000405974,0.004055792
ALDH5A1,ADvsCTL,-0.273811671,6.2e-05,0.001029491
GPX1,ADvsCTL,-0.787033959,0.404112364,0.578118583
SLIT2,ADvsCTL,0.336590824,0.008189428,0.036449919
RAP1GAP,ADvsCTL,-0.153834953,0.003653007,0.020088745
NFASC,ADvsCTL,-0.02128872,0.78336886,0.873608094
ATP6,PDvsAD,0.264083924,0.043429449,0.124905247
ND2,PDvsAD,0.432484621,3.24e-05,0.000588205
ND5,PDvsAD,0.635726421,1.68e-05,0.000370806
ND6,PDvsAD,0.871678838,0.004810238,0.024077968
COX1,PDvsAD,0.439603707,0.000638736,0.005226884
ND4,PDvsAD,0.450496883,5.89e-05,0.000909037
COX3,PDvsAD,0.222145157,0.035356953,0.107581314
ND3,PDvsAD,0.271419428,0.310113873,0.491657282
ATP8,PDvsAD,0.151133779,0.122128863,0.262837877
MAGOHB,PDvsAD,-0.050336551,0.319470234,0.50097
HLA-DRB1,PDvsAD,-0.664058664,0.18321019,0.345434049
TM9SF4,PDvsAD,-0.131989526,0.390607627,0.573932634
PTEN,PDvsAD,0.0632911,0.572710086,0.726415737
TM9SF2,PDvsAD,-0.087191819,0.393752358,0.577480722
TM9SF3,PDvsAD,-0.130036181,0.111420629,0.247131849
AP1S1,PDvsAD,0.259174284,0.009808136,0.041395577
EIF3C,PDvsAD,-0.063749316,0.081492934,0.196440574
CP110,PDvsAD,-0.146672681,0.404162851,0.58670484
PLP2,PDvsAD,-0.752126403,3.24e-06,0.000132511
WDR45,PDvsAD,0.068520092,0.565997063,0.722103028
SPECC1,PDvsAD,0.0283205,0.627628439,0.76621374
EXOC3,PDvsAD,0.031726367,0.42683087,0.606997716
CCDC22,PDvsAD,-0.090835279,0.105111953,0.237683206
TFE3,PDvsAD,0.236835696,0.057668869,0.153406869
HDAC6,PDvsAD,-0.120424817,0.301715594,0.482919508
SDHA,PDvsAD,0.375781603,4.53e-08,9.01e-06
APPBP2,PDvsAD,-0.173117024,0.314910669,0.497070977
FLOT2,PDvsAD,0.399058125,0.000375544,0.003494552
ALDOC,PDvsAD,0.104913905,0.029642299,0.094523544
RAB34,PDvsAD,-0.254030986,0.009432917,0.040267641
TAOK1,PDvsAD,0.085903666,0.021358936,0.07466876
EFHD2,PDvsAD,0.104002373,0.294888749,0.476659499
NECAP2,PDvsAD,-0.612504765,2.37e-05,0.000470007
COG4,PDvsAD,0.187184875,0.215523032,0.386116356
SH2B1,PDvsAD,-0.040098365,0.612638093,0.756126597
PCDH8,PDvsAD,0.459093711,0.004936626,0.024539841
BCKDK,PDvsAD,0.116292504,0.382031923,0.565655748
FBXO42,PDvsAD,0.520807537,0.085016574,0.203096717
hCG_1993905,PDvsAD,-0.394037674,0.186937161,0.350805896
CD2BP2,PDvsAD,-0.031872708,0.828753773,0.898765624
RPL18,PDvsAD,0.111466816,0.113986815,0.250812836
CPT1C,PDvsAD,-0.018266333,0.942723522,0.967195877
RUSF1,PDvsAD,0.287761277,7.56e-08,1.13e-05
TGFB1I1,PDvsAD,0.368255582,0.101723057,0.232283793
FLJ20643,PDvsAD,-0.107999218,0.551948885,0.712393384
NUP62,PDvsAD,0.000732384,0.988086375,0.992224668
RRAS,PDvsAD,-0.153278167,0.069903836,0.17644777
AKT1S1,PDvsAD,-0.357005888,0.068739427,0.174345098
RNF40,PDvsAD,-0.159992133,0.634118821,0.771518383
SPHK2,PDvsAD,0.099029099,0.329155226,0.511149868
SR-A1,PDvsAD,-0.15870591,0.053324773,0.145092087
BMERB1,PDvsAD,0.037209193,0.752029184,0.851597279
UBE2D1,PDvsAD,-0.255930859,0.003416521,0.018721963
MYH11,PDvsAD,0.818921551,0.035106497,0.10713663
MYH11,PDvsAD,0.506856747,0.099086464,0.2280606
CCDC6,PDvsAD,0.056705793,0.306175901,0.488645053
PHYHIPL,PDvsAD,0.069610383,0.168258581,0.32654674
PBLD,PDvsAD,-0.612204178,0.02700523,0.088358261
HNRNPH3,PDvsAD,0.035799333,0.493724454,0.664550897
FAM241B,PDvsAD,0.338834374,0.014265248,0.055196306
LRRC20,PDvsAD,0.124777969,0.133771812,0.279868791
EIF4EBP2,PDvsAD,-0.561007974,0.154982638,0.31018089
PALD1,PDvsAD,-0.184405879,0.107098572,0.240688062
SEC24C,PDvsAD,0.021281234,0.65924657,0.790590293
DNAJC9,PDvsAD,-0.034782294,0.768290189,0.861467082
VCL,PDvsAD,-0.128111945,0.19298805,0.357221576
CISD1,PDvsAD,0.394763492,6.73e-08,1.1e-05
HERC4,PDvsAD,-0.004177361,0.947110936,0.969208844
MACROH2A2,PDvsAD,0.161111754,0.307297779,0.489327292
AP3M1,PDvsAD,-0.091159217,0.316650373,0.498504296
MOCS2,PDvsAD,-0.077684252,0.338417531,0.520803873
PLPP1,PDvsAD,-0.324167927,0.29472124,0.476602941
VDAC2,PDvsAD,0.291199529,5.37e-06,0.000175512
EXOC2,PDvsAD,0.06681468,0.046900668,0.131677012
SERPINB9,PDvsAD,-0.034355736,0.853947871,0.914160809
NQO2,PDvsAD,-0.057804186,0.730139688,0.837230449
TPMT,PDvsAD,0.105472574,0.375103053,0.55919508
RANBP9,PDvsAD,-0.033972489,0.5050678,0.674538058
NUP153,PDvsAD,0.000845607,0.992719215,0.995231934
TBC1D7,PDvsAD,0.047652159,0.562804908,0.720162646
SERPINB6,PDvsAD,-0.467826121,0.127689472,0.270935214
LOC221955,PDvsAD,-0.235581101,0.005033944,0.02477947
BPHL,PDvsAD,0.146716425,0.322095038,0.503943437
RIPOR2,PDvsAD,0.029572877,0.828508011,0.898765624
CCDC115,PDvsAD,0.270799958,0.110625927,0.245899968
TMEM14C,PDvsAD,0.220661612,0.448252276,0.625661923
FAM8A1,PDvsAD,-0.219280628,0.432642658,0.612357071
SIRT5,PDvsAD,0.20643013,0.003608492,0.019538146
C9,PDvsAD,0.036884604,0.817348211,0.890920697
OXCT1,PDvsAD,0.199161813,0.002887426,0.016562407
HMGN4,PDvsAD,-0.234528554,0.175233221,0.335226745
SLC1A3,PDvsAD,-0.015817667,0.798583218,0.878050916
VAMP7,PDvsAD,0.050282647,0.485262044,0.658707282
NUP155,PDvsAD,-0.101794184,0.048486913,0.135285633
SDF4,PDvsAD,-0.252096108,0.176944819,0.33751368
VWA1,PDvsAD,-0.010954246,0.94503293,0.968402375
AMPD2,PDvsAD,0.05616621,0.356589977,0.538742219
AHCYL1,PDvsAD,-0.027243213,0.665244368,0.79464845
NNT,PDvsAD,0.287276932,9.65e-07,5.6e-05
CTTNBP2NL,PDvsAD,0.29566445,0.091085801,0.214256769
AP4B1,PDvsAD,0.539930768,0.183478101,0.34566736
CSDE1,PDvsAD,0.111454333,0.003053271,0.017225236
CAPZA1,PDvsAD,-0.026371357,0.5207307,0.686135908
MAGI3,PDvsAD,0.182751973,0.024925972,0.083664264
TRIM33,PDvsAD,-0.222926955,0.19410183,0.358545059
CLCC1,PDvsAD,-0.168746307,0.02402206,0.081236801
WDR77,PDvsAD,0.020187757,0.895161935,0.941084449
RHOC,PDvsAD,0.367329559,0.452762928,0.631025719
PAK4,PDvsAD,-0.069586377,0.713566347,0.82585402
HNRNPUL1,PDvsAD,-0.230109367,0.007742053,0.034524855
BCKDHA,PDvsAD,-0.02031184,0.780214784,0.868340545
RAB4B,PDvsAD,0.088926554,0.0592454,0.156386116
MGC20255,PDvsAD,-0.044261207,0.776076139,0.865743745
GSK3A,PDvsAD,0.194099939,0.00014993,0.001725513
PAFAH1B3,PDvsAD,-0.246546229,0.008573265,0.03737424
TIMM50,PDvsAD,0.233323607,0.000112976,0.001415739
SPTBN4,PDvsAD,0.03968532,0.433996629,0.613669698
SAMD4B,PDvsAD,-0.191461312,0.108604158,0.242937429
SMG9,PDvsAD,-0.348381861,0.457560815,0.634620841
PLD3,PDvsAD,0.040270556,0.580851392,0.732680663
ERCC1,PDvsAD,0.999131789,0.190702578,0.354542168
PPP5C,PDvsAD,0.272483799,1.12e-07,1.41e-05
ARHGEF1,PDvsAD,-0.520454303,4.67e-05,0.000760297
SAE1,PDvsAD,-0.072402154,0.215169969,0.385664782
NAPA,PDvsAD,0.046116811,0.344992642,0.526976444
EHD2,PDvsAD,0.004663196,0.970314399,0.982194128
DHRS11,PDvsAD,0.138972549,0.149762823,0.302642047
APOC1,PDvsAD,-0.45521871,0.103513912,0.235401696
APOC2,PDvsAD,-0.343805597,0.189885852,0.353879234
VASP,PDvsAD,-0.122763721,0.497857631,0.668862521
SEPW1,PDvsAD,-0.042658185,0.501301645,0.671081464
SLC25A18,PDvsAD,0.006574534,0.946315754,0.968946508
NELL2,PDvsAD,0.148317583,0.134269205,0.280592211
ACACA,PDvsAD,0.164592508,0.001030878,0.007474905
PFKM,PDvsAD,0.129539418,0.000720838,0.005697791
ARF3,PDvsAD,-0.323224242,0.100303089,0.229917182
DDX23,PDvsAD,-0.02763164,0.697915247,0.816409883
SPATS2,PDvsAD,-0.018141003,0.905910294,0.948309768
SMARCD1,PDvsAD,0.259370035,0.594308853,0.741262976
CNTN1,PDvsAD,0.088362716,0.031904196,0.099690219
METTL7A,PDvsAD,-0.19257414,0.008220598,0.036240122
TFCP2,PDvsAD,-0.006621072,0.950467543,0.970786527
SLC38A1,PDvsAD,0.053762537,0.689195559,0.810559786
PRKAG1,PDvsAD,0.043370182,0.355219042,0.536896526
ATG101,PDvsAD,0.456061859,0.119879224,0.259491802
GPD1,PDvsAD,-0.699613762,9.45e-05,0.00124261
CORO2A,PDvsAD,0.343133066,0.005943964,0.027980979
SLC44A1,PDvsAD,-0.643834646,0.00530509,0.025853329
hCG_28765,PDvsAD,0.075856,0.14717327,0.298706921
GNG10,PDvsAD,-0.349447909,0.006345563,0.029380843
PTBP3,PDvsAD,0.046318681,0.67103365,0.798611955
TEX10,PDvsAD,0.053126262,0.863390322,0.919918025
LTB4DH,PDvsAD,0.021733075,0.848572458,0.910876241
SLC9A7,PDvsAD,0.091557944,0.412040934,0.593191554
ARAF,PDvsAD,-0.203234091,0.260565856,0.438216087
NCBP1,PDvsAD,-0.170882041,0.210556885,0.379297689
CDK16,PDvsAD,0.114641844,0.170394528,0.329734973
ALG2,PDvsAD,-0.005692769,0.959120649,0.975668905
PGAP4,PDvsAD,0.349602914,0.084152823,0.201590714
UBA1,PDvsAD,-0.028856563,0.466027941,0.642373723
UBE2L3,PDvsAD,0.023965534,0.756578145,0.854329512
XBP1,PDvsAD,-0.470221792,0.074005724,0.184003862
MTMR3,PDvsAD,0.111408744,0.72317471,0.832023811
PDXP,PDvsAD,0.229778921,0.000206593,0.002261829
TFIP11,PDvsAD,0.285764506,0.179416721,0.34069284
SYN3,PDvsAD,0.472131331,1.28e-06,6.87e-05
CDC42EP1,PDvsAD,-0.589255605,0.002141056,0.01331082
NF2,PDvsAD,0.091573517,0.283765325,0.465372546
EIF4ENIF1,PDvsAD,0.25132342,0.208033225,0.375975625
PISD,PDvsAD,0.076002149,0.446009237,0.623303758
YWHAH,PDvsAD,0.136837835,0.03574222,0.108386926
SF3A1,PDvsAD,0.001554691,0.975981402,0.985145923
PVALB,PDvsAD,0.045084934,0.782856485,0.869176957
MIEF1,PDvsAD,0.112162426,0.233816409,0.408313044
KCNJ4,PDvsAD,0.496884091,0.000994492,0.007284501
APOL2,PDvsAD,0.277033505,0.008721463,0.037859675
MYH9,PDvsAD,0.004334006,0.92769864,0.958617486
XRCC6,PDvsAD,-0.141310631,0.026114009,0.086561322
SOX10,PDvsAD,-0.917526412,0.069139059,0.175089485
JOSD1,PDvsAD,-0.273724716,0.159906893,0.316339461
SUN2,PDvsAD,-0.488693025,0.001795413,0.011613672
NPTXR,PDvsAD,0.51419529,0.000570751,0.004784865
NAGA,PDvsAD,-0.354465352,0.316196161,0.498225407
SMARCE1,PDvsAD,-0.189246172,0.039860048,0.117650114
LASP1,PDvsAD,0.04392358,0.660027785,0.791182484
TNRC6B,PDvsAD,0.030049582,0.874200757,0.926814077
KLHL11,PDvsAD,-0.122654563,0.59318529,0.740456033
ACLY,PDvsAD,0.07187405,0.123535255,0.264326731
RANGAP1,PDvsAD,-0.020614408,0.686557517,0.808514771
PHF5A,PDvsAD,-0.203300984,0.167404837,0.325708139
RAB5C,PDvsAD,0.014637783,0.684298238,0.806778762
PMM1,PDvsAD,0.033103489,0.689092692,0.810559786
RPL27,PDvsAD,-0.012264448,0.898411631,0.943673315
ORMDL3,PDvsAD,0.20435966,0.084792617,0.202629001
VPS25,PDvsAD,0.191476986,0.000782241,0.006071634
COA3,PDvsAD,0.357686854,8.7e-05,0.001173048
JUP,PDvsAD,-0.256847286,0.079054929,0.192368777
PALM,PDvsAD,0.391365828,7.95e-05,0.001116454
GHDC,PDvsAD,0.168220034,0.198203459,0.363415111
CDC34,PDvsAD,-0.102414533,0.379900367,0.564008454
VAT1,PDvsAD,-0.599195533,5.79e-06,0.000185128
PSMD13,PDvsAD,-0.059771366,0.12307475,0.263867862
PSME3,PDvsAD,0.083137012,0.248599143,0.425654281
RNF126,PDvsAD,0.484141382,0.217998377,0.389677516
IFITM1,PDvsAD,-0.235407853,0.57923714,0.731657379
HDGFL3,PDvsAD,0.043343513,0.552958578,0.713312598
ZFAND5,PDvsAD,0.165163025,0.579280283,0.731657379
PSAT1,PDvsAD,-0.444446956,4.5e-07,3.38e-05
TJP2,PDvsAD,-0.52294561,0.005906658,0.027878342
HNRPK,PDvsAD,-0.023488926,0.601896089,0.748046068
NTRK2,PDvsAD,0.133323449,0.018589804,0.067227985
GDA,PDvsAD,0.154967701,0.077700405,0.190231115
TJP2,PDvsAD,-0.649658123,0.273148849,0.45291832
GNAQ,PDvsAD,-0.070552791,0.179568204,0.340800552
CARD19,PDvsAD,-0.316578851,0.066037137,0.1695236
FLJ00163,PDvsAD,0.146938713,0.590039639,0.737985589
CTIF,PDvsAD,-0.097781775,0.269020601,0.448658748
RPL17,PDvsAD,0.015917325,0.709921867,0.823491048
SMAD4,PDvsAD,0.037711183,0.860201937,0.918561837
RFK,PDvsAD,0.014019646,0.903696939,0.947012249
SPTLC1,PDvsAD,-0.139700396,0.164549285,0.322230639
KDSR,PDvsAD,-0.319485868,0.003184183,0.01779629
SPIN1,PDvsAD,0.014315871,0.925013083,0.957318052
MAGED4,PDvsAD,0.038457977,0.75912917,0.856401525
BCL2,PDvsAD,-0.363072005,0.21331098,0.383298995
VPS4B,PDvsAD,-0.163199453,0.017831234,0.065205931
TADA3,PDvsAD,0.27171056,0.408351947,0.590268171
CNTN4,PDvsAD,0.35479117,0.011931165,0.047971421
ATG7,PDvsAD,-0.087564907,0.223307304,0.395920492
CHCHD4,PDvsAD,0.349943591,0.000553838,0.004697828
TMEM43,PDvsAD,-0.058408964,0.594457304,0.741319589
SLC6A1,PDvsAD,-0.058720061,0.538951968,0.701027397
CRELD1,PDvsAD,0.169349486,0.014711267,0.056406261
RPL32,PDvsAD,0.347660336,0.053469033,0.145407468
ANKRD28,PDvsAD,0.019250582,0.787748254,0.871351104
OXNAD1,PDvsAD,0.037914122,0.821331376,0.89363736
RBSN,PDvsAD,0.165605924,0.001436467,0.009720137
TRNT1,PDvsAD,0.028071783,0.60544779,0.750198011
CRBN,PDvsAD,-0.001329418,0.983456895,0.989519061
HDAC11,PDvsAD,-0.459545407,0.016319607,0.061040609
UBP1,PDvsAD,0.09658196,0.590385004,0.738160844
RAB5A,PDvsAD,0.077303618,0.227087513,0.400254957
UBE2E1,PDvsAD,0.02040965,0.962961815,0.97833112
LRRFIP2,PDvsAD,0.07305996,0.655769172,0.787773259
ATP2B2,PDvsAD,0.360942251,1.19e-05,0.000303417
WDR48,PDvsAD,0.107997734,0.029686453,0.09456805
HHATL,PDvsAD,-0.438773658,0.001472461,0.009907776
ACAA1,PDvsAD,-0.150929286,0.005175288,0.025360285
OXSR1,PDvsAD,0.029489183,0.530916704,0.694595099
MOBP,PDvsAD,-0.976535823,0.005011733,0.024719664
POMGNT2,PDvsAD,0.120045479,0.44461508,0.622080582
UBE2E2,PDvsAD,0.100725308,0.377829529,0.562160006
CTNNB1,PDvsAD,-0.105884949,0.00762296,0.034120693
RPL15,PDvsAD,0.162244592,0.029974497,0.095232577
MYL1,PDvsAD,-0.015302034,0.944162978,0.968125975
CLEC3B,PDvsAD,-0.1174071,0.590237371,0.738104557
OXSM,PDvsAD,0.339384471,3.11e-05,0.00057381
ANO10,PDvsAD,-0.062991793,0.29677949,0.478593338
KIAA1143,PDvsAD,-0.268570369,0.094413221,0.219636308
DHX30,PDvsAD,0.094898981,0.141993338,0.291151105
GORASP1,PDvsAD,-0.461098583,0.026461085,0.087149533
AMT,PDvsAD,-0.079833322,0.780050432,0.868291977
APEH,PDvsAD,0.030830634,0.541104985,0.702811152
CCDC51,PDvsAD,0.163938653,0.022173628,0.076754045
PRKAR2A,PDvsAD,0.155741854,0.007887546,0.034956945
DAG1,PDvsAD,-0.107870639,0.116478636,0.254058878
IP6K1,PDvsAD,0.107029169,0.080223276,0.194357031
BSN,PDvsAD,0.444547714,4.38e-05,0.000728895
SNRK,PDvsAD,0.346713541,0.000292879,0.002921881
CHDH,PDvsAD,-0.417499776,0.01870902,0.067498311
LAMB2,PDvsAD,-0.161783751,0.091114497,0.214256769
PCBP4,PDvsAD,-1.23800893,0.016385767,0.061163895
ABHD6,PDvsAD,-0.197741662,0.042633746,0.123176656
RHOA,PDvsAD,-0.009789552,0.81650384,0.890200463
SUCLG2,PDvsAD,-0.330171427,0.00205462,0.012925151
RPL29,PDvsAD,0.25115618,0.06573543,0.169111212
FAM107A,PDvsAD,-0.646853968,0.002750908,0.015957487
PRKCD,PDvsAD,0.366936519,0.025773533,0.085748853
CAMKV,PDvsAD,0.231390783,0.009908865,0.041729779
THOC7,PDvsAD,-0.109457785,0.088253184,0.208543086
WDR82,PDvsAD,-0.069891102,0.347742769,0.529438323
FHIT,PDvsAD,0.020252043,0.678929081,0.802817175
PRICKLE2,PDvsAD,-0.073176444,0.709533239,0.823476897
TMF1,PDvsAD,0.010737941,0.919670331,0.954572682
CTSB,PDvsAD,-0.071439756,0.307276705,0.489327292
NETO1,PDvsAD,0.103410808,0.550049654,0.710834919
CBLN2,PDvsAD,0.540856547,0.008909888,0.038445606
MBP,PDvsAD,-0.977658552,0.006277061,0.029223883
THUMPD1,PDvsAD,0.107400748,0.155778471,0.311427054
CHORDC1,PDvsAD,0.18722441,0.062783065,0.163149779
MRE11,PDvsAD,-0.045809297,0.673936917,0.800385364
C11orf54,PDvsAD,-0.339557309,0.004896206,0.024389481
PANX1,PDvsAD,0.230105097,0.100208377,0.229917182
DCUN1D5,PDvsAD,-0.094891641,0.516698139,0.683451584
LYRM1,PDvsAD,0.091732136,0.337475066,0.519575802
ZBTB16,PDvsAD,0.030310146,0.786258361,0.87075541
RNF214,PDvsAD,0.164614765,0.006305331,0.029317546
BACE1,PDvsAD,-0.058762149,0.745139057,0.847262921
APOA1,PDvsAD,-0.106610439,0.659577388,0.790855167
YAP1,PDvsAD,-0.252956126,0.131040152,0.275605794
PHLDB1,PDvsAD,-0.551653832,0.00010975,0.001380128
C1QTNF5,PDvsAD,-1.739823204,0.002596484,0.015271063
SORL1,PDvsAD,0.000104943,0.998452562,0.999088475
VWA5A,PDvsAD,-0.30983379,0.005133801,0.025189242
FEZ1,PDvsAD,-0.074221972,0.560795367,0.718653318
hCG_2032701,PDvsAD,-0.082439502,0.099356124,0.228474616
FXYD6,PDvsAD,0.156413591,0.259792587,0.437324614
FAM118B,PDvsAD,0.191417029,0.168289833,0.32654674
VPS26B,PDvsAD,0.148565717,0.011532639,0.046684486
THYN1,PDvsAD,-0.228425593,0.006852987,0.031337274
GRAMD1B,PDvsAD,0.132391914,0.297533443,0.478593338
NRGN,PDvsAD,0.156769354,0.427801254,0.607656876
APLP2,PDvsAD,-0.277465776,0.007202768,0.032523235
DEGS1,PDvsAD,-0.012128655,0.923037907,0.956411937
ACBD3,PDvsAD,-0.081569612,0.334818189,0.517478992
ARF1,PDvsAD,0.216260967,3.06e-06,0.000127157
MRPL55,PDvsAD,-0.76616019,0.007797013,0.034705394
LBR,PDvsAD,-0.623282704,0.078981847,0.192318064
NUP133,PDvsAD,-0.434296285,0.041729108,0.121226768
C1orf198,PDvsAD,-0.614973432,5.23e-05,0.000830754
CHRM3,PDvsAD,0.410096865,0.006664011,0.030648483
COQ8A,PDvsAD,0.097817867,0.148846559,0.301182403
PARP1,PDvsAD,-0.386081771,0.00027388,0.002790396
MAIP1,PDvsAD,0.140115056,0.0445882,0.127170073
RAB4A,PDvsAD,0.051839243,0.306797384,0.488938873
SPATS2L,PDvsAD,-0.159930806,0.155964175,0.311625087
PPIL3,PDvsAD,-0.105111212,0.652464144,0.784943065
DKFZp762L015,PDvsAD,0.030726663,0.689960192,0.810928703
TSNAX,PDvsAD,-0.193886523,0.045904977,0.129793436
TOMM20,PDvsAD,0.472559975,0.020605568,0.072512646
ICA1L,PDvsAD,0.128877484,0.080133136,0.194294474
GGPS1,PDvsAD,-0.132432703,0.055095448,0.148205518
SLC39A10,PDvsAD,0.28337145,0.002843938,0.016404528
NRP2,PDvsAD,0.090651804,0.753786901,0.85238
EEF1B2,PDvsAD,0.110872808,0.026206961,0.086685061
ADAM23,PDvsAD,0.219949003,0.002401772,0.014456857
HSPD1,PDvsAD,0.201612328,0.000116002,0.0014436
GREM2,PDvsAD,-0.376667204,0.181605894,0.343399368
SUMO1,PDvsAD,0.07682736,0.53774876,0.700206663
LANCL1,PDvsAD,-0.12708517,0.073633336,0.18320463
BZW1,PDvsAD,-0.252228627,0.000115869,0.0014436
MAP2,PDvsAD,0.291649942,0.016691713,0.062016268
AAMP,PDvsAD,0.041366126,0.548465783,0.709552946
NDUFB3,PDvsAD,0.429788188,2.22e-06,9.86e-05
PNKD,PDvsAD,0.252264878,0.035729842,0.108386926
IGFBP5,PDvsAD,-0.204972346,0.192120534,0.356165721
ZFAND2B,PDvsAD,0.412119642,0.045390479,0.128794364
ABCB6,PDvsAD,0.183535326,0.215782974,0.386485791
DNPEP,PDvsAD,-0.285058425,0.000157619,0.001802472
EPHA4,PDvsAD,0.412769228,7.16e-07,4.47e-05
CPS1,PDvsAD,0.132523631,0.719997844,0.830092081
FN1,PDvsAD,-0.023888361,0.887593391,0.935588989
ITM2C,PDvsAD,-0.122326295,0.114335632,0.251187053
BCS1L,PDvsAD,0.157745457,0.004996702,0.02467099
CHPF,PDvsAD,-0.170063592,0.518326697,0.684724322
COPS7B,PDvsAD,-0.084949012,0.235006384,0.409496347
MRPL44,PDvsAD,-0.11719599,0.419599566,0.599514916
CUL3,PDvsAD,0.106653625,0.00814293,0.035933799
GMPPA,PDvsAD,-0.293161656,0.000368732,0.003449009
ARMC9,PDvsAD,-0.23652918,0.563074478,0.720162646
WDFY1,PDvsAD,0.206792745,0.025663734,0.085502196
MFF,PDvsAD,0.358345108,1.14e-07,1.41e-05
DGKD,PDvsAD,0.226511489,0.13102688,0.275605794
CAB39,PDvsAD,0.001203388,0.981225267,0.988508872
IRS1,PDvsAD,0.343753512,0.03694672,0.111428828
NCL,PDvsAD,-0.124672745,0.02871621,0.092336028
TNRC15,PDvsAD,0.017929718,0.764200058,0.859695186
STK25,PDvsAD,0.176551633,0.384976505,0.567810856
ARL4C,PDvsAD,0.339528052,0.202933702,0.369638419
COPS8,PDvsAD,0.107048192,0.024428291,0.082378198
CTNNBIP1,PDvsAD,0.077297397,0.767266544,0.860829992
KCNAB2,PDvsAD,0.107768912,0.079183439,0.192551209
HDLBP,PDvsAD,-0.005384614,0.913861616,0.952031808
PEX11B,PDvsAD,0.248028127,0.006764296,0.031030343
ENO1,PDvsAD,-0.188129044,0.000259034,0.002669383
ICMT,PDvsAD,0.267491876,0.502578123,0.67219123
LRRC47,PDvsAD,-0.048670187,0.408057712,0.590100347
KIF1B,PDvsAD,0.12065675,0.432978809,0.61271229
LZIC,PDvsAD,-0.399427977,9.72e-05,0.001262437
LRRC4B,PDvsAD,0.202037505,0.010519474,0.043660809
SYT3,PDvsAD,0.334850243,0.000420648,0.003820352
KLK6,PDvsAD,-0.764171461,0.004255831,0.02191922
MDH2,PDvsAD,0.368172075,1.07e-06,6.18e-05
TMEM120A,PDvsAD,0.065699822,0.58913638,0.73762541
RPS9,PDvsAD,0.202314109,0.00629269,0.029277695
RDH13,PDvsAD,0.263942351,0.039268476,0.11633367
SYT5,PDvsAD,-0.005996369,0.942457183,0.967195877
RPS5,PDvsAD,-0.139179957,0.092743769,0.21687449
CNOT3,PDvsAD,0.102738248,0.500631881,0.670585683
CHMP2A,PDvsAD,0.028592361,0.690859665,0.811216834
ZSCAN18,PDvsAD,-0.05290399,0.711858367,0.824490708
UBE2M,PDvsAD,0.012886847,0.792153908,0.873652723
TTLL12,PDvsAD,-0.057587105,0.532431509,0.695186032
ALG12,PDvsAD,0.420999384,0.307625725,0.489438585
FLJ20699,PDvsAD,-0.478782441,0.056843433,0.151716072
CYB5R3,PDvsAD,-0.085181332,0.163793209,0.321727076
NUP50,PDvsAD,0.006811119,0.956958104,0.974295774
SLC43A3,PDvsAD,-0.218079665,0.086431338,0.205520864
YPEL4,PDvsAD,0.131713455,0.746432265,0.847929134
SSRP1,PDvsAD,-0.016234009,0.828782563,0.898765624
SBF1,PDvsAD,0.194502468,4.63e-05,0.000759272
ARSA,PDvsAD,-0.072834931,0.577734121,0.730341218
DAGLA,PDvsAD,0.112479628,0.106052577,0.239133602
FTH1,PDvsAD,-0.327227087,0.012080291,0.048403924
DAK,PDvsAD,-0.102292144,0.089323591,0.210450243
MTA2,PDvsAD,0.157359695,0.509138007,0.677688691
UBXN1,PDvsAD,-0.112160524,0.138394482,0.286631588
BSCL2,PDvsAD,0.320612039,6.06e-05,0.00092766
TNKS1BP1,PDvsAD,0.07111967,0.337581474,0.519628406
ZDHHC5,PDvsAD,0.164113184,0.085954053,0.204656571
BSCL2,PDvsAD,0.453505754,0.252711175,0.430440795
PLAAT3,PDvsAD,-0.699979987,0.046895855,0.131677012
PPP1R14B,PDvsAD,-0.00973849,0.951587462,0.971026899
TRMT112,PDvsAD,-0.096224999,0.653118032,0.785335674
SF1,PDvsAD,0.001587627,0.982008577,0.989124097
MAP4K2,PDvsAD,0.026927482,0.787651464,0.871351104
EHD1,PDvsAD,-0.04666954,0.434597254,0.614036151
ASRGL1,PDvsAD,-0.018384791,0.80699957,0.883926072
ZFPL1,PDvsAD,-0.694583688,0.013341217,0.05266925
TM7SF2,PDvsAD,-0.094389482,0.383515187,0.567081251
MRPL49,PDvsAD,-0.123128811,0.278923183,0.459526902
DPF2,PDvsAD,-0.191802815,0.499800883,0.669846796
PPP2R5B,PDvsAD,-0.0376812,0.76605483,0.860704841
EIF1AD,PDvsAD,-0.201839764,0.142520849,0.29173377
RTN3,PDvsAD,-0.560493422,0.044294974,0.126685388
PC,PDvsAD,-0.023224502,0.597620469,0.744232001
KCNK4,PDvsAD,0.057523209,0.730690561,0.837366025
PPP6R3,PDvsAD,-0.008882574,0.834701316,0.901908752
CPT1A,PDvsAD,0.02538967,0.70416338,0.819958276
EFEMP2,PDvsAD,-0.23453224,0.146367087,0.297742777
CTSF,PDvsAD,-0.229360615,0.140290026,0.288893832
BANF1,PDvsAD,-0.170073061,0.138708866,0.287041852
PACS1,PDvsAD,0.15407476,0.006651421,0.030610156
PLEKHB1,PDvsAD,-0.701830241,0.007038404,0.031941477
RAB6A,PDvsAD,-0.355618803,0.05064022,0.139427233
LRFN4,PDvsAD,0.465744101,0.022199614,0.076806352
PITPNM1,PDvsAD,0.06586646,0.215173428,0.385664782
SSH3,PDvsAD,-0.399528728,0.420030621,0.599579333
RAB6A,PDvsAD,-0.0264187,0.481130506,0.654581376
COA4,PDvsAD,-0.041761535,0.743410005,0.846349294
CORO1B,PDvsAD,-0.245013103,0.000217522,0.002349299
NDUFC2,PDvsAD,0.455856224,4.01e-06,0.000150733
PRCP,PDvsAD,-0.038116003,0.718808013,0.829198301
ACY3,PDvsAD,-0.386560502,0.131616393,0.276736837
STARD10,PDvsAD,-0.026421742,0.852610096,0.913438252
NUMA1,PDvsAD,-0.360706424,0.000222493,0.002381533
PAAF1,PDvsAD,-0.130572638,0.645814585,0.780336689
NEU3,PDvsAD,0.026404003,0.8294792,0.899257332
PAK1,PDvsAD,0.266499219,0.000248564,0.00258744
HYPK,PDvsAD,0.037852781,0.834982752,0.902077341
ADSS2,PDvsAD,-0.109208742,0.15133926,0.304669269
SECISBP2L,PDvsAD,-0.025681336,0.878238078,0.929405105
GNB5,PDvsAD,0.360638775,2.64e-06,0.000113909
USP8,PDvsAD,-0.085043333,0.114408884,0.251187053
EIF3J,PDvsAD,0.012833479,0.775570791,0.865582731
CCPG1,PDvsAD,0.115624589,0.70014928,0.818272472
ARPP19,PDvsAD,0.038862609,0.561366118,0.719012125
ADAM10,PDvsAD,-0.631885793,0.000550033,0.004684662
C1orf71,PDvsAD,0.416617772,0.054433278,0.14686368
DMXL2,PDvsAD,0.328114248,1.43e-05,0.000335449
HERC1,PDvsAD,-0.032911192,0.48758469,0.661111531
MAP2K5,PDvsAD,0.066747476,0.649482415,0.782927268
DKFZp586J151,PDvsAD,0.139895907,0.272570752,0.452585739
SPG21,PDvsAD,0.102351321,0.357348339,0.539547985
DPP8,PDvsAD,-0.023357949,0.777250294,0.866784708
HEL-S-270,PDvsAD,-0.555035161,0.010423528,0.043400499
PKM,PDvsAD,0.122758866,0.026967103,0.08833077
RPLP1,PDvsAD,0.038189053,0.364857093,0.547666334
CORO1A,PDvsAD,0.336900288,0.000204432,0.002241583
PPP4C,PDvsAD,-0.047870863,0.63279197,0.770164575
DOC2A,PDvsAD,0.14806977,0.05027229,0.138919933
EDNRB,PDvsAD,-0.222566075,0.23526311,0.409844405
AGPAT5,PDvsAD,0.016202346,0.777690196,0.867006445
TIMM9,PDvsAD,0.378341351,3.27e-07,2.8e-05
GNPNAT1,PDvsAD,-0.119565432,0.68671301,0.808565507
MTHFD1,PDvsAD,-0.050654563,0.30019235,0.48154104
KTN1,PDvsAD,-0.22203814,6.15e-05,0.000934981
NUMB,PDvsAD,0.33221717,0.00153782,0.010232689
VATD,PDvsAD,0.148621583,0.001752071,0.011405111
FERMT2,PDvsAD,-0.265535164,1.24e-06,6.7e-05
ARG2,PDvsAD,0.240510596,0.643536689,0.778499732
PSEN1,PDvsAD,0.041850699,0.837650474,0.903602259
PPM1A,PDvsAD,0.148331172,0.000511607,0.004430634
TTC9,PDvsAD,0.32840917,0.00057732,0.004817471
ANGEL1,PDvsAD,0.162492484,0.172788922,0.33246357
TMEM63C,PDvsAD,-0.026495897,0.781561156,0.869176957
HSPA2,PDvsAD,-0.778155462,0.001632814,0.010775075
DLST,PDvsAD,0.286282432,8.69e-06,0.000240533
NEK9,PDvsAD,-0.023916217,0.749570635,0.850151621
ERH,PDvsAD,0.041337961,0.512877566,0.681137975
SRSF5,PDvsAD,0.184090192,0.325701524,0.507626651
SMOC1,PDvsAD,-1.663712058,1.61e-12,1.16e-08
GALC,PDvsAD,-0.282918106,0.201148936,0.367038127
FBLN5,PDvsAD,-0.778904851,0.051019494,0.140337751
ALDH6A1,PDvsAD,-0.084369113,0.119557923,0.259030162
NDUFB1,PDvsAD,0.25101697,0.002639844,0.015462865
SPTLC2,PDvsAD,-0.433685542,0.002707212,0.015767594
ITPK1,PDvsAD,-0.113221582,0.171621059,0.331134731
TMED10,PDvsAD,-0.202490085,0.029866102,0.094972092
SERPINA1,PDvsAD,-0.401536528,0.721711704,0.831534884
CCNK,PDvsAD,0.010758081,0.957277161,0.97448268
SETD3,PDvsAD,-0.120204745,0.139908777,0.288382418
EVL,PDvsAD,0.191579018,0.014391208,0.055474791
WARS1,PDvsAD,0.093677744,0.113867258,0.250674655
PPP4R3A,PDvsAD,0.061059901,0.69072651,0.811216834
PAPOLA,PDvsAD,-0.358084874,0.250029424,0.427391075
BAG5,PDvsAD,0.140897322,0.003167836,0.017732484
CDC42BPB,PDvsAD,0.053288243,0.139296452,0.28767137
SERPINA3,PDvsAD,-0.185487099,0.475497492,0.650980864
GSKIP,PDvsAD,0.255323878,0.129966613,0.274229935
EIF5,PDvsAD,-0.057649304,0.191960372,0.356052336
GPT2,PDvsAD,-0.286785108,0.040713814,0.119288988
MT3,PDvsAD,-0.098841185,0.415138744,0.595076323
DNAJA2,PDvsAD,0.091748762,0.046380126,0.130766515
PLLP,PDvsAD,-0.297076061,0.113402767,0.249986547
MT1M,PDvsAD,0.434154987,0.155699377,0.311355469
PSME3IP1,PDvsAD,0.152016217,0.518907547,0.685114167
COQ9,PDvsAD,0.127838567,0.102153348,0.232896682
BBS2,PDvsAD,-0.290727204,0.030939962,0.097481887
ADGRG1,PDvsAD,-0.164758358,0.114114434,0.250889048
ARL2BP,PDvsAD,0.13082917,0.44991813,0.627425574
NDRG4,PDvsAD,0.342281726,0.001728401,0.011301145
GOT2,PDvsAD,0.14750701,0.227409977,0.400528884
C16orf70,PDvsAD,-0.054743652,0.350782563,0.532878347
NUTF2,PDvsAD,-0.166563017,0.001515387,0.010120869
PDF,PDvsAD,0.274295714,0.037002812,0.111549214
DYNC1LI2,PDvsAD,-0.12741741,0.059311467,0.156503076
COG8,PDvsAD,-0.23554052,0.107110035,0.240688062
TPPP3,PDvsAD,-0.680055254,0.000125946,0.001522574
SRPK2,PDvsAD,-0.024078533,0.695876209,0.814421993
VPS4A,PDvsAD,-0.039958049,0.37914811,0.563590071
PRKAR2B,PDvsAD,0.29710453,0.000165213,0.001867239
DLD,PDvsAD,0.378612253,4.35e-08,9.01e-06
NAMPT,PDvsAD,-0.288083324,0.002487555,0.014787592
IMPDH1,PDvsAD,0.075000633,0.592912625,0.740310499
CCDC136,PDvsAD,0.191856479,0.027239238,0.088817696
SNTB2,PDvsAD,-0.259095697,0.000564349,0.004748243
NDUFA5,PDvsAD,0.465593613,4.56e-07,3.38e-05
MEST,PDvsAD,0.401599438,0.042024336,0.121906855
CNOT4,PDvsAD,-0.030845144,0.700854345,0.818272472
PTN,PDvsAD,-0.463231918,0.086413857,0.205520864
SLC44A2,PDvsAD,-0.271492271,0.056243894,0.150447661
PLXNA4,PDvsAD,0.329703493,3.19e-06,0.00013111
AKR1B1,PDvsAD,-0.081111234,0.142110389,0.291308074
S1PR2,PDvsAD,0.235515987,0.627200594,0.76621374
CDC37,PDvsAD,0.181775572,0.000527857,0.004534079
MRPL4,PDvsAD,0.034323992,0.861014983,0.918805811
DHPS,PDvsAD,0.694128885,0.030756027,0.097072445
TMEM205,PDvsAD,-0.062606786,0.559096732,0.717936253
NACC1,PDvsAD,0.049341552,0.709385734,0.823476897
PLPPR2,PDvsAD,0.608202295,0.226094136,0.399417023
ELOF1,PDvsAD,-0.319265935,0.183457655,0.34566736
GCDH,PDvsAD,-0.206781997,0.051456958,0.14135788
RAB3D,PDvsAD,0.326413943,0.00037032,0.003459368
RAD23A,PDvsAD,-0.018182818,0.747484363,0.848856177
BST2,PDvsAD,-0.093222274,0.677196081,0.802489451
BRD4,PDvsAD,-0.187445009,0.608985248,0.75303952
GIPC1,PDvsAD,-0.032515437,0.565261525,0.721695864
RAB8A,PDvsAD,0.030872021,0.505672899,0.6745744
RAB3A,PDvsAD,0.382581124,0.000116586,0.001448361
PRKACA,PDvsAD,0.355279194,6.32e-05,0.000956892
DDA1,PDvsAD,0.50392371,0.011237009,0.045846741
SLC25A42,PDvsAD,0.19739394,0.100339887,0.22992826
AP1M1,PDvsAD,0.137400709,0.011416891,0.046317933
BABAM1,PDvsAD,-0.006146492,0.934594481,0.96228716
TMEM59L,PDvsAD,0.414383491,0.37861023,0.563023234
UPF1,PDvsAD,0.049146482,0.150052216,0.303011115
MVB12A,PDvsAD,0.156429466,0.320078727,0.501486883
KXD1,PDvsAD,0.255663246,0.295157737,0.476900512
CCDC124,PDvsAD,-0.141529175,0.11023287,0.245329527
ATP13A1,PDvsAD,0.064531268,0.170437179,0.329734973
RGS14,PDvsAD,0.331502052,0.328833302,0.510973848
KLHL26,PDvsAD,0.19642694,0.080505113,0.194908541
PIK3R2,PDvsAD,0.003381373,0.972589109,0.9831977
IFI30,PDvsAD,-0.907044868,0.023829355,0.080698939
FKBP8,PDvsAD,0.238068106,0.001606012,0.010627454
KIAA1191,PDvsAD,0.108977174,0.455730765,0.633321367
UIMC1,PDvsAD,-0.003600831,0.99311621,0.995330207
SNCB,PDvsAD,0.353484206,0.053100856,0.144833355
PRR7,PDvsAD,-0.232588987,0.472218378,0.648342584
HNRNPF,PDvsAD,-0.325107093,0.000961045,0.007123795
ATP6V1H,PDvsAD,0.160698192,0.011595923,0.046848636
PENK,PDvsAD,0.229208206,0.515681986,0.682860922
FAM110B,PDvsAD,0.242502279,0.124889605,0.266487964
RAB2A,PDvsAD,0.20926232,3.13e-05,0.000576573
BPNT2,PDvsAD,0.049782566,0.706067863,0.821006488
YTHDF3,PDvsAD,0.046673052,0.501781287,0.671500056
COPS5,PDvsAD,-0.026476218,0.515515648,0.682860922
ARFGEF1,PDvsAD,-0.002934816,0.955999333,0.973733107
STAU2,PDvsAD,0.089434177,0.375641417,0.559881623
TMEM68,PDvsAD,0.351596266,0.044985385,0.127897183
ELOC,PDvsAD,0.003766919,0.933862996,0.96194709
PKIA,PDvsAD,0.082442715,0.49894722,0.66932625
SDCBP,PDvsAD,0.099851255,0.178773212,0.339919564
PRKAR1B,PDvsAD,0.174320105,0.029564589,0.094348861
PSMG3,PDvsAD,0.020738012,0.822387405,0.894245291
LACTB2,PDvsAD,-0.22990862,0.075489038,0.186228357
RPL7,PDvsAD,-0.123470537,0.042054235,0.121925074
TTYH3,PDvsAD,0.275712801,0.008831779,0.038246227
NUDT1,PDvsAD,-0.578602676,0.093209563,0.217609992
EIF3B,PDvsAD,-0.060516276,0.122467633,0.263272469
POLE3,PDvsAD,-1.088741447,0.02047345,0.072224388
IMPA1,PDvsAD,-0.101612863,0.209429839,0.377863485
HDHD3,PDvsAD,0.047065681,0.738675842,0.843782013
TRIM32,PDvsAD,-0.007164987,0.945326564,0.968402375
RAB14,PDvsAD,0.177894157,2.98e-05,0.000555435
MRRF,PDvsAD,0.295251347,0.130107611,0.274366475
FBXL18,PDvsAD,0.238852685,0.000215954,0.002342924
PPP6C,PDvsAD,-0.030741332,0.609516727,0.753567174
GAPVD1,PDvsAD,-0.053238406,0.240921895,0.417578601
RPL35,PDvsAD,0.078820809,0.618480174,0.760979771
LRSAM1,PDvsAD,0.128955834,0.001584834,0.010516337
NIBAN2,PDvsAD,-0.548120091,0.000636566,0.005221001
ALAD,PDvsAD,-0.523330163,3.16e-05,0.000579251
CDK9,PDvsAD,0.294288822,0.480378536,0.654033521
ATP6V1G1,PDvsAD,0.226198389,0.015967496,0.06010162
LRRC8A,PDvsAD,0.19174603,0.002575511,0.015172521
SH3GLB2,PDvsAD,-0.266245289,0.374846876,0.558929017
ARPC5L,PDvsAD,0.260044501,0.000108893,0.001374151
RABEPK,PDvsAD,-0.229250395,0.002441471,0.014608867
FUBP3,PDvsAD,-0.418946087,0.000125003,0.001516263
NCS1,PDvsAD,0.342478628,1.28e-05,0.00031951
DOLPP1,PDvsAD,-0.654084566,0.244354024,0.421193025
NUP214,PDvsAD,-0.081231049,0.482896725,0.656735894
MVB12B,PDvsAD,-0.280463067,0.001083388,0.007808428
URM1,PDvsAD,-0.145861043,0.438630738,0.616827154
TBC1D13,PDvsAD,-0.087278451,0.3371501,0.51940901
SLC27A4,PDvsAD,0.164249941,0.008513254,0.037157668
MRPS2,PDvsAD,-0.003847513,0.978164724,0.986807694
NTMT1,PDvsAD,-0.130892393,0.631161883,0.769091551
UCK1,PDvsAD,0.291161964,0.151966721,0.305533565
PTGDS,PDvsAD,-0.35615535,0.021011673,0.073617614
TRAF2,PDvsAD,0.012456629,0.862657186,0.919681805
BRD3,PDvsAD,-0.133067219,0.56535171,0.721695864
UBADC1,PDvsAD,-0.082260356,0.333567889,0.516323181
PTP4A1,PDvsAD,0.227016135,0.112165904,0.24853797
CACNG4,PDvsAD,0.051200985,0.783859734,0.869176957
AMZ2,PDvsAD,-0.098941096,0.561375239,0.719012125
ITGB4,PDvsAD,-0.496777491,1.48e-05,0.000344576
MRPS7,PDvsAD,0.081947294,0.559845981,0.718220141
WBP2,PDvsAD,0.239258623,0.000144686,0.001692243
GNA13,PDvsAD,-0.412552147,4.13e-05,0.000703653
PRPSAP1,PDvsAD,-0.106343048,0.142464871,0.291702196
UNK,PDvsAD,-0.10779739,0.650067638,0.783107775
RPL38,PDvsAD,-0.05689188,0.410436258,0.591874099
GAA,PDvsAD,-0.077874417,0.477253079,0.652390991
SAP30BP,PDvsAD,0.101145877,0.508173222,0.677014096
NPLOC4,PDvsAD,-0.026521343,0.568704771,0.724164375
MCRIP1,PDvsAD,0.323558401,0.002021751,0.012787843
CDR2L,PDvsAD,-0.122353708,0.499542563,0.669625805
P4HB,PDvsAD,0.123371651,0.000550332,0.004684662
TMEM94,PDvsAD,0.258693233,0.000773568,0.006028469
SLC16A3,PDvsAD,0.105788954,0.630693241,0.768780966
WDR45L,PDvsAD,0.047071985,0.614921553,0.7579368
SRSF2,PDvsAD,0.013555833,0.850317588,0.911932967
SEPTIN9,PDvsAD,0.034886877,0.536367554,0.698929676
TIMP2,PDvsAD,-0.173793408,0.153348992,0.307510259
EIF4A3,PDvsAD,0.069819024,0.319680955,0.501081959
CYBC1,PDvsAD,-0.240553682,0.053985204,0.146144929
MPZL1,PDvsAD,-0.067212453,0.66890961,0.797399087
MPC2,PDvsAD,0.054820834,0.62077285,0.76196633
CACYBP,PDvsAD,0.107885711,0.14772685,0.299576892
XPR1,PDvsAD,0.009537916,0.959868387,0.976153444
HSD17B7,PDvsAD,-0.282146468,0.194615246,0.358902108
ACBD6,PDvsAD,0.049297077,0.660070358,0.791182484
FAM20B,PDvsAD,0.115676816,0.417171449,0.597632789
C1orf21,PDvsAD,0.183295099,0.125550109,0.267579831
SERPINC1,PDvsAD,-0.112509605,0.446243644,0.623389111
TOR1AIP2,PDvsAD,-0.120930573,0.11412609,0.250889048
CFH,PDvsAD,-0.05671194,0.718541623,0.829077622
NEK7,PDvsAD,-0.347619472,0.00753934,0.033788457
TMEM9,PDvsAD,0.434516785,0.054719554,0.147477111
CHI3L1,PDvsAD,-0.060304193,0.876114106,0.92811322
FMOD,PDvsAD,0.355664825,0.64166949,0.777155858
LAMC1,PDvsAD,-0.140161649,0.156936471,0.312988593
ARL8A,PDvsAD,-0.175541734,0.012373226,0.049417331
FAM129A,PDvsAD,0.036741756,0.913547534,0.952031808
CDK18,PDvsAD,-0.189764026,0.036623239,0.110685276
RO60,PDvsAD,-0.348433525,4.22e-06,0.000151771
ATP6V0D2,PDvsAD,0.423179013,0.011792996,0.047468952
CPNE3,PDvsAD,-0.302934185,3.47e-05,0.000619627
DDX3Y,PDvsAD,0.186395726,0.774916164,0.864986339
SYT2,PDvsAD,0.159881983,0.47589639,0.651344877
CNTN2,PDvsAD,-0.056922111,0.591217269,0.73881616
RBBP5,PDvsAD,0.186342415,0.477535463,0.652414927
COX6C,PDvsAD,0.33567194,0.00566846,0.02698427
CPQ,PDvsAD,-0.134614492,0.30815519,0.489811624
PABPC1,PDvsAD,0.058337655,0.15865644,0.314838726
MTDH,PDvsAD,-0.067795552,0.29761546,0.478593338
RPL30,PDvsAD,-0.010298411,0.901067983,0.945634958
MFSD4A,PDvsAD,0.132544297,0.555243059,0.715617869
DECR1,PDvsAD,0.186571794,0.064942735,0.167431215
SPAG1,PDvsAD,0.229191819,0.032034908,0.100006321
ANKRD46,PDvsAD,0.390319803,0.023561263,0.080076277
MAL2,PDvsAD,0.115737518,0.460007554,0.637049352
POLR2K,PDvsAD,-0.487547347,0.013093133,0.051832088
CYRIB,PDvsAD,0.111333571,0.014977751,0.057165276
RIDA,PDvsAD,0.148617146,0.118409457,0.257083979
ATP6V1C1,PDvsAD,0.266050538,2.2e-05,0.000452932
SCG5,PDvsAD,0.338901359,0.009870919,0.041594331
RAD21,PDvsAD,-0.238297999,0.101835702,0.232366265
CCDC32,PDvsAD,0.253814864,0.510626047,0.679166634
FYTTD1,PDvsAD,-0.001884668,0.983083898,0.989411289
C15orf24,PDvsAD,0.169004301,0.013353074,0.052687143
NDUFAF1,PDvsAD,0.194703649,0.10243042,0.233380427
VPS39,PDvsAD,-0.16653099,0.001450253,0.009785804
LRRC57,PDvsAD,0.291736787,5.27e-06,0.000175346
CHP1,PDvsAD,0.219415558,0.010454871,0.043469297
EMC4,PDvsAD,0.275683784,0.106510756,0.240003929
EHD4,PDvsAD,-0.045270672,0.475243811,0.650980864
RMDN3,PDvsAD,-0.01584826,0.771561914,0.863882066
THBS1,PDvsAD,0.228761623,0.289190995,0.470835407
PAK6,PDvsAD,-0.467837886,0.289881741,0.471639757
VPS18,PDvsAD,-0.026549861,0.505395813,0.6745744
GUF1,PDvsAD,0.142440815,0.166878038,0.325034856
SLAIN2,PDvsAD,0.172714971,0.175475243,0.335333004
OCIAD1,PDvsAD,0.087952431,0.188464404,0.352293258
HUWE1,PDvsAD,-0.030886752,0.405804604,0.587669119
TSR2,PDvsAD,0.081352726,0.40905459,0.59076158
FAM114A1,PDvsAD,-0.273640884,0.226272649,0.399566171
LIAS,PDvsAD,0.174595253,0.343100194,0.525424674
SHINC3,PDvsAD,0.169302685,0.055979622,0.149967009
GNPDA2,PDvsAD,0.038560579,0.465972046,0.642373723
GABRA2,PDvsAD,0.467156281,0.00288688,0.016562407
MAPT,PDvsAD,-0.010689923,0.933454969,0.961802263
MAPT,PDvsAD,-0.674374396,3.35e-08,9.01e-06
MAGED2,PDvsAD,-0.294363536,0.003933018,0.020710249
NDUFA4,PDvsAD,0.319659944,0.000164727,0.001867239
ANKMY2,PDvsAD,0.112307888,0.043134725,0.12437068
SNX13,PDvsAD,-0.15143051,0.290368177,0.472004136
MPP6,PDvsAD,0.109247265,0.141097931,0.289893578
ICA1,PDvsAD,0.15492264,0.004285828,0.022039959
AVL9,PDvsAD,0.317283458,0.000717724,0.005685669
KBTBD2,PDvsAD,0.299575773,0.258103189,0.43594303
CPVL,PDvsAD,-0.24425063,0.591906046,0.73941997
FAM221A,PDvsAD,-0.060966034,0.712768035,0.825195634
GSDME,PDvsAD,0.016117771,0.833305077,0.90108527
HIBADH,PDvsAD,0.074244945,0.222254244,0.394832002
SEPT7,PDvsAD,0.131465789,0.420530777,0.600174182
MFAP2,PDvsAD,0.074349741,0.899656607,0.944601832
PADI2,PDvsAD,-0.885517078,1.17e-06,6.5e-05
C1QC,PDvsAD,0.182812884,0.580020648,0.732108261
ASAP3,PDvsAD,-0.150285272,0.474631784,0.650290747
RAP1GAP,PDvsAD,0.371015963,0.044357185,0.126806931
HSPG2,PDvsAD,0.064400638,0.6392596,0.775513718
C1QB,PDvsAD,-0.029461962,0.854047079,0.914160809
LUZP1,PDvsAD,0.118479339,0.135614592,0.282752774
RCC2,PDvsAD,-0.263995533,0.000549241,0.004684662
ELOA,PDvsAD,0.162887301,0.418954226,0.598874751
DDOST,PDvsAD,0.019431224,0.762786609,0.858916831
ALDH4A1,PDvsAD,-0.198527635,0.040483449,0.118839875
MRTO4,PDvsAD,-0.211696096,0.29212389,0.473636288
CDC42,PDvsAD,-0.029577229,0.475447675,0.650980864
CDC42,PDvsAD,0.481788022,4.54e-06,0.000158697
PTPN4,PDvsAD,-0.067633179,0.693286843,0.81239706
BIN1,PDvsAD,-0.264102402,0.026333679,0.086849222
ALPL,PDvsAD,0.22944101,0.242633959,0.419837879
RALB,PDvsAD,0.03471711,0.73911731,0.844018227
C1QA,PDvsAD,-0.136563137,0.40387574,0.586587361
DDX18,PDvsAD,-0.085298377,0.492696211,0.663869973
ACTR3,PDvsAD,0.002023277,0.950812051,0.970786527
MRPS27,PDvsAD,-0.363689823,0.029146108,0.093426006
CERT1,PDvsAD,0.20550259,0.094323912,0.219636308
HEXB,PDvsAD,0.039602584,0.505325181,0.6745744
ARSB,PDvsAD,0.15255615,0.234974216,0.409496347
WDR41,PDvsAD,0.184074559,0.23323513,0.40789212
GFM2,PDvsAD,0.292966937,0.310872848,0.492331631
HAPLN1,PDvsAD,0.081983344,0.335626395,0.518171423
ZFYVE16,PDvsAD,0.004087921,0.987831192,0.992224668
FAM172A,PDvsAD,-0.073476438,0.577549587,0.730325239
TNPO1,PDvsAD,-0.261395708,0.000767581,0.005994797
GLRX,PDvsAD,0.200181241,0.003480442,0.018994551
MAP1B,PDvsAD,0.128354687,0.04239728,0.122672418
LHFPL2,PDvsAD,0.0704682,0.7681072,0.861396178
YBX3,PDvsAD,0.004032889,0.986387999,0.991765289
KLRC1,PDvsAD,-1.150836836,0.0002892,0.002901276
VCAN,PDvsAD,-0.810238908,0.000655973,0.005331543
PTPRO,PDvsAD,0.341623924,0.023918089,0.080923242
ARHGDIB,PDvsAD,-0.225619516,0.010971368,0.045095456
HEBP1,PDvsAD,-0.326380755,0.000858653,0.006529477
FLJ22028,PDvsAD,-0.254231405,0.16539051,0.323275527
RECQL,PDvsAD,-0.391410426,4.43e-06,0.000156834
KRAS,PDvsAD,0.274613972,0.012662551,0.050377061
CCDC91,PDvsAD,0.011854827,0.849475895,0.911437964
MGST1,PDvsAD,-0.225189923,0.125853987,0.26806862
SPRYD3,PDvsAD,0.462103113,0.099629495,0.228956855
MAP3K12,PDvsAD,-0.171140364,0.200881369,0.367014482
CALCOCO1,PDvsAD,0.270110662,5.3e-05,0.000835685
HNRNPA1,PDvsAD,-0.102119112,0.08085361,0.195637204
RAB5B,PDvsAD,0.125919234,0.002502308,0.014850743
RPS26,PDvsAD,0.151227758,0.031408411,0.098629374
ESYT1,PDvsAD,0.230950229,2.99e-05,0.000555872
DGKA,PDvsAD,0.114451695,0.199063348,0.364426082
MYL6B,PDvsAD,0.160265892,0.004406839,0.022449286
PTGES3,PDvsAD,0.033260988,0.492701099,0.663869973
CAPRIN2,PDvsAD,0.278549396,0.248374807,0.425371426
TAC3,PDvsAD,-0.363823627,0.013917778,0.05420172
B4GALNT1,PDvsAD,0.220240638,0.259235572,0.437112314
PDE1B,PDvsAD,0.255252506,0.057819526,0.153637183
CS,PDvsAD,0.337154244,3.51e-08,9.01e-06
ERBB3,PDvsAD,-0.030389972,0.88182544,0.931420028
PA2G4,PDvsAD,0.036198538,0.320605265,0.502202454
RAP1B,PDvsAD,-0.053578614,0.298509595,0.479569486
DTX3,PDvsAD,0.011718396,0.921816105,0.955972209
SHMT2,PDvsAD,-0.007867322,0.929922858,0.959686701
KCNC2,PDvsAD,-0.064373245,0.624142441,0.764281568
hCG_2015932,PDvsAD,0.385631726,0.003883494,0.020600275
RAB21,PDvsAD,-0.230650843,0.003723621,0.019958278
CSRP2,PDvsAD,-0.156537295,0.344687625,0.526846172
NAP1L1,PDvsAD,0.013437776,0.773443966,0.864177885
OSBPL8,PDvsAD,0.0788461,0.158186718,0.314493383
LEMD3,PDvsAD,0.106229226,0.150755156,0.303922952
NUDT4,PDvsAD,0.079359519,0.36146345,0.543820664
CNOT2,PDvsAD,-0.109153204,0.105933509,0.238940022
NAP1L1,PDvsAD,0.253219502,0.138223616,0.286360158
TMPO,PDvsAD,-0.016330754,0.811657171,0.886732994
SYT1,PDvsAD,0.416939896,3.28e-05,0.000593595
CKAP4,PDvsAD,-0.031110879,0.572103616,0.726030577
PWP1,PDvsAD,-0.005322382,0.929985828,0.959686701
TMPO,PDvsAD,-0.497425889,0.301102883,0.48244921
UBE3B,PDvsAD,0.113501395,0.397533191,0.580954133
GLTP,PDvsAD,-0.844683947,0.002399336,0.014456857
IFT81,PDvsAD,-0.21565754,0.59056056,0.738252018
KCTD10,PDvsAD,0.216495522,0.187037331,0.350902327
RPL6,PDvsAD,-0.144492102,0.086562796,0.205765431
TRAFD1,PDvsAD,-0.196649403,0.113517919,0.250163723
RASAL1,PDvsAD,-0.025236837,0.82771815,0.898276502
SDSL,PDvsAD,-0.072841992,0.558997996,0.717936253
NUAK1,PDvsAD,0.091993596,0.363100694,0.545485232
RBM19,PDvsAD,-0.728595016,0.31956056,0.501002422
FBXO21,PDvsAD,-0.148487716,0.123468773,0.264318715
RNFT2,PDvsAD,0.141568693,0.463044841,0.639777476
USP30,PDvsAD,-0.145511844,0.112920726,0.249380313
PPP1CC,PDvsAD,0.179350503,0.010089622,0.04229292
CAMKK2,PDvsAD,0.399264592,8.15e-07,4.88e-05
CLIP1,PDvsAD,0.017835208,0.608805331,0.752967813
DENR,PDvsAD,0.251335969,0.000119152,0.001467565
PUS1,PDvsAD,-0.022538044,0.901732803,0.9460566
VPS37B,PDvsAD,-0.162701722,0.10229291,0.23314097
NLGN4X,PDvsAD,-0.220369218,0.338922691,0.521084482
AACS,PDvsAD,0.056338174,0.670154661,0.798083192
RAB9A,PDvsAD,0.013243314,0.803847585,0.882490183
CA5B,PDvsAD,-0.32117039,0.077850978,0.190340614
PIR,PDvsAD,-0.220499499,0.092850835,0.216983773
PDHA1,PDvsAD,0.344816442,3.8e-06,0.000145985
TMEM47,PDvsAD,-0.132984206,0.122358347,0.263194855
HCCS,PDvsAD,-0.115099491,0.275340313,0.455397303
CTPS2,PDvsAD,-0.261895064,0.001851703,0.011881623
CD99L2,PDvsAD,0.139524521,0.038205489,0.114299807
IMPACT,PDvsAD,0.145284165,0.184818206,0.34729904
KIAA1012,PDvsAD,0.118523158,0.052589354,0.143940345
RPRD1A,PDvsAD,0.050863935,0.669288071,0.797579373
SS18,PDvsAD,0.024586797,0.818854111,0.892291717
CDH2,PDvsAD,-0.090639573,0.068690089,0.174281415
MFGE8,PDvsAD,0.447373406,0.100250585,0.229917182
ANPEP,PDvsAD,0.1362284,0.488577379,0.66117454
IQGAP1,PDvsAD,-0.403573148,0.001200025,0.008445966
GDPGP1,PDvsAD,-0.027050722,0.897424067,0.942773669
RCCD1,PDvsAD,0.12162391,0.395706796,0.579428789
CHD2,PDvsAD,-0.024331057,0.782311963,0.869176957
SEC11A,PDvsAD,0.091389922,0.335555926,0.518171423
PTDSS2,PDvsAD,-0.028224428,0.924992028,0.957318052
RPLP2,PDvsAD,0.02766266,0.531803446,0.695186032
MRPL23,PDvsAD,-0.236198228,0.326259851,0.508169936
CD151,PDvsAD,-0.73921351,6.88e-05,0.000999949
CD81,PDvsAD,-0.221458696,0.033053485,0.102215699
NAP1L4,PDvsAD,-0.061218158,0.078733947,0.191847318
BRSK2,PDvsAD,-0.016341566,0.907840987,0.949142474
ARMCX3,PDvsAD,0.016659111,0.851304582,0.912583287
CARS1,PDvsAD,-0.11083257,0.271419406,0.451688
ARMCX2,PDvsAD,0.013904907,0.909956944,0.949973918
ARMCX1,PDvsAD,0.108272953,0.325449127,0.507469233
DDR1,PDvsAD,-0.298249513,0.209600906,0.378048977
H2BC11,PDvsAD,-0.558509621,9.55e-06,0.000257645
H2BC4,PDvsAD,-0.365943948,0.001171861,0.008304625
DDX39B,PDvsAD,-0.224053305,0.000250616,0.002601267
TAPBP,PDvsAD,-0.074966423,0.513317895,0.68129645
MTCH1,PDvsAD,0.0711321,0.160992675,0.317526819
SLC39A7,PDvsAD,0.034182581,0.79714407,0.877550959
PPIL1,PDvsAD,0.062618654,0.42966039,0.609455931
VPS52,PDvsAD,0.107300554,0.107059584,0.240688062
TFEB,PDvsAD,-0.425154921,0.306446866,0.488752175
LEMD2,PDvsAD,-0.145783656,0.308829377,0.490485695
KLC4,PDvsAD,-0.159766579,0.020437681,0.072133582
TAF8,PDvsAD,-0.101517253,0.899820902,0.944601832
MRPS10,PDvsAD,0.228332132,0.173432947,0.333359306
TNRC5,PDvsAD,0.08847156,0.245000945,0.421300365
PPP2R5D,PDvsAD,0.075667749,0.071825905,0.179764695
MAPK14,PDvsAD,-0.20459339,0.301652779,0.482919508
RAB23,PDvsAD,-0.071969244,0.14885353,0.301182403
TJAP1,PDvsAD,-0.13564565,0.324398241,0.506159771
GSTA4,PDvsAD,-0.049264706,0.808022199,0.884642873
MRPL14,PDvsAD,0.046267859,0.661080942,0.79166399
HSP90AB1,PDvsAD,0.057900465,0.384454933,0.567685751
MMUT,PDvsAD,-0.059412724,0.491035674,0.662916592
TTC19,PDvsAD,0.059823502,0.588073149,0.737478308
PAICS,PDvsAD,-0.211861243,0.00085347,0.006516997
SLC4A4,PDvsAD,0.052927178,0.550808338,0.711380063
EXOC1,PDvsAD,-0.019466089,0.616310202,0.758809762
UBA6,PDvsAD,-0.309760928,1.45e-06,7.35e-05
ART3,PDvsAD,-0.046821801,0.775839264,0.865743745
SEC31A,PDvsAD,-0.047840502,0.32828501,0.510452675
ABCG2,PDvsAD,0.003927308,0.979495229,0.987457488
GPRIN3,PDvsAD,0.080775898,0.786754828,0.870902967
RUFY3,PDvsAD,-0.025579811,0.672051475,0.799019153
MTHFD2L,PDvsAD,0.285570706,0.091266339,0.214465461
SPARCL1,PDvsAD,0.04270423,0.568813766,0.724164375
G3BP2,PDvsAD,0.210570322,0.006590259,0.03038701
PDLIM5,PDvsAD,-0.242395405,0.006143119,0.028674532
HNRNPD,PDvsAD,0.028699056,0.602374635,0.748080241
HNRNPDL,PDvsAD,-0.024436556,0.75350204,0.852369547
USO1,PDvsAD,0.045222247,0.196376458,0.361169997
SCARB2,PDvsAD,-0.202628155,0.008872768,0.038400615
BDH2,PDvsAD,-0.496200912,5.18e-05,0.000825176
UBE2D3,PDvsAD,-0.12049426,0.345890407,0.527899363
TBCK,PDvsAD,0.008851361,0.895156512,0.941084449
RPL34,PDvsAD,0.308334777,0.028174407,0.090979569
ADH1B,PDvsAD,-0.531903042,0.041228611,0.120258475
NUDT9,PDvsAD,0.137245112,0.2030646,0.369689615
GAR1,PDvsAD,-0.07754405,0.492757095,0.663869973
NFKB1,PDvsAD,-0.172742089,0.042927042,0.123955926
SLC9B2,PDvsAD,0.09462937,0.519202606,0.685271363
PSPH,PDvsAD,0.070633252,0.488114676,0.66117454
PHKG1,PDvsAD,-0.282453268,0.002206201,0.013598287
RABGEF1,PDvsAD,0.13545076,0.002401384,0.014456857
ASL,PDvsAD,0.034441715,0.587110721,0.737103541
MRPL57,PDvsAD,0.062792128,0.709763472,0.823491048
KCTD7,PDvsAD,-0.124150304,0.474228793,0.650195463
UBL3,PDvsAD,-0.401092504,0.091117956,0.214256769
KATNAL1,PDvsAD,0.222318827,0.009031578,0.03885415
MTIF3,PDvsAD,0.180350552,0.041802097,0.12138978
HMGB1,PDvsAD,-0.348027582,0.000347288,0.003291226
HSPH1,PDvsAD,0.199740628,0.011199162,0.045744222
ZMYM2,PDvsAD,-0.216631684,0.045885122,0.129788313
GJB6,PDvsAD,0.25607002,0.032934966,0.10198072
CAB39L,PDvsAD,0.0531239,0.424907985,0.604977111
HEL-S-37,PDvsAD,-0.509356926,9.56e-06,0.000257645
FNDC3A,PDvsAD,-0.043352909,0.647022537,0.78100908
GTF2F2,PDvsAD,-0.232654925,0.034952334,0.106802099
KPNA3,PDvsAD,-0.026094138,0.5249995,0.68999112
TSC22D1,PDvsAD,0.382474418,0.011328621,0.046141999
SPART,PDvsAD,0.13943953,0.005935397,0.027970588
ARGLU1,PDvsAD,0.254085728,0.020170291,0.071470396
COG6,PDvsAD,0.117694822,0.198673674,0.363998914
COL4A2,PDvsAD,-0.03045306,0.805324841,0.882899189
RANBP5,PDvsAD,0.020684233,0.701899767,0.819072847
MED4,PDvsAD,0.382270101,0.012148732,0.048586578
CDC16,PDvsAD,-0.253818817,0.017843684,0.065218303
CLYBL,PDvsAD,0.137661475,0.588403727,0.737478308
PDZD2,PDvsAD,0.832749533,1.36e-05,0.00032801
KCNIP3,PDvsAD,-0.103729247,0.605291211,0.750198011
FAHD2A,PDvsAD,0.065704801,0.278156595,0.458688772
COX2,PDvsAD,0.364161435,1.74e-06,8.3e-05
COX1,PDvsAD,0.956121149,0.037401877,0.112565565
GBA,PDvsAD,-0.035286015,0.700872613,0.818272472
LRRC7,PDvsAD,0.290188459,0.010493499,0.043604703
DMD,PDvsAD,-0.241289952,0.000279275,0.002837327
EPPK1,PDvsAD,0.163659674,0.691590771,0.811638085
PDE4DIP,PDvsAD,-0.243972455,0.027056514,0.088422311
PEX12,PDvsAD,-0.2885832,0.032351183,0.100649681
SMN1,PDvsAD,-0.152653766,0.341375932,0.523357775
NUCB2,PDvsAD,-0.063484873,0.547078532,0.708449002
GPX4,PDvsAD,-0.003271796,0.947528471,0.969343963
C12orf45,PDvsAD,0.012965893,0.945515067,0.968402375
MBD3,PDvsAD,0.436972922,0.244303819,0.421193025
EIF2B4,PDvsAD,-0.190930161,0.010445242,0.043454381
COL1A2,PDvsAD,0.039557358,0.936388952,0.963031989
CBWD1,PDvsAD,-0.116233816,0.679270526,0.803088904
HTD2,PDvsAD,0.32141406,0.18070813,0.342351535
SRCIN1,PDvsAD,-0.291094826,0.138161131,0.286313171
PTPDC1,PDvsAD,0.428415766,0.444360053,0.62184472
ANK3,PDvsAD,-0.031493002,0.831108723,0.899891221
GIMAP1-GIMAP5,PDvsAD,-0.349191096,0.167581842,0.325964356
PTPRJ,PDvsAD,-0.003992222,0.97175353,0.982939892
ROBO1,PDvsAD,-0.066466277,0.54324147,0.705095128
TMEM230,PDvsAD,0.156310427,0.166092951,0.324032166
CNTN5,PDvsAD,0.141609134,0.160203266,0.316579738
TEX264,PDvsAD,-0.086357598,0.460942082,0.637606999
PYCR2,PDvsAD,0.254301727,0.347434542,0.529438323
GYPA,PDvsAD,-1.224426983,0.078317354,0.191155998
CLCN3,PDvsAD,0.024118665,0.782838735,0.869176957
MRPL45,PDvsAD,-0.087160516,0.478104948,0.652414927
NHS,PDvsAD,-0.207120249,0.403272826,0.58589001
CTNNBL1,PDvsAD,-0.059962008,0.557600516,0.716939345
SPCS2,PDvsAD,0.09415546,0.128481109,0.272133279
FGF2,PDvsAD,-0.182347755,0.074318908,0.184527411
TRIM46,PDvsAD,0.336504048,0.067296958,0.171959866
LIME1,PDvsAD,1.117828685,0.070677677,0.177756829
PEG10,PDvsAD,-0.135590369,0.256934016,0.434955607
SYNJ2BP-COX16,PDvsAD,0.086390773,0.246910944,0.423570337
GPX1,PDvsAD,-0.130199026,0.080876181,0.195637204
RPS24,PDvsAD,0.093201604,0.186391484,0.35009362
EIF5B,PDvsAD,-0.097600343,0.040475477,0.118839875
MYCBP,PDvsAD,0.145905353,0.10341551,0.235252297
SELENOT,PDvsAD,0.414253492,0.067923256,0.173068361
TEX2,PDvsAD,-0.037450211,0.519336661,0.685303358
ANK3,PDvsAD,-0.230505016,0.328584116,0.510696964
ARNT2,PDvsAD,-0.351391264,0.169321685,0.327981831
ITSN2,PDvsAD,0.306785366,5.98e-07,3.94e-05
COG1,PDvsAD,0.161887473,0.196191905,0.360922858
PDLIM2,PDvsAD,-0.389681434,0.302253342,0.48356501
MTHFD1L,PDvsAD,0.122626892,0.171439819,0.330873791
CLTC,PDvsAD,0.263718307,5.39e-06,0.000175512
MPC1,PDvsAD,0.135506641,0.413807266,0.593994936
ZMYND8,PDvsAD,-0.055925813,0.886078591,0.934129167
POLR2E,PDvsAD,-0.334509179,0.112702584,0.249130205
TTC28,PDvsAD,-0.584244626,0.404241511,0.58670484
ALOX5AP,PDvsAD,-0.184355998,0.567138703,0.723046559
SYN2,PDvsAD,0.275595158,0.010666336,0.044093651
SELENOM,PDvsAD,-0.061055884,0.513959752,0.681584162
ABRAXAS1,PDvsAD,-0.440293599,0.221142703,0.393343091
IQSEC1,PDvsAD,0.248855357,2.9e-05,0.000545654
GMPR2,PDvsAD,-0.057405943,0.411178455,0.592469276
ROBO2,PDvsAD,0.270622951,0.271340733,0.451688
PRODH,PDvsAD,-0.239200827,0.117856281,0.256192271
RBM15,PDvsAD,-0.112284965,0.582024118,0.733209033
ARR3,PDvsAD,-0.011294688,0.913602746,0.952031808
NRN1,PDvsAD,0.517151019,1.3e-05,0.000321684
CDH4,PDvsAD,0.2375266,0.236135302,0.4109135
FCGBP,PDvsAD,-0.681522905,0.023425351,0.079781511
GPR155,PDvsAD,-0.02613859,0.845384152,0.908131453
ABCA2,PDvsAD,-0.446979262,0.001744537,0.011386175
VPS11,PDvsAD,-0.108203306,0.118312638,0.25695133
MTSS2,PDvsAD,-0.276947652,9.25e-05,0.001223145
HEATR6,PDvsAD,-0.139393544,0.582601022,0.733785528
THSD7A,PDvsAD,0.023628985,0.817646803,0.89111113
VTA1,PDvsAD,0.061634542,0.297268383,0.478593338
GSTT2B,PDvsAD,-1.82e-05,0.999968199,0.999968199
AP2M1,PDvsAD,0.280786742,5.38e-06,0.000175512
F11R,PDvsAD,0.042696168,0.778603977,0.867580559
TAP2,PDvsAD,-0.011094064,0.916566602,0.952863646
APOOL,PDvsAD,0.208059256,0.015118494,0.057629744
MAPK8IP3,PDvsAD,0.077457938,0.148032795,0.299859165
LYNX1,PDvsAD,-0.029742668,0.797932323,0.877734238
SPATA33,PDvsAD,0.209303064,0.207887988,0.375807565
KCNN3,PDvsAD,-0.711690902,0.002720587,0.015819872
ALS2CR19,PDvsAD,0.130641401,0.643145375,0.778157222
DHX29,PDvsAD,-0.037755773,0.588271066,0.737478308
SELENOH,PDvsAD,-0.032422203,0.68346945,0.806065872
DTNBP1,PDvsAD,0.100059774,0.409089869,0.59076158
METTL26,PDvsAD,-0.058247816,0.426642229,0.606849427
FRMPD4,PDvsAD,0.432208841,0.028898349,0.092797244
RAVER1,PDvsAD,-0.125625183,0.557005078,0.716832444
PLEKHA2,PDvsAD,0.000350478,0.995924169,0.997588435
MAP7,PDvsAD,-0.271139977,0.020579131,0.072490544
DIPK1A,PDvsAD,0.0752616,0.819444392,0.892403314
HMGN3,PDvsAD,-0.287164131,0.015504878,0.05882204
RNASET2,PDvsAD,-0.371464401,0.012841402,0.050975829
IDH3B,PDvsAD,0.340423051,2.3e-05,0.000462086
PPIP5K2,PDvsAD,0.366651904,0.004139302,0.02148196
KIF3A,PDvsAD,0.115392442,0.01375948,0.053784316
SBDS,PDvsAD,-0.283667323,0.002424615,0.014557807
SNAP47,PDvsAD,0.239949782,0.203121119,0.36969894
CTSH,PDvsAD,-0.45605488,0.010842496,0.044719079
RBM26,PDvsAD,-0.160130339,0.012290143,0.049112776
MARK1,PDvsAD,0.211223179,0.002794626,0.016186855
PRKCQ,PDvsAD,-0.145209923,0.606853892,0.750920358
CSMD2,PDvsAD,0.21738716,0.070218115,0.177034316
SLC4A1AP,PDvsAD,-0.357037524,0.007810628,0.034735019
FAM13C,PDvsAD,0.130760248,0.272708026,0.452604714
CHL1,PDvsAD,0.178649035,0.764445338,0.859702207
dJ402G11.5,PDvsAD,-0.234832506,0.252971933,0.430553232
SNX12,PDvsAD,0.117913725,0.008070786,0.035681109
MYH7B,PDvsAD,-0.824689131,0.002332312,0.014157231
ACOT2,PDvsAD,-0.108180137,0.508355293,0.677014096
RELA,PDvsAD,-0.126004445,0.295173301,0.476900512
OTUD6B,PDvsAD,0.164438382,0.081432131,0.196359812
NOMO1,PDvsAD,-0.288832803,0.187256148,0.351038174
ZMIZ2,PDvsAD,-0.015832843,0.973910514,0.984034039
UNC5C,PDvsAD,-0.20179311,0.114394535,0.251187053
SRCIN1,PDvsAD,0.02938027,0.489155991,0.66156938
ADORA1,PDvsAD,0.23947091,0.041519922,0.120912066
STAU1,PDvsAD,-0.077848612,0.158738066,0.314893246
ATXN3,PDvsAD,0.152404811,0.436487394,0.61573913
IKBKG,PDvsAD,0.072455172,0.287821121,0.469406803
CHTOP,PDvsAD,0.029251064,0.954237488,0.97248941
ARFIP2,PDvsAD,0.266471569,0.001417033,0.009661342
SELENOF,PDvsAD,0.070922395,0.333090137,0.515805673
GPX3,PDvsAD,0.631962675,0.022513852,0.077558493
NEB,PDvsAD,0.353226918,0.202324078,0.36862135
PSME2,PDvsAD,-0.27297791,0.003685251,0.01985619
C1S,PDvsAD,-0.072634069,0.593353062,0.740456033
CNN2,PDvsAD,-0.462437135,0.085432088,0.203750997
IFIT2,PDvsAD,-0.140880743,0.337134293,0.51940901
PAK3,PDvsAD,0.309576923,0.000437063,0.003939595
SPAG9,PDvsAD,0.01151639,0.816524382,0.890200463
SYN2,PDvsAD,0.337066548,0.244189909,0.421193025
HECTD1,PDvsAD,-0.08225799,0.530258679,0.69436568
HEL-S-73,PDvsAD,-0.106299876,0.003920603,0.020690924
WDR20,PDvsAD,-0.187291873,0.010531281,0.043660809
DOCK9,PDvsAD,-0.113526407,0.047793455,0.133661868
CNTNAP2,PDvsAD,0.229418456,6.85e-05,0.000998759
SCRN1,PDvsAD,-0.048684395,0.261224082,0.439015145
CUL1,PDvsAD,0.115751019,0.017323037,0.063736371
RARRES2,PDvsAD,-0.151470068,0.358234754,0.540432589
GGCT,PDvsAD,0.137374226,0.055261467,0.148374667
BBS9,PDvsAD,0.070183078,0.573492443,0.727023466
CDK5,PDvsAD,0.1388509,0.02940898,0.094100886
ABCF2,PDvsAD,0.016780125,0.761154961,0.857745204
AGAP3,PDvsAD,0.152672183,0.023415441,0.079781511
GARS1,PDvsAD,0.101846725,0.009130185,0.039208012
TMUB1,PDvsAD,0.015055059,0.889375176,0.936369386
NUB1,PDvsAD,-0.212738473,0.032678081,0.101359826
PRKAG2,PDvsAD,0.082867439,0.049878932,0.138204606
TPK1,PDvsAD,0.097932564,0.336459746,0.518693829
PDIA4,PDvsAD,-0.026073456,0.682568654,0.805531801
GIMAP1,PDvsAD,-0.280026111,0.018191282,0.066119197
RHEB,PDvsAD,0.03025314,0.604767064,0.750198011
DOCK1,PDvsAD,-0.490225438,0.000216867,0.002345749
SMTN,PDvsAD,0.468611094,0.268236716,0.447870636
GET1,PDvsAD,0.140023465,0.118669572,0.25757098
RNF114,PDvsAD,-0.170470038,0.114665937,0.251461002
ISG15,PDvsAD,-0.156935936,0.668599649,0.79738637
GPS1,PDvsAD,0.192369813,0.151946648,0.305533565
PTRH1,PDvsAD,-0.150492234,0.401173456,0.583783264
AAK1,PDvsAD,-0.33800055,0.014741532,0.056492189
CD99,PDvsAD,-0.587818874,0.022712936,0.078094717
GATD3A,PDvsAD,0.194820445,0.007219161,0.032557218
PYCR3,PDvsAD,0.00747042,0.956497297,0.973964476
WDR18,PDvsAD,-0.289956954,0.063824027,0.165079548
SCLY,PDvsAD,-0.00743117,0.93844459,0.964732304
HSD11B1,PDvsAD,0.175113368,0.293147523,0.474912192
MYEF2,PDvsAD,0.114370949,0.025026979,0.083885864
LMTK3,PDvsAD,0.335027518,0.000675304,0.005451698
SPOCK1,PDvsAD,-0.08814938,0.63208719,0.76977862
MBNL1,PDvsAD,0.036459816,0.649822136,0.783074322
CACHD1,PDvsAD,-0.3829777,0.005853618,0.027725876
PPM1K,PDvsAD,-0.268843525,0.014662272,0.056248384
IL1RAPL1,PDvsAD,0.255774866,0.00413529,0.021476635
CNTNAP4,PDvsAD,0.021484828,0.783532664,0.869176957
PUM2,PDvsAD,-0.039983668,0.606239139,0.750604349
RBM10,PDvsAD,0.15081618,0.377873436,0.562160006
CACNA1C,PDvsAD,-0.333263992,0.092192199,0.216102082
GSTM4,PDvsAD,0.909015371,0.191605864,0.355853597
EPB41L3,PDvsAD,0.293337962,1.62e-06,7.89e-05
KCNQ5,PDvsAD,0.196784984,0.160862585,0.317444327
ASAP1,PDvsAD,0.199994804,0.004872575,0.02433919
AKAP9,PDvsAD,0.047193202,0.600190105,0.746656421
NAV1,PDvsAD,0.048701131,0.678768846,0.802817175
PCMT1,PDvsAD,0.160679195,0.000455774,0.004082666
MTX1,PDvsAD,0.247087252,0.001403317,0.009576907
NOLC1,PDvsAD,0.071314969,0.616141063,0.75877729
UPRT,PDvsAD,0.159338158,0.254692233,0.432483766
SNRPC,PDvsAD,-0.210213596,0.251803769,0.429505457
ABI1,PDvsAD,0.161683755,0.003320248,0.018354384
MPP2,PDvsAD,0.080744914,0.293707676,0.475712523
ELAVL2,PDvsAD,0.31111328,0.02731182,0.08885757
TBC1D22A,PDvsAD,0.184503378,0.381604261,0.565371668
PPP1R12B,PDvsAD,-0.111620999,0.128610004,0.272224062
OPALIN,PDvsAD,-0.532327433,0.038488567,0.11469786
DKFZp781G125,PDvsAD,0.214433973,0.228819734,0.402160841
EIF4G3,PDvsAD,0.194510775,0.000449406,0.004035673
RCAN2,PDvsAD,-0.811419776,0.042946498,0.123962343
EXOC7,PDvsAD,0.095505089,0.018334788,0.066573514
ADCY3,PDvsAD,0.142317222,0.384413845,0.567685751
ERBB4,PDvsAD,0.0999768,0.257022491,0.434955924
HADH,PDvsAD,0.045760402,0.334051157,0.516737628
BTBD9,PDvsAD,0.931810743,0.252459583,0.430216011
WIPF3,PDvsAD,0.453435739,2.52e-05,0.00049016
FHL2,PDvsAD,0.22524795,0.342185859,0.524359371
HPH2,PDvsAD,0.110624195,0.274922363,0.45512464
EXOC5,PDvsAD,0.027262571,0.554803191,0.715179096
DDX42,PDvsAD,-0.092277505,0.117201572,0.254923165
RASA2,PDvsAD,0.255251378,0.001084632,0.00780957
GPSM1,PDvsAD,0.10422983,0.267146701,0.446358899
ARHGAP5,PDvsAD,-0.114544078,0.002968148,0.016930919
ACE,PDvsAD,0.146813233,0.322845634,0.504612917
PRMT3,PDvsAD,-0.37807683,0.004170571,0.021592668
NELFE,PDvsAD,-0.036065603,0.971625919,0.982939892
FRMPD3,PDvsAD,0.137052922,0.660821583,0.79166399
PLS3,PDvsAD,0.313630759,0.067805722,0.172830105
MON1A,PDvsAD,0.014070541,0.948451073,0.969752462
SLAIN1,PDvsAD,-0.458592196,0.021363591,0.07466876
AKR1C3,PDvsAD,-0.367530706,0.002083726,0.013044596
SLC4A7,PDvsAD,0.12867099,0.422831325,0.60297893
PPP1R8,PDvsAD,0.181160495,0.234095969,0.408602839
PTPRC,PDvsAD,-0.159313919,0.112452597,0.248730483
MARK3,PDvsAD,0.213025853,0.000368159,0.003449009
PRXL2B,PDvsAD,-0.022190674,0.814318035,0.888382923
C16orf89,PDvsAD,-0.705947594,0.258884919,0.43691404
CCM2,PDvsAD,-0.165056899,0.52987395,0.69411461
SLC45A1,PDvsAD,0.048627472,0.690574425,0.811216834
RNF213,PDvsAD,-0.014172856,0.914571026,0.952031808
LMO7,PDvsAD,0.378664256,0.002054888,0.012925151
ILK,PDvsAD,-0.307005295,6.55e-05,0.000968025
SPOCK3,PDvsAD,-0.699338806,0.000368555,0.003449009
CADM1,PDvsAD,0.260389794,0.000720316,0.005697791
RIPOR1,PDvsAD,0.055684044,0.616157118,0.75877729
CUL2,PDvsAD,0.129790926,0.002988345,0.017004246
FAIM2,PDvsAD,0.216493961,0.019362452,0.069256151
RGMA,PDvsAD,0.078432877,0.795132469,0.876265949
TTN,PDvsAD,-0.2670416,0.160939019,0.317508053
IL6ST,PDvsAD,-0.041777048,0.793514769,0.874751224
JAK1,PDvsAD,-0.335896867,0.000460914,0.004116059
CNTFR,PDvsAD,0.116028408,0.159158574,0.315428205
LU,PDvsAD,0.149382849,0.127357831,0.270470882
ADSL,PDvsAD,-0.18049834,0.003430282,0.018763511
TMED7-TICAM2,PDvsAD,-0.259516998,0.003209382,0.017911924
ARHGEF9,PDvsAD,0.065382231,0.4835258,0.657260465
RPS6KA4,PDvsAD,0.149590166,0.188924118,0.35281522
ARPIN-AP3S2,PDvsAD,0.024893603,0.674300622,0.800486815
PPAN,PDvsAD,-0.153831119,0.459235574,0.636138216
CORO7-PAM16,PDvsAD,-0.055482196,0.215217355,0.385664782
USP13,PDvsAD,0.342014925,0.337075495,0.51940901
ERAP1,PDvsAD,-0.37944957,0.031436702,0.098629374
TSC1-PDGFRB,PDvsAD,-0.020678256,0.908336683,0.949205985
NPC1,PDvsAD,-0.361520399,0.008365466,0.036690732
URLC2,PDvsAD,0.034202283,0.860387847,0.918590594
SCAMP5,PDvsAD,0.333329588,2.55e-05,0.000492163
C16orf91,PDvsAD,0.114818503,0.527578852,0.691990277
TGFBR3,PDvsAD,-0.25504409,0.249511039,0.426863993
ACSS3,PDvsAD,-0.229552315,0.014251264,0.055196306
PI4KB,PDvsAD,-0.084901208,0.141720403,0.290791976
SRSF7,PDvsAD,-0.024934755,0.704025924,0.819958276
LYZ,PDvsAD,-0.372904711,0.342595303,0.524763206
TRAPPC2L,PDvsAD,0.152818557,0.14321661,0.292991205
TPT1,PDvsAD,0.209004401,0.001814809,0.011707553
PIGBOS1,PDvsAD,0.275512822,0.269376231,0.448939581
RHOA,PDvsAD,-0.17402569,0.344149227,0.526470733
FCHO1,PDvsAD,0.000658293,0.997538954,0.998788654
GSTZ1,PDvsAD,-0.090032055,0.445564684,0.622924542
DKFZp762F247,PDvsAD,-0.1037361,0.19346,0.357744653
DACT3,PDvsAD,0.087854219,0.606389805,0.750604349
CRTAC1,PDvsAD,-0.008975069,0.91843079,0.953832568
TMCC2,PDvsAD,0.092407641,0.281146244,0.462447962
SOD2,PDvsAD,0.065434892,0.297580949,0.478593338
FBXL15,PDvsAD,0.056007249,0.716482593,0.827631169
ARHGEF4,PDvsAD,-0.282344185,0.10876406,0.243077823
RPSA,PDvsAD,-0.049233366,0.293130475,0.474912192
ABI2,PDvsAD,0.163291051,0.074673656,0.185062413
PEX1,PDvsAD,-0.041113116,0.796249987,0.877094358
SYBU,PDvsAD,0.091547534,0.876424349,0.928168484
ABLIM3,PDvsAD,0.175818934,0.037670347,0.113136871
SCOC,PDvsAD,-0.353430286,0.213243991,0.383274369
CAST,PDvsAD,-0.113485943,0.135617555,0.282752774
CHD4,PDvsAD,-0.163568102,0.017050756,0.062960004
TAFA2,PDvsAD,0.532442112,0.002667366,0.015560718
MAN2A2,PDvsAD,-0.124680962,0.354598621,0.536296863
CAPNS1,PDvsAD,-0.203666219,0.004992988,0.02467099
DHRS7B,PDvsAD,0.240347395,0.027260416,0.088846477
CELF4,PDvsAD,0.169581421,0.1232355,0.264133777
IQSEC1,PDvsAD,0.158834285,0.387383878,0.570337725
TTC8,PDvsAD,0.055754825,0.800557821,0.880087483
EPB41L1,PDvsAD,0.282236341,2.21e-08,9.01e-06
IGHV5-51,PDvsAD,0.019230285,0.973339205,0.983594957
MTRES1,PDvsAD,0.309319151,0.005396847,0.026123498
CDK11B,PDvsAD,0.125166835,0.437100415,0.61593443
FAM120B,PDvsAD,-0.200748932,0.070908218,0.178149778
NRXN1,PDvsAD,0.161636772,0.022210095,0.076806352
MAP4K4,PDvsAD,-0.219731163,0.008899842,0.038445606
KCNT1,PDvsAD,-0.014026996,0.969509663,0.981794031
UBE2A,PDvsAD,0.289145104,0.085197688,0.203396685
NBEA,PDvsAD,0.147677396,0.006244866,0.029092825
NCAM1,PDvsAD,0.308631836,0.000363735,0.003415599
DDX3X,PDvsAD,-0.067476798,0.21728295,0.388785138
SPTAN1,PDvsAD,-0.510397997,8.84e-05,0.001182192
THEMIS,PDvsAD,-0.294600296,0.246233416,0.422750831
CYTH2,PDvsAD,0.245229006,0.180718584,0.342351535
COBLL1,PDvsAD,-0.205945888,0.299636651,0.480983358
SLC12A5,PDvsAD,-0.577868742,0.282249308,0.463626233
MYO6,PDvsAD,-0.243941225,0.007066064,0.032046781
PHF6,PDvsAD,0.521625894,0.071709799,0.179536576
ANKRD18B,PDvsAD,-0.421496989,0.621183172,0.76196633
FXR1,PDvsAD,0.017778815,0.750771677,0.8509771
LOC391322,PDvsAD,-0.788333628,0.026229883,0.086685061
DIAPH1,PDvsAD,0.251785469,0.000224091,0.002391523
HSPA1B,PDvsAD,0.159974725,0.132051864,0.277328192
ABHD16A,PDvsAD,0.289887369,1.99e-06,9.07e-05
GABBR1,PDvsAD,0.294672216,0.001779057,0.011539005
IQSEC3,PDvsAD,0.26300565,0.004970172,0.024655482
HLA-DRA,PDvsAD,-1.010614972,0.000804993,0.006219461
EPHB6,PDvsAD,0.311778169,1.77e-06,8.38e-05
SLC12A7,PDvsAD,-0.114659579,0.483489504,0.657260465
SCRIB,PDvsAD,-0.25202625,0.000502323,0.004370612
HNRNPCL4,PDvsAD,0.309392194,0.02694245,0.088315153
C4A,PDvsAD,-0.747902963,9.66e-05,0.001261233
GPR162,PDvsAD,0.248222144,0.309660304,0.491263028
PUF60,PDvsAD,-0.12087647,0.018409072,0.066807697
TMEM132E,PDvsAD,0.205886283,0.512765884,0.681137975
CPNE5,PDvsAD,0.513102615,3.45e-05,0.000617786
CELF2,PDvsAD,0.294995983,8.18e-05,0.001141894
PNMA6F,PDvsAD,0.116994092,0.783611223,0.869176957
PON2,PDvsAD,-0.415235666,0.024676108,0.08305814
WDR81,PDvsAD,-0.239636764,0.020597696,0.072512646
PLIN4,PDvsAD,-0.335776667,0.006798617,0.031148058
NHSL2,PDvsAD,0.280910339,0.187595633,0.351372641
INPP5F,PDvsAD,0.363317503,0.032183504,0.100301536
DAAM2,PDvsAD,-0.559255374,0.0006445,0.005262078
HEL-S-284,PDvsAD,0.307988592,4.31e-07,3.33e-05
TPM1,PDvsAD,0.054755997,0.639517612,0.775594366
CST3,PDvsAD,-0.064074221,0.658608628,0.790088703
SPATA20,PDvsAD,0.086366063,0.540915749,0.702692249
ADCY8,PDvsAD,-0.117220453,0.452110164,0.630360226
PSMA7,PDvsAD,-0.024327639,0.522066384,0.68701491
PGLS,PDvsAD,-0.272006267,0.000453475,0.004067137
PSME1,PDvsAD,-0.211723379,0.001492217,0.010012606
MAP7D2,PDvsAD,0.159264879,0.076699163,0.188292519
AGL,PDvsAD,0.069801227,0.36241959,0.544803366
ELAVL4,PDvsAD,0.261286824,0.002537876,0.015012291
CLDND1,PDvsAD,-0.350789712,0.056184119,0.150402817
POLR1D,PDvsAD,0.009357191,0.970194908,0.982194128
NCEH1,PDvsAD,0.329346303,3.3e-06,0.000132812
JMJD6,PDvsAD,0.048089238,0.781901771,0.869176957
ARID1A,PDvsAD,0.107469489,0.471895484,0.648146691
ABCB7,PDvsAD,0.104707374,0.074942742,0.185437712
ANXA6,PDvsAD,-0.008194049,0.929960866,0.959686701
ACADM,PDvsAD,-0.203306832,0.020164943,0.071470396
ANXA6,PDvsAD,0.07977277,0.139685404,0.288226367
ADA,PDvsAD,-0.400138636,0.022383872,0.07725873
SLC25A10,PDvsAD,0.250475412,0.001145767,0.008178938
GRK2,PDvsAD,0.168749055,0.031429682,0.098629374
BBS4,PDvsAD,-0.359398598,0.005182764,0.025360285
BCL2L1,PDvsAD,-0.038740122,0.619944556,0.761355846
APOE,PDvsAD,-0.693799756,1.57e-05,0.000357689
FXN,PDvsAD,0.298010874,0.130836848,0.275339218
ACTN4,PDvsAD,0.245169669,4.36e-06,0.000155994
CLPTM1,PDvsAD,0.157912078,0.031953078,0.099799606
SLC25A4,PDvsAD,0.24579806,0.005664795,0.02698427
GNAS,PDvsAD,-0.043485016,0.440770191,0.618988636
RCC1,PDvsAD,-0.337931545,0.204159313,0.370931532
BAG1,PDvsAD,-0.191546003,0.174963898,0.335067976
ETFA,PDvsAD,0.145826384,0.008336255,0.036607254
ATP2A2,PDvsAD,0.264519327,9.31e-06,0.000253672
PRMT2,PDvsAD,-0.43575714,0.001232484,0.008640602
ACADSB,PDvsAD,0.00464056,0.962077004,0.977846529
CRK,PDvsAD,0.041729004,0.641334773,0.777106566
APOE,PDvsAD,-2.649095376,0.040711474,0.119288988
ITPA,PDvsAD,-0.13512062,0.486424213,0.659750391
GDI1,PDvsAD,0.006279319,0.87054109,0.924524149
LGALS3BP,PDvsAD,-0.610374842,0.002533041,0.014996018
AGFG1,PDvsAD,0.156196182,0.00408384,0.021299939
GALT,PDvsAD,-0.167526576,0.152445874,0.306296974
MPV17,PDvsAD,0.466592356,0.007028944,0.031918682
HSD17B10,PDvsAD,0.043441088,0.342550721,0.524763206
PCK2,PDvsAD,0.120070102,0.355106434,0.53683913
NDUFS4,PDvsAD,0.421676175,2.34e-07,2.22e-05
SERPINI1,PDvsAD,0.144649374,0.147874515,0.299722833
CRH,PDvsAD,0.380908742,0.112390639,0.248669907
PSMD12,PDvsAD,-0.016606664,0.58612093,0.736156426
NPM1,PDvsAD,0.010238482,0.813900571,0.888285078
PEX19,PDvsAD,0.064682179,0.243308426,0.420380541
PPP3CA,PDvsAD,0.204617729,0.102609731,0.23364096
SDHC,PDvsAD,-0.033038319,0.83171418,0.900116009
FH,PDvsAD,0.241035742,1.13e-05,0.000295793
S100B,PDvsAD,-0.792399108,0.000127629,0.001539929
PPP3CA,PDvsAD,0.278860724,6.25e-06,0.000191261
STK11,PDvsAD,0.292625865,0.000220587,0.002364656
TPM1,PDvsAD,-0.087310981,0.404877812,0.587036101
TPM3,PDvsAD,-0.294924643,0.035371863,0.107581314
S100A1,PDvsAD,-0.254331426,0.009224322,0.039588633
VASP,PDvsAD,-0.164101446,0.262646709,0.440890964
HSD17B4,PDvsAD,-0.090818825,0.063110883,0.163764999
CNBP,PDvsAD,0.080826929,0.412267317,0.593191554
RAF1,PDvsAD,-0.113066362,0.426951032,0.607001726
NCK2,PDvsAD,0.206236181,0.001622367,0.010722908
SGCE,PDvsAD,-0.011776126,0.909688644,0.949882605
YARS1,PDvsAD,0.122554252,0.020419144,0.072133582
LGI1,PDvsAD,0.298897955,0.000137486,0.001623871
UROS,PDvsAD,0.085115336,0.571687994,0.725892155
RIN1,PDvsAD,-0.055778764,0.66637148,0.795421516
WFS1,PDvsAD,0.014261781,0.888467167,0.935961384
SRRM1,PDvsAD,-0.146335517,0.159534673,0.315863721
GAN,PDvsAD,-0.266238883,0.000996643,0.007292828
MPDU1,PDvsAD,-0.03116322,0.812197868,0.887188954
DPM1,PDvsAD,0.062834707,0.337325444,0.519567863
AKAP10,PDvsAD,0.112824316,0.252902643,0.430553232
RBM14,PDvsAD,-0.111219298,0.045767368,0.129527254
OPTN,PDvsAD,0.209924489,0.000104224,0.001324525
SRSF10,PDvsAD,0.152209027,0.248084797,0.4251999
SURF1,PDvsAD,0.941613378,0.031524416,0.098803977
SLC39A14,PDvsAD,0.274481725,0.249543041,0.426863993
ARHGAP26,PDvsAD,0.361655491,5.69e-07,3.88e-05
SUMF2,PDvsAD,-0.491334917,0.002358279,0.014278704
MRPS28,PDvsAD,0.565403922,0.052132354,0.142961503
HAX1,PDvsAD,0.325600278,6.35e-05,0.000958125
DAZAP1,PDvsAD,0.012668169,0.870191014,0.924505555
VPS33B,PDvsAD,0.078692237,0.160712256,0.317321783
ETHE1,PDvsAD,0.179367261,0.010902128,0.044887813
RDH11,PDvsAD,0.104299762,0.065092581,0.16775741
LSM1,PDvsAD,-0.37212445,0.125765555,0.267959609
TAP1,PDvsAD,-0.305729116,0.009245303,0.039655016
ATL1,PDvsAD,0.269585545,3.97e-06,0.000150238
DCTN4,PDvsAD,-0.014162672,0.765760926,0.860509036
CWF19L1,PDvsAD,-0.141358912,0.307722145,0.489483721
CLINT1,PDvsAD,0.21681123,0.001155369,0.008220148
COPS4,PDvsAD,0.074473475,0.052485475,0.143710704
AP3B1,PDvsAD,-0.093370966,0.145514921,0.296093021
DCP1A,PDvsAD,0.224629404,0.166783307,0.32499424
SIL1,PDvsAD,-0.062489111,0.693355422,0.81239706
STRBP,PDvsAD,0.332783212,0.003014958,0.017102992
MIF4GD,PDvsAD,-0.581538116,0.055196635,0.148263378
NDRG4,PDvsAD,-0.0510204,0.766986884,0.860829992
MCMBP,PDvsAD,-0.151336287,0.520098358,0.685428268
ATCAY,PDvsAD,0.520644524,0.000384558,0.003573808
NDUFAF2,PDvsAD,0.310131514,2.5e-05,0.000490102
HNRNPLL,PDvsAD,-0.095368811,0.109115522,0.243690572
DIABLO,PDvsAD,0.243511486,0.014463823,0.055695011
HM13,PDvsAD,0.008594741,0.9152956,0.952092733
RDH12,PDvsAD,-0.097367313,0.896868238,0.942465045
DNAJC19,PDvsAD,0.286733742,0.000139393,0.0016437
C3orf38,PDvsAD,0.115276574,0.531872317,0.695186032
RIC3,PDvsAD,-0.355079316,0.038216466,0.114299807
BBS5,PDvsAD,-0.295034981,0.075441621,0.186228357
ACMSD,PDvsAD,0.172538066,0.587639649,0.737162887
COG7,PDvsAD,-0.203504425,0.344330857,0.526597481
MCCC1,PDvsAD,-0.017033035,0.81083591,0.886326087
VKORC1,PDvsAD,-0.301729284,0.01121488,0.045782424
C15orf40,PDvsAD,-0.085426828,0.518313774,0.684724322
CLASP2,PDvsAD,-0.072135303,0.160560927,0.317197129
ADPRHL1,PDvsAD,0.130922329,0.270896256,0.451159243
ERVK3-1,PDvsAD,0.075568178,0.494673611,0.665454888
ANK2,PDvsAD,0.248740702,0.016663507,0.061943465
DNM1,PDvsAD,0.309696943,4.03e-07,3.18e-05
SCYL2,PDvsAD,0.030840611,0.66533898,0.79464845
SHANK3,PDvsAD,0.408104011,0.000697248,0.005554049
TMEM275,PDvsAD,0.236575905,0.248245303,0.425250885
CD99L2,PDvsAD,0.087908753,0.692295787,0.812007082
CSMD1,PDvsAD,0.088748551,0.750684136,0.8509771
CSNK1G1,PDvsAD,0.125716881,0.387416348,0.570337725
SYTL2,PDvsAD,0.574064194,0.018435461,0.066807697
PACSIN2,PDvsAD,-0.285288411,0.144015946,0.294013735
DENND4A,PDvsAD,0.013453221,0.935395847,0.962423448
R3HDM2,PDvsAD,0.406561883,0.000412817,0.003773053
EXOC6B,PDvsAD,-0.030988784,0.358841838,0.540960282
FGGY,PDvsAD,-0.523221426,0.41028221,0.591874099
NRXN3,PDvsAD,0.236678659,0.001270816,0.008831864
MICU1,PDvsAD,0.233506121,0.020251037,0.07165062
MMP24OS,PDvsAD,0.429352296,0.014333762,0.055314853
GATAD2B,PDvsAD,0.167143887,0.411567877,0.592792899
DDX19B,PDvsAD,-0.245853099,0.011401908,0.046283254
MYH9,PDvsAD,0.472473096,0.227902006,0.401100839
AKT2,PDvsAD,0.130078116,0.605539283,0.750198011
PSMA5,PDvsAD,-0.024909595,0.476417578,0.651744321
OR10G3,PDvsAD,-0.044100418,0.892532838,0.939006685
HLA-C,PDvsAD,-0.484347173,0.110289486,0.245379608
CBARP,PDvsAD,0.225245781,0.136982263,0.284772664
TNXB,PDvsAD,0.081411827,0.736403094,0.841922634
MICOS13,PDvsAD,0.2740882,3.25e-05,0.000589194
APP,PDvsAD,-1.537108607,1.45e-11,5.21e-08
LYPLA2,PDvsAD,0.183804213,0.000201032,0.002211047
ACYP2,PDvsAD,-0.128807459,0.286345599,0.468373791
METAP2,PDvsAD,0.167002296,0.259426726,0.437117929
AP1G1,PDvsAD,0.120453409,0.006876411,0.031404459
BUB3,PDvsAD,0.012361973,0.828591574,0.898765624
BLVRA,PDvsAD,0.02409048,0.719289092,0.829540875
CLIP2,PDvsAD,-0.003935705,0.927611645,0.958617486
COMT,PDvsAD,-0.605855396,1.09e-06,6.2e-05
DPM3,PDvsAD,0.066116427,0.565376921,0.721695864
DUSP23,PDvsAD,-0.441054316,0.063254385,0.164078179
ECM1,PDvsAD,0.257548217,0.199109482,0.364426082
ESD,PDvsAD,-0.266036239,0.00056009,0.004732629
FGG,PDvsAD,-0.29808835,0.306288452,0.488716245
FRS3,PDvsAD,0.353502233,0.097338757,0.224914128
GGT1,PDvsAD,0.072011861,0.769871619,0.862697258
GLRX3,PDvsAD,-0.034960759,0.556513849,0.716485433
GPD2,PDvsAD,0.171459553,0.010501041,0.043610847
GMPS,PDvsAD,0.183429029,0.000697074,0.005554049
HIBCH,PDvsAD,-0.035513724,0.732336097,0.83840072
HPRT1,PDvsAD,0.185434736,0.001427897,0.009707813
IAH1,PDvsAD,0.11981774,0.243805376,0.420751456
CRPPA,PDvsAD,-0.045872307,0.627612539,0.76621374
PRKG2,PDvsAD,0.199422118,0.133312886,0.279161452
LIMD2,PDvsAD,0.16113616,0.402907703,0.585714451
LRRC40,PDvsAD,-0.114437223,0.071440186,0.17911093
PLIN3,PDvsAD,-0.752779741,1.54e-05,0.000355225
MAN2C1,PDvsAD,-0.006202452,0.961570624,0.977469969
MAT2B,PDvsAD,-0.0382774,0.398876884,0.582145777
MAT2A,PDvsAD,0.017752544,0.671958185,0.799019153
MT1H,PDvsAD,-0.366476184,0.370574059,0.554166156
MT1X,PDvsAD,-0.184370124,0.315587252,0.49778548
OAT,PDvsAD,0.052090194,0.539078375,0.701065043
OSBPL11,PDvsAD,-0.44085305,0.168541072,0.326795522
PXN,PDvsAD,-0.351279925,0.001503564,0.010069962
PDE4D,PDvsAD,0.207436498,0.025002415,0.083842598
PEPD,PDvsAD,-0.102759382,0.198528312,0.363825261
PGK2,PDvsAD,0.223263243,0.002441522,0.014608867
PSMC5,PDvsAD,-0.00788232,0.821281001,0.89363736
PSMB2,PDvsAD,-0.035827176,0.555789869,0.716066008
PSMF1,PDvsAD,0.154681727,0.053229629,0.145030577
RNH1,PDvsAD,-0.292050055,0.004076933,0.021299644
ARHGEF26,PDvsAD,-0.231503748,0.264584825,0.443316712
STK32C,PDvsAD,0.148895153,0.045737392,0.129523253
STMN1,PDvsAD,-0.000872318,0.989310748,0.993160154
SUSD2,PDvsAD,-0.453405595,0.525513323,0.69054025
DARS1,PDvsAD,-0.077759109,0.032477778,0.100825488
TENM3,PDvsAD,0.005815849,0.963262027,0.978359751
ACAT1,PDvsAD,0.156839866,0.000179094,0.001997244
TXNDC17,PDvsAD,-0.070184187,0.309373373,0.491179303
USP5,PDvsAD,-0.009200746,0.78091374,0.868983993
UCHL3,PDvsAD,-0.116048509,0.17336274,0.33333285
AZGP1,PDvsAD,-0.535162568,0.016293635,0.06100995
AKAP1,PDvsAD,0.084199734,0.248156427,0.4251999
DPYSL3,PDvsAD,-0.236125257,0.003308735,0.018321581
CALB2,PDvsAD,0.049701283,0.672471401,0.799254261
CIB1,PDvsAD,-0.562960166,0.004856639,0.024276444
COPG2,PDvsAD,-0.063264033,0.273744463,0.453681375
CPT2,PDvsAD,0.105129013,0.579835495,0.732108261
GLUD2,PDvsAD,0.165913673,0.074509641,0.184873352
LTA4H,PDvsAD,-0.141530541,0.000322769,0.003150173
MCCC2,PDvsAD,0.011505355,0.870957177,0.924829491
PPME1,PDvsAD,0.159881594,0.002657835,0.015530309
PSMA3,PDvsAD,-0.002492502,0.950377694,0.970786527
PSMA6,PDvsAD,-0.014908865,0.697090161,0.815577346
PSMB4,PDvsAD,-0.016272744,0.881595451,0.931420028
SND1,PDvsAD,-0.086300035,0.029830043,0.094899381
SRRM2,PDvsAD,0.117752113,0.264425868,0.443256879
STAMBP,PDvsAD,0.029073263,0.695172817,0.813879087
TALDO1,PDvsAD,-0.464551951,0.001168903,0.008291835
SARAF,PDvsAD,0.038020483,0.788613658,0.871545158
ATP6V1B2,PDvsAD,0.247084352,7.38e-06,0.000214833
GOT1,PDvsAD,0.176068432,0.000387609,0.003591191
PSMC2,PDvsAD,-0.050565582,0.134568479,0.281135949
ISYNA1,PDvsAD,-0.410583998,0.001435514,0.009720137
PPP1R7,PDvsAD,0.149825216,0.000166014,0.001871693
SCAMP2,PDvsAD,-0.802213325,0.001873768,0.011980456
AK2,PDvsAD,-0.186018833,0.006735818,0.03093917
RANBP1,PDvsAD,0.078173042,0.15827334,0.314578651
CALD1,PDvsAD,0.222408602,0.112261903,0.24853797
ST13,PDvsAD,-0.053985216,0.394851188,0.578562762
QDPR,PDvsAD,-0.462026211,0.003276412,0.018198637
BCKDHB,PDvsAD,0.030383564,0.671576398,0.798850509
UAP1,PDvsAD,0.076186275,0.231092654,0.405031545
DGKQ,PDvsAD,0.115514925,0.315705496,0.49778548
MECP2,PDvsAD,-0.186605984,0.022828869,0.078380934
GFUS,PDvsAD,-0.058977966,0.352890189,0.534499712
CAMKV,PDvsAD,0.358348109,0.007295974,0.032820477
HSPA4L,PDvsAD,0.254450218,4.27e-05,0.000717356
PSMD14,PDvsAD,-0.0528525,0.255365255,0.433319716
SERPINF1,PDvsAD,0.15867586,0.042128755,0.122042744
GK2,PDvsAD,-0.218704264,0.714861168,0.82679276
FAM114A2,PDvsAD,0.234255924,0.017139012,0.063188575
CAPN5,PDvsAD,0.025359241,0.778687625,0.867580559
ISLR,PDvsAD,0.263882751,0.135070491,0.28185728
UNC84A,PDvsAD,-0.106109167,0.501222403,0.671081464
PTMS,PDvsAD,0.140165157,0.178034701,0.338873671
RAB7A,PDvsAD,-0.005306508,0.876315534,0.928168484
MIA2,PDvsAD,0.061039056,0.625383432,0.764771001
FLJ00319,PDvsAD,0.120185707,0.316134409,0.498225407
FTO,PDvsAD,0.029250756,0.706527394,0.82140804
HSPA12A,PDvsAD,0.043954402,0.721434121,0.831481435
ARID1B,PDvsAD,-0.095138626,0.579218256,0.731657379
TNFAIP8L3,PDvsAD,-0.003632751,0.982986265,0.989411289
RAB11FIP5,PDvsAD,0.279900134,4.51e-05,0.000747711
ASAH1,PDvsAD,-2.101759202,0.021590127,0.075241174
CACNA1A,PDvsAD,0.348573257,0.000331813,0.003205709
CACNB4,PDvsAD,0.272884332,0.000523564,0.004504784
BEGAIN,PDvsAD,0.213302943,0.174155829,0.334156682
EPB41L1,PDvsAD,0.24821359,0.016165838,0.060657615
IRAG2,PDvsAD,-0.010085164,0.959753739,0.976153444
ACY1,PDvsAD,-0.077269885,0.790987257,0.872633641
KIFBP,PDvsAD,-0.122191953,0.043547032,0.125193365
EVI5,PDvsAD,0.161518936,0.428696534,0.608447942
PLEKHA6,PDvsAD,0.200033509,0.002817968,0.016307036
CACNA1A,PDvsAD,-0.499734809,0.191914948,0.356052336
UNC13B,PDvsAD,0.252135877,0.25674487,0.434840087
EFR3A,PDvsAD,0.050339788,0.526518525,0.691530293
RAP1GAP2,PDvsAD,0.3455603,0.000594418,0.004931542
MYO18A,PDvsAD,-0.162597739,0.518163262,0.684724322
FARP1,PDvsAD,-0.495121898,0.138712287,0.287041852
CTSD,PDvsAD,-0.121719821,0.147020627,0.298649922
KIAA1671,PDvsAD,0.297167486,0.07225581,0.180589312
FGL2,PDvsAD,-0.46786498,0.157418474,0.313429301
RILPL1,PDvsAD,-0.192905189,0.042031002,0.121906855
NEDD4L,PDvsAD,0.552267974,0.327564049,0.509662168
DPY19L1,PDvsAD,0.243405177,0.015813366,0.059646324
ABHD14A-ACY1,PDvsAD,-0.056634967,0.540795592,0.702663058
DCX,PDvsAD,-0.082473458,0.593267856,0.740456033
KAZN,PDvsAD,-0.066824643,0.297589166,0.478593338
TNFRSF6,PDvsAD,-0.610826501,0.087483999,0.207680661
TUBG2,PDvsAD,0.138780429,0.072326175,0.180702388
SLC22A17,PDvsAD,0.111558333,0.568311159,0.724164375
DPYSL2,PDvsAD,-0.009634086,0.849376447,0.911437964
ABR,PDvsAD,0.168920851,0.002166876,0.013413373
NDEL1-PDGFRB,PDvsAD,0.267262295,9.27e-06,0.000253531
CYGB,PDvsAD,-0.221293041,0.00809057,0.035724659
VDAC1,PDvsAD,0.385746987,5.11e-07,3.64e-05
V2-7,PDvsAD,0.52069904,0.43502484,0.614398915
REEP6,PDvsAD,-0.024927346,0.71887677,0.829198301
GALNT2,PDvsAD,-0.076746419,0.493050897,0.664017057
PNKP,PDvsAD,-0.260654921,0.142367719,0.291586277
DIAPH2,PDvsAD,0.527963474,0.009119592,0.039185915
ABI3BP,PDvsAD,-0.519123771,0.357924944,0.540078481
TRIOBP,PDvsAD,-0.07494874,0.476570408,0.651795932
HBA2,PDvsAD,-0.258186705,0.259117567,0.437108973
MICAL1,PDvsAD,-0.256644162,0.321471551,0.503121163
ABCF1,PDvsAD,0.018326544,0.771104592,0.863680369
AIF1,PDvsAD,-0.205407649,0.562660541,0.720162646
HSPA1L,PDvsAD,0.010930239,0.920627596,0.95529058
SKIV2L,PDvsAD,-0.152901055,0.015325299,0.058294486
SYNGAP1,PDvsAD,0.295190148,0.00300572,0.017064046
TSC2,PDvsAD,0.008478796,0.879551447,0.930384347
HLA-B,PDvsAD,1.209850923,0.116417148,0.254058878
ERCC4,PDvsAD,0.184822192,0.665814387,0.794888446
PIGT,PDvsAD,-0.240253557,0.206818087,0.374275581
IER3IP1,PDvsAD,0.563460751,0.010390963,0.043328808
STAT6,PDvsAD,0.339112362,0.000446799,0.004017279
FLT1,PDvsAD,-0.17159944,0.404964587,0.587043586
UNC45A,PDvsAD,-0.102270327,0.454306888,0.631726572
ELP4,PDvsAD,-0.023834055,0.838001462,0.903709822
STRADA,PDvsAD,0.337590624,0.003023301,0.017123311
MRPL9,PDvsAD,0.013541903,0.928439401,0.958969645
GOSR2,PDvsAD,-0.057270587,0.61437851,0.757494793
ME2,PDvsAD,0.032923461,0.467392435,0.643682517
GABRD,PDvsAD,0.493631225,8.68e-05,0.001172958
SCN1A,PDvsAD,0.352466419,0.003804308,0.020246141
POLR2B,PDvsAD,-0.281858816,0.017866598,0.065235758
TCEA1,PDvsAD,0.043325192,0.767552471,0.860908299
FDFT1,PDvsAD,0.557395532,0.066745338,0.170975505
DDX17,PDvsAD,-0.024812652,0.651900162,0.784789601
GYG2,PDvsAD,-0.530597441,0.015087951,0.057543812
GABRG2,PDvsAD,0.36277091,0.00017561,0.001964481
RPS10-NUDT3,PDvsAD,-0.002781183,0.952008505,0.971180992
FBXL22,PDvsAD,0.033360589,0.834336395,0.901649894
SCN1B,PDvsAD,0.789928266,1.89e-05,0.000401108
SLC7A2,PDvsAD,-0.129019474,0.500007098,0.669906838
NECAP1,PDvsAD,0.383056851,6.51e-05,0.000968025
PFKFB3,PDvsAD,-0.020077007,0.91352041,0.952031808
STIM2,PDvsAD,-0.167309267,0.189956274,0.353879234
PIK3C3,PDvsAD,0.231180087,2.83e-06,0.000120407
BIN3,PDvsAD,-0.124500009,0.254936502,0.43279638
TEX15,PDvsAD,0.926798561,0.072653266,0.181393592
GFAP,PDvsAD,-1.094423041,1.31e-05,0.000322289
CACNG8,PDvsAD,0.350723609,0.025975922,0.086224752
HSPB6,PDvsAD,-1.237139258,9.38e-05,0.001236192
GAS2L1,PDvsAD,-0.128081949,0.227527656,0.400636269
FOLR2,PDvsAD,-0.28264603,0.05367107,0.145640882
STRN3,PDvsAD,0.073868646,0.106875137,0.240562179
BCAS1,PDvsAD,-1.001706862,0.000328788,0.003195905
BXDC2,PDvsAD,-0.297889717,0.012897263,0.051141133
GLRX2,PDvsAD,0.142562616,0.533836901,0.696515296
UHRF1BP1L,PDvsAD,0.125977692,0.069652314,0.175977905
UBE2V2,PDvsAD,0.170742407,0.000398252,0.003666744
NGB,PDvsAD,0.170337801,0.286376746,0.468373791
SMU1,PDvsAD,-0.114319268,0.067737692,0.172779155
SHTN1,PDvsAD,-0.38955667,0.000385182,0.003574984
HBD,PDvsAD,-0.2280699,0.304765933,0.486934997
RSL1D1,PDvsAD,0.029955355,0.685385228,0.807565066
MRPL1,PDvsAD,0.001203002,0.992741433,0.995231934
NUP43,PDvsAD,-0.196615511,0.138651188,0.287041852
IFT74,PDvsAD,-0.305642908,0.168072986,0.326446633
TMEM120B,PDvsAD,0.063470309,0.751545088,0.851451223
SEPSECS,PDvsAD,0.100456121,0.703781277,0.819938245
PITPNM3,PDvsAD,0.16343593,0.01138225,0.046236613
OXCT1,PDvsAD,0.120361789,0.633075496,0.7703793
ILVBL,PDvsAD,-0.149356867,0.001856961,0.01190011
ACOT1,PDvsAD,-0.092643422,0.453868289,0.631726572
NDUFAF8,PDvsAD,0.203855443,0.275080967,0.455152146
TNR,PDvsAD,0.037508404,0.386178233,0.5691006
PLEKHG3,PDvsAD,-0.411177382,0.046448871,0.130820067
TBC1D9B,PDvsAD,-0.035286833,0.580968567,0.732680663
ABCB1,PDvsAD,0.000301532,0.99672389,0.998250479
SSC5D,PDvsAD,-0.459657859,0.619864581,0.761355846
SH3PXD2B,PDvsAD,-0.426788202,0.002023157,0.012787843
MACROD2,PDvsAD,0.171078481,0.028582592,0.092029806
PRNP,PDvsAD,-0.301887216,0.61563419,0.758393
DDX58,PDvsAD,-0.184176527,0.572893964,0.726520854
TRPM3,PDvsAD,-0.3909996,0.028957458,0.092945559
RPS6,PDvsAD,0.082143832,0.384987286,0.567810856
SIGMAR1,PDvsAD,0.278087588,0.409972892,0.591680379
AMOT,PDvsAD,-0.353036208,0.053931307,0.146107587
PPP1R11,PDvsAD,0.236057651,0.009476807,0.04040704
MRPL28,PDvsAD,-0.333764863,0.101069773,0.231306037
NBAS,PDvsAD,-0.029027244,0.583749266,0.734354305
TARS3,PDvsAD,-0.100895632,0.124465109,0.265897691
ITIH2,PDvsAD,-0.109492487,0.565810109,0.722080775
MORC3,PDvsAD,-0.073036114,0.658368161,0.789992662
FAM234B,PDvsAD,0.187181698,0.113889166,0.250674655
KIF3C,PDvsAD,0.187665036,0.103739228,0.235616124
RAB27A,PDvsAD,-0.236010884,0.187861818,0.351532273
TYW5,PDvsAD,-0.3549181,0.05390082,0.146084626
SRGAP2,PDvsAD,0.069904999,0.246157461,0.422750831
RPL5,PDvsAD,0.198628928,0.000207541,0.002268754
ERGIC3,PDvsAD,-0.129613152,0.431714763,0.611525068
NKRF,PDvsAD,0.127399324,0.332170629,0.514516174
ATP1B1,PDvsAD,0.140708034,0.033834097,0.104238057
VWA8,PDvsAD,0.160119984,0.061785827,0.161264881
APOC3,PDvsAD,-0.373331756,0.317350348,0.49895105
H1-4,PDvsAD,0.11134868,0.548164627,0.709321696
DDX1,PDvsAD,-0.024034035,0.609788863,0.753644552
BCAP29,PDvsAD,0.266256844,2.48e-07,2.29e-05
KCND2,PDvsAD,-0.022831499,0.813087409,0.887864426
LSM8,PDvsAD,-0.184284511,0.017010232,0.062868918
AASS,PDvsAD,-0.452617475,0.000668844,0.005421648
ARF5,PDvsAD,0.16089037,0.003764069,0.020115116
RPA3,PDvsAD,-0.073740487,0.408317214,0.590268171
LOC401309,PDvsAD,0.262260168,0.563061777,0.720162646
NPY,PDvsAD,-0.230614795,0.186564692,0.350289697
CBX3,PDvsAD,-0.093260998,0.179560365,0.340800552
LOC392742,PDvsAD,0.755124494,0.000911934,0.006868632
GTPBP10,PDvsAD,0.271525415,0.175334745,0.335331778
KRIT1,PDvsAD,0.069744679,0.785877566,0.87075541
PPP1R9A,PDvsAD,0.387181589,3.15e-06,0.000130369
ATP6V1F,PDvsAD,0.290449733,0.000118649,0.001463882
ZC3HC1,PDvsAD,0.2777175,0.567855513,0.723832129
UBE2H,PDvsAD,-0.12386221,0.065559074,0.168778246
CHCHD3,PDvsAD,0.282118206,4.18e-06,0.000151771
WDR91,PDvsAD,-0.172032271,0.01697921,0.062824823
SSBP1,PDvsAD,0.272827358,2.02e-05,0.000420666
DENND11,PDvsAD,0.050727328,0.600048969,0.746609969
AGK,PDvsAD,0.337775819,5.87e-06,0.00018531
MRPL32,PDvsAD,0.089611136,0.731389901,0.837830255
NEDL1,PDvsAD,0.398699737,1.65e-05,0.000369026
EPDR1,PDvsAD,0.23853573,0.069936409,0.17644777
ELMO1,PDvsAD,-0.534954051,0.001961429,0.012463388
MAD1L1,PDvsAD,-0.324291278,0.01842138,0.066807697
ARPC1B,PDvsAD,-0.282588778,0.114436254,0.251187053
MBLAC1,PDvsAD,0.689083319,0.150757277,0.303922952
AGFG2,PDvsAD,0.227270329,0.041004175,0.119798144
CAMK2B,PDvsAD,0.240458599,0.000517007,0.004459032
RAC1,PDvsAD,-0.037228515,0.585968504,0.736093512
ATF2,PDvsAD,-0.104257259,0.630542545,0.768779471
RPS4Y1,PDvsAD,-0.949952441,0.041402649,0.120668256
ZDHHC14,PDvsAD,-0.926334473,6.53e-05,0.000968025
DKFZp686F17268,PDvsAD,0.292827235,0.151224884,0.304611553
ATRX,PDvsAD,-0.159871785,0.530456005,0.694497641
MAP2K1,PDvsAD,0.124064302,0.034232754,0.105184196
FOLH1,PDvsAD,-0.7803227,0.004305877,0.022107191
VPS37C,PDvsAD,0.115515804,0.349200347,0.531035538
MORF4L1,PDvsAD,0.122515976,0.806752717,0.88379109
GGT7,PDvsAD,0.290176028,3.06e-05,0.000566403
AIP,PDvsAD,0.399946483,0.191208499,0.355390888
PSD,PDvsAD,0.24205542,0.026832355,0.088010124
KLHL4,PDvsAD,-1.012570873,0.004986325,0.02467099
MAN2A1,PDvsAD,0.231792,0.195829007,0.360347415
C5orf44,PDvsAD,0.441709261,0.016095845,0.060478791
CNOT1,PDvsAD,-0.063265144,0.171838581,0.331266593
MTSS1,PDvsAD,-0.144573733,0.516956245,0.683667267
ITGAV,PDvsAD,-0.165388803,0.003695121,0.019875449
NEFM,PDvsAD,-0.467543235,0.014770351,0.05657249
CARNS1,PDvsAD,-0.563016599,0.025402291,0.08478825
EXOC6,PDvsAD,0.103814743,0.217637397,0.389225707
SIPA1L1,PDvsAD,0.202550082,0.010426256,0.043400499
ASTN1,PDvsAD,0.2675428,0.000994111,0.007284501
MAP1LC3B,PDvsAD,0.258493572,2.67e-05,0.000508941
C2orf72,PDvsAD,-0.284086967,0.082639741,0.19847334
PALM3,PDvsAD,-0.064189627,0.677976208,0.802614033
PGP,PDvsAD,0.245435097,3.93e-05,0.000682579
C5orf51,PDvsAD,-0.117009983,0.124288263,0.265677705
BTBD17,PDvsAD,0.126184006,0.560208944,0.718413788
TSPAN14,PDvsAD,0.250576406,0.074651868,0.185062413
RBFOX3,PDvsAD,-0.099242142,0.781284467,0.869176957
SEPTIN8,PDvsAD,-0.054445844,0.773162043,0.864101083
NUDT5,PDvsAD,-0.21791251,0.014875272,0.056853259
DYNLT3,PDvsAD,0.01900235,0.76728826,0.860829992
IGLON5,PDvsAD,0.408924498,0.000999027,0.007302847
JPT2,PDvsAD,-0.922341174,0.001091429,0.007842803
ZMYM3,PDvsAD,0.165116373,0.260413075,0.438164035
TRAF3,PDvsAD,0.189095014,0.011125663,0.045561534
TUBAL3,PDvsAD,0.260842205,0.007878029,0.034936289
FBLL1,PDvsAD,0.092354994,0.268390154,0.448014058
SMCHD1,PDvsAD,-0.162630892,0.386091576,0.569089489
CASTOR2,PDvsAD,0.345679014,0.001231325,0.008640602
UNC119B,PDvsAD,-0.171248768,0.18359962,0.34577633
DOCK11,PDvsAD,-0.263150053,0.150224647,0.303274176
NDEL1,PDvsAD,0.077833075,0.647728988,0.781730639
LIPT2,PDvsAD,-0.224133983,0.269093537,0.448676358
PCP4L1,PDvsAD,0.399556318,0.003318597,0.018354384
RGPD3,PDvsAD,-0.022030792,0.877150546,0.928664098
RENBP,PDvsAD,-0.086176735,0.505986507,0.674867596
SHISA7,PDvsAD,0.294586316,0.004561658,0.02305833
HMGN1,PDvsAD,-0.334747631,0.006871703,0.031402897
CNIH4,PDvsAD,-0.031037558,0.849964871,0.911826594
VSTM2B,PDvsAD,-0.107009398,0.347762249,0.529438323
ENSA,PDvsAD,0.191489773,0.052229205,0.14311797
TP53BP1,PDvsAD,0.023534639,0.741043453,0.845278395
NR0B1,PDvsAD,0.138848024,0.140408682,0.288972718
PTPA,PDvsAD,-0.418469909,0.405205824,0.587156626
PIP5K1A,PDvsAD,-0.225801358,0.031518407,0.098803977
BTBD11,PDvsAD,-0.035129035,0.789420679,0.871707545
RPL10,PDvsAD,-0.123950496,0.795359778,0.876382182
MORN4,PDvsAD,0.257979952,0.144633348,0.294716054
TTR,PDvsAD,-0.296810016,0.184354091,0.346682086
CTCFL,PDvsAD,-0.574943354,0.412566579,0.593280968
NOGOC,PDvsAD,0.410221781,1.84e-05,0.00039448
RTL8C,PDvsAD,-0.199969418,0.461661099,0.638356072
RRBP1,PDvsAD,-0.314048646,9.29e-05,0.001226435
NACAIS4,PDvsAD,0.272222101,0.008471673,0.037043612
TBC1D10A,PDvsAD,0.134393018,0.408026926,0.590100347
OPLAH,PDvsAD,-0.247450491,0.014177199,0.054986917
TNS2,PDvsAD,-0.070669423,0.491480772,0.663248472
SIPA1L2,PDvsAD,-0.549225041,0.123546013,0.264326731
ZSWIM8,PDvsAD,-0.917295889,0.044135134,0.126328697
PPM1E,PDvsAD,0.09345656,0.518848232,0.685114167
CABLES1,PDvsAD,0.310408773,0.039400523,0.116628792
ARHGAP32,PDvsAD,0.204954794,0.02098216,0.07356112
MANBA,PDvsAD,-0.357991162,0.205290519,0.372598461
DISP2,PDvsAD,-0.017599426,0.908136903,0.949205985
ABCA3,PDvsAD,-0.348287698,0.014145105,0.054908656
CCDC132,PDvsAD,0.133801843,0.016047677,0.060340272
BID,PDvsAD,0.25524939,0.133183586,0.278979952
MYO5A,PDvsAD,0.181265117,5.9e-05,0.000909037
NUMBL,PDvsAD,0.28792663,0.001809532,0.011683988
ASAH1,PDvsAD,-0.396153375,0.000744768,0.005867596
THNSL2,PDvsAD,-0.587494777,0.00877578,0.038072487
VKORC1L1,PDvsAD,-0.132170513,0.143543967,0.293577411
GRIK2,PDvsAD,0.076626942,0.489927434,0.662166109
OGN,PDvsAD,0.33067688,0.637080056,0.773585243
TBC1D19,PDvsAD,0.056011302,0.725349348,0.833456527
ATG13,PDvsAD,0.825462788,0.120360127,0.260063201
SMPD3,PDvsAD,0.490616967,0.013726628,0.053689851
NDUFS7,PDvsAD,0.412486167,3.26e-06,0.000132661
SYT12,PDvsAD,0.609368603,2.29e-06,0.000101007
OPCML,PDvsAD,0.398839465,1.32e-07,1.59e-05
MARCHF1,PDvsAD,-0.268514459,0.419915331,0.599579333
KIAA1946,PDvsAD,0.080748612,0.25081759,0.428331337
L1CAM,PDvsAD,0.402634557,1.57e-05,0.000357689
CAMK2A,PDvsAD,0.283659573,0.08520113,0.203396685
TANGO2,PDvsAD,0.095222901,0.686932083,0.808666299
TIMM21,PDvsAD,0.11954071,0.068208934,0.17348899
NCOA1,PDvsAD,0.314280386,0.030388067,0.096164262
GNAL,PDvsAD,0.833833253,0.045683895,0.12942271
HTR1B,PDvsAD,0.155730955,0.677828053,0.802614033
CYB5R2,PDvsAD,-0.393909757,0.433744192,0.613433341
SNAP23,PDvsAD,-0.455549699,1.06e-07,1.39e-05
VAT1L,PDvsAD,-0.015488939,0.910319543,0.950214552
PSMC4,PDvsAD,-0.035150531,0.41567757,0.595729979
DKFZp686M1669,PDvsAD,0.138460567,0.391711064,0.574725685
BRAP,PDvsAD,-0.168799366,0.123842908,0.26488315
PTPRE,PDvsAD,0.023182783,0.673979445,0.800385364
CD44,PDvsAD,-1.709333265,1.56e-07,1.73e-05
TMTC3,PDvsAD,-0.089633682,0.486256773,0.659725996
SAFB,PDvsAD,-0.014836638,0.830391316,0.899278039
ERCC3,PDvsAD,-0.14743601,0.533400082,0.696071624
ADAP1,PDvsAD,0.273109525,0.237017286,0.411902715
LUC7L3,PDvsAD,-0.260013229,0.000193386,0.002140042
REEP2,PDvsAD,0.296273667,0.000969496,0.007152993
CA14,PDvsAD,-0.383964053,0.100070981,0.229751219
MSTO1,PDvsAD,0.148890193,0.287084777,0.468798125
CDIPT,PDvsAD,0.086011962,0.249647629,0.426941368
PTPN1,PDvsAD,-0.129966524,0.205962348,0.373264593
PTPN2,PDvsAD,0.181611035,0.077988509,0.190547331
BOP1,PDvsAD,-0.476591045,0.082048468,0.197448855
RFC5,PDvsAD,-0.720108997,0.001726696,0.011301145
MAP2K6,PDvsAD,-0.04755871,0.331118135,0.513083315
MEMO1,PDvsAD,-0.121160522,0.318325328,0.499937572
HEL-215,PDvsAD,0.325311606,2.8e-07,2.45e-05
PPIA,PDvsAD,-0.101624968,0.014626617,0.056171519
RPL13,PDvsAD,0.357749164,0.000122732,0.001498827
CERS2,PDvsAD,-0.507738228,0.026950057,0.088315153
UVRAG,PDvsAD,0.058706879,0.422934311,0.603006244
MRPL43,PDvsAD,-0.348287315,0.047401276,0.132719883
ATP5PB,PDvsAD,0.238540369,0.006892568,0.031438325
SUCLG1,PDvsAD,0.228186178,0.000121863,0.001493283
SNRNP27,PDvsAD,-0.066291522,0.595320888,0.742139193
RPS23,PDvsAD,-0.071894445,0.272820481,0.452640216
CHM,PDvsAD,0.161567299,0.037452212,0.112669912
KYAT1,PDvsAD,0.026728188,0.622101285,0.762486709
MPP5,PDvsAD,-0.266358144,0.011603689,0.046848636
SUGP2,PDvsAD,0.150438138,0.075831497,0.18686398
UMPS,PDvsAD,-0.238462857,0.017674428,0.064731242
C1R,PDvsAD,0.096918705,0.619939157,0.761355846
RAB30,PDvsAD,0.091064956,0.198932261,0.364379871
HTR1A,PDvsAD,0.11908086,0.438499834,0.616827154
MAP4K3,PDvsAD,0.095767546,0.174752485,0.334878359
SFRS4,PDvsAD,-0.179860582,0.029544202,0.094348861
STIP1,PDvsAD,-0.018221929,0.705779086,0.82093612
DHX38,PDvsAD,0.064453629,0.843334231,0.906741872
NT5C2,PDvsAD,-0.185981322,0.008552023,0.037304245
IL1RAP,PDvsAD,0.291581372,0.136884617,0.284651937
FAM160A2,PDvsAD,0.05299885,0.744809766,0.847022394
TFRC,PDvsAD,0.173047068,0.054266884,0.146579682
ASH2L,PDvsAD,-0.108281088,0.397041416,0.580684921
TMEM135,PDvsAD,0.153986599,0.277495982,0.458104335
NDUFB10,PDvsAD,0.357042813,4.31e-07,3.33e-05
KPNA2,PDvsAD,-0.219164489,0.527925347,0.692318509
DKFZp686B08113,PDvsAD,-0.333149331,0.040296029,0.11849932
RPS15A,PDvsAD,0.027828618,0.880875927,0.931100741
ORC4L,PDvsAD,-0.405733961,0.004943222,0.024555658
KATNA1,PDvsAD,-0.130959217,0.454128954,0.631726572
NAA35,PDvsAD,0.125389391,0.025686854,0.085539604
MANF,PDvsAD,0.093955213,0.244572568,0.42123256
SERGEF,PDvsAD,-0.343288364,0.000986033,0.007244673
SENP8,PDvsAD,0.003306813,0.966146612,0.979756905
G6PD,PDvsAD,-0.145659523,0.001976157,0.012525803
PLCD1,PDvsAD,-0.67956104,5.75e-08,1.01e-05
PFAS,PDvsAD,-0.065498805,0.222202821,0.394832002
DNAJC16,PDvsAD,0.27023427,0.029212393,0.093513459
LIPE,PDvsAD,-0.540314722,0.034320476,0.105257119
PLXNB3,PDvsAD,-0.554257049,0.003561291,0.019362335
RNMT,PDvsAD,0.165088787,0.015425907,0.058615188
MRPL18,PDvsAD,0.157065308,0.22698215,0.400167305
HBS1L,PDvsAD,0.059117181,0.303053431,0.484737231
PLP1,PDvsAD,-0.629357631,0.026991748,0.088358261
ACSL1,PDvsAD,-0.198694939,0.000502953,0.004370612
PLSCR4,PDvsAD,-0.831810328,2.25e-08,9.01e-06
OSBPL1A,PDvsAD,-0.018192094,0.762494901,0.858851522
DNAJC3,PDvsAD,0.024397794,0.625314295,0.764771001
HSPB2-C11orf52,PDvsAD,-0.185731603,0.206418308,0.373714294
RAP1A,PDvsAD,-0.132240602,0.102603088,0.23364096
SFRP1,PDvsAD,-1.135243399,0.01894749,0.068091127
PPIE,PDvsAD,-0.132793195,0.306835823,0.488938873
GRID1,PDvsAD,0.042369457,0.620282915,0.761641347
DKFZp686P12272,PDvsAD,0.047453871,0.753503851,0.852369547
RAPGEF5,PDvsAD,0.232222739,0.004065835,0.021269491
FMR1,PDvsAD,-0.002929184,0.964423134,0.978986114
LYRM9,PDvsAD,0.634400835,7.8e-05,0.001100109
RAB37,PDvsAD,0.415168275,0.000100849,0.001290754
PDPR,PDvsAD,-0.308757578,0.001146166,0.008178938
SUMO3,PDvsAD,0.021588277,0.685219582,0.807565066
C17orf100,PDvsAD,-0.312513631,0.439262895,0.617354045
EIPR1,PDvsAD,0.173450275,0.003988376,0.020925154
FAM171A2,PDvsAD,0.130666491,0.249312916,0.426673283
BICD1,PDvsAD,0.289131855,0.050755135,0.139663997
FABP1,PDvsAD,-1.594031946,0.018632516,0.067348586
SNRPG,PDvsAD,0.027358698,0.845833151,0.908342469
MAPK10,PDvsAD,0.153234164,0.001527049,0.010189301
ELAPOR2,PDvsAD,-0.011474405,0.931190378,0.960569681
ERCC2,PDvsAD,-0.24866351,0.569404671,0.724522872
MATR3,PDvsAD,0.107746137,0.033031972,0.102193107
NUDT19,PDvsAD,0.035266647,0.824608721,0.896281796
LUC7L,PDvsAD,-0.031247731,0.768531491,0.861469069
DRG2,PDvsAD,0.021870567,0.745647315,0.847438953
GLUL,PDvsAD,0.406832069,0.003475037,0.018979456
MTCH1,PDvsAD,0.0900526,0.457636355,0.634620841
TJP1,PDvsAD,-0.221011285,0.001240509,0.008680796
WASH,PDvsAD,-0.186505575,0.613930911,0.757202511
BCR/ABL,PDvsAD,-0.119605963,0.545589116,0.707230584
PAK5,PDvsAD,0.144163962,0.426478487,0.606736502
SMC3,PDvsAD,-0.287810388,0.001325836,0.009143563
MBOAT2,PDvsAD,-0.076959153,0.538416966,0.700458172
MYO1B,PDvsAD,0.145431936,0.094729873,0.220301319
MYO9B,PDvsAD,-0.268880421,0.139183001,0.287634131
AKT1,PDvsAD,0.144569656,0.081276491,0.196200864
GRB2,PDvsAD,-0.027240549,0.551439133,0.711990968
CBX6,PDvsAD,0.197717172,0.568688721,0.724164375
EWSR1,PDvsAD,-0.056256257,0.357104787,0.539293457
CPNE1,PDvsAD,0.312250394,0.012113604,0.04848812
MRPS18B,PDvsAD,0.12019596,0.429745653,0.609455931
ARCN1,PDvsAD,-0.060299817,0.046310763,0.130708453
CAMK1,PDvsAD,0.108794182,0.03849695,0.11469786
RDX,PDvsAD,-0.60111229,0.000358275,0.003377555
SCN4B,PDvsAD,0.138817215,0.630585136,0.768779471
RPS19,PDvsAD,0.027919699,0.46042107,0.637341191
TSPO,PDvsAD,-0.562006235,0.025064175,0.083971408
SNU13,PDvsAD,0.039565379,0.687248309,0.808666299
PTPRT,PDvsAD,0.223270689,0.024560564,0.08274667
HMGCL,PDvsAD,-0.049998997,0.38282446,0.566362883
PIGK,PDvsAD,0.112018133,0.04663452,0.131123149
EPHB2,PDvsAD,0.029232293,0.627469016,0.76621374
CFHR1,PDvsAD,0.117232279,0.687116313,0.808666299
NRDC,PDvsAD,0.079064097,0.313530993,0.495436826
DDAH1,PDvsAD,-0.025672388,0.545927773,0.707414605
PEA15,PDvsAD,-0.157854463,0.025279451,0.084535142
CDC37L1,PDvsAD,-0.0747453,0.325771286,0.507626651
PHYH,PDvsAD,0.094688334,0.637698965,0.774041284
ADGRL2,PDvsAD,0.129717185,0.64276066,0.777953462
COG2,PDvsAD,-0.139338297,0.310364442,0.491946106
AGBL4,PDvsAD,-0.357321622,0.054062179,0.146246428
CD55,PDvsAD,-0.065592115,0.560722654,0.718653318
GNG4,PDvsAD,0.21115035,0.063984849,0.165257816
CACNA1B,PDvsAD,-0.12528346,0.3064393,0.488752175
PFDN2,PDvsAD,0.102738784,0.041148851,0.120123249
SMPD4,PDvsAD,-0.575894332,0.016306914,0.061027905
NFXL1,PDvsAD,-0.108960963,0.351154965,0.532993809
RPS4X,PDvsAD,0.047177623,0.351324955,0.533104902
TIMM10B,PDvsAD,0.428891262,1.55e-05,0.000356269
RPL18A,PDvsAD,0.231126816,0.042531155,0.122960852
H3-3B,PDvsAD,-0.486983767,0.040414548,0.118750755
HIST1H4H,PDvsAD,-0.522714723,0.014817974,0.056694515
RPS28,PDvsAD,0.035018297,0.606364991,0.750604349
PRKCG,PDvsAD,0.16531894,0.195015704,0.359310441
DKFZp779L0468,PDvsAD,-0.32119735,0.002678023,0.015610228
HNRNPC,PDvsAD,-0.058721875,0.178024104,0.338873671
IK,PDvsAD,-0.133273854,0.359102745,0.541094531
KCNJ10,PDvsAD,-0.163441026,0.439089276,0.617230636
LYVE1,PDvsAD,0.395345515,0.130587961,0.275070283
CLDN12,PDvsAD,0.132036194,0.60636513,0.750604349
GRM7,PDvsAD,0.268512661,0.021492515,0.075034615
LSS,PDvsAD,0.006384176,0.964745759,0.979175427
CDC42EP4,PDvsAD,-0.287437311,0.022080163,0.076467316
SRSF3,PDvsAD,-0.017521771,0.736579888,0.841922634
CMPK1,PDvsAD,-0.032839335,0.541458574,0.703143441
FRZB,PDvsAD,-0.371905672,0.384507852,0.567685751
MRPL15,PDvsAD,-0.020272166,0.894900825,0.941084449
SCP2,PDvsAD,-0.205663875,0.021164995,0.074082632
PXMP3,PDvsAD,-0.070173413,0.410372645,0.591874099
SYTL4,PDvsAD,0.062796675,0.765610567,0.860474501
TANK,PDvsAD,-0.030729864,0.776005474,0.865743745
PRPF4,PDvsAD,-0.024364974,0.782831927,0.869176957
BCAS2,PDvsAD,0.061590535,0.507420642,0.676153515
MNDA,PDvsAD,-0.346993069,0.013384411,0.052752916
DDX6,PDvsAD,0.006005232,0.889596281,0.936465103
CD14,PDvsAD,-0.306907545,0.400464448,0.583223481
BIRC2,PDvsAD,-0.089943524,0.420819027,0.600466428
TXNL1,PDvsAD,0.035401071,0.353482016,0.534945537
GSTO1,PDvsAD,-0.249919822,0.038297186,0.114351041
ZC2HC1A,PDvsAD,0.20276148,0.001843731,0.011851613
NDUFB5,PDvsAD,0.489434973,6.08e-07,3.94e-05
PRKCE,PDvsAD,0.261256196,8.72e-06,0.000240533
hCG_1642166,PDvsAD,0.313175197,0.135039643,0.28185728
AGO1,PDvsAD,-0.049338237,0.381445176,0.565272458
SLC9A1,PDvsAD,0.171496171,0.053116974,0.144833355
PPP1R12A,PDvsAD,0.21978319,0.000230015,0.002447486
QTRT1,PDvsAD,-0.020231206,0.85191408,0.912916672
NCALD,PDvsAD,0.451760963,0.000123258,0.0015027
PRKACB,PDvsAD,0.129310764,0.002079408,0.013028904
PIGS,PDvsAD,0.038083505,0.457799851,0.634725198
KIAA0319L,PDvsAD,0.083034398,0.614198081,0.757402159
NAA15,PDvsAD,0.060591973,0.209343965,0.377863485
PLSCR3,PDvsAD,-0.182566063,0.3208726,0.502511781
NT5E,PDvsAD,-0.060424991,0.364416079,0.547276385
TYMP,PDvsAD,-0.480145694,0.010581014,0.043841724
BCAR1,PDvsAD,0.104270757,0.34901081,0.530859539
ADNP,PDvsAD,-0.053267061,0.773575926,0.864177885
SLC20A2,PDvsAD,-0.154214729,0.067049175,0.171545913
SYT9,PDvsAD,0.239344612,0.70761484,0.822008001
STEAP2,PDvsAD,0.222281408,0.080887675,0.195637204
TTYH2,PDvsAD,-0.450396886,0.005653749,0.026949911
LARS1,PDvsAD,0.126167934,0.016889788,0.062558313
BHMT,PDvsAD,0.268847754,0.101714987,0.232283793
GABRB3,PDvsAD,0.293655221,0.005329706,0.025920603
PRKCI,PDvsAD,0.180406358,0.091372731,0.214645347
PES1,PDvsAD,-0.052141524,0.615158493,0.7579368
NUBP1,PDvsAD,-0.36537432,0.004994849,0.02467099
DKFZp564C172,PDvsAD,-0.155694233,0.610927606,0.754792557
SNX15,PDvsAD,-0.117025007,0.403156223,0.585838932
MATK,PDvsAD,0.107965039,0.384901431,0.567810856
MVK,PDvsAD,-0.297219696,0.224862789,0.397795878
RPS27A,PDvsAD,-0.37530597,1.65e-07,1.77e-05
CNOT9,PDvsAD,-0.121565396,0.126833962,0.269517486
MERTK,PDvsAD,0.101483055,0.430280094,0.610029493
CHMP2B,PDvsAD,-0.152802175,0.048850207,0.136088125
ITIH4,PDvsAD,-0.139387108,0.501130935,0.671081464
SPECC1L-ADORA2A,PDvsAD,0.130329683,0.241761817,0.4187317
ADAM17,PDvsAD,-0.842291896,0.003250444,0.018082324
ZFR,PDvsAD,-0.056939083,0.505601452,0.6745744
KLHL42,PDvsAD,-0.491772285,0.009298464,0.039811818
AKAP6,PDvsAD,0.510126234,0.077813569,0.190340614
LRRC16A,PDvsAD,-0.647005538,0.286500198,0.468468435
MYO9A,PDvsAD,0.070079447,0.297599226,0.478593338
EIF4G1,PDvsAD,-0.003993458,0.922134034,0.956032607
TNS1,PDvsAD,-0.220530644,0.004800643,0.024046674
VWC2L,PDvsAD,0.826046663,0.027637943,0.089711067
TUBGCP6,PDvsAD,-0.058814432,0.771514654,0.863882066
KIAA1211,PDvsAD,0.168926994,0.344932768,0.526976444
DMXL1,PDvsAD,0.069575143,0.11717528,0.254923165
SIPA1L3,PDvsAD,0.09480303,0.548188421,0.709321696
PDZRN3,PDvsAD,0.557114906,0.049170523,0.136768588
TACC2,PDvsAD,0.244531301,0.143782589,0.293898313
TMEM229A,PDvsAD,0.088367335,0.787765359,0.871351104
AGAP1,PDvsAD,0.097200457,0.083658465,0.200571598
NGAL,PDvsAD,-0.777042444,0.04949606,0.137402483
SPTBN1,PDvsAD,0.062898301,0.02913777,0.093426006
DDX27,PDvsAD,0.127034943,0.181042091,0.342754337
COX20,PDvsAD,0.224493662,0.076043596,0.187130205
PMPCB,PDvsAD,0.159140735,0.017378035,0.06387338
ASMTL,PDvsAD,-0.287886387,0.691373418,0.811528883
CNOT7,PDvsAD,-0.071429089,0.672850083,0.799572219
DNAJA3,PDvsAD,0.345804612,4.61e-05,0.000757467
XRN2,PDvsAD,-0.290733562,0.140350376,0.288935391
RRP12,PDvsAD,0.074545315,0.700655339,0.818272472
SEC61A1,PDvsAD,-0.022054272,0.670598704,0.798479801
DAPK3,PDvsAD,-0.101433741,0.536768918,0.699215664
GOLM1,PDvsAD,0.075253411,0.228587765,0.401914395
SNUPN,PDvsAD,-0.0177917,0.94230256,0.967177841
ACSBG1,PDvsAD,-0.242063414,0.005387263,0.026106609
SRA1,PDvsAD,-0.108304049,0.705222112,0.82093612
BCAR3,PDvsAD,-0.225878925,0.139428038,0.287847108
TOR1A,PDvsAD,0.099697291,0.140102876,0.288591062
IPO4,PDvsAD,-0.016667683,0.962588842,0.978090344
NARS2,PDvsAD,-0.108346851,0.160200057,0.316579738
SEC61A2,PDvsAD,0.214403529,0.081989615,0.197448855
CALU,PDvsAD,0.069846902,0.253496528,0.430860238
TCP11L1,PDvsAD,0.079185731,0.224400148,0.397172801
ARHGAP12,PDvsAD,0.013020704,0.858007482,0.917307939
LDLRAP1,PDvsAD,-0.082206232,0.776375433,0.865943323
PHACTR3,PDvsAD,-0.128084514,0.195382631,0.359802167
DDX41,PDvsAD,0.164303865,0.309402672,0.491179303
EIF3H,PDvsAD,-0.017983473,0.674449695,0.800486815
EIF3F,PDvsAD,0.041774345,0.389596578,0.572730061
INPP1,PDvsAD,-0.104379183,0.08214304,0.197544261
PTGES3L-AARSD1,PDvsAD,-0.085928342,0.436768783,0.615894502
DNAJC30,PDvsAD,0.461120345,0.066382489,0.170227893
RALYL,PDvsAD,0.234107684,0.022882396,0.07852723
TANGO6,PDvsAD,0.020048571,0.903371847,0.947012249
GSDMDC1,PDvsAD,-0.853789331,0.203048165,0.369689615
SESTD1,PDvsAD,-0.183675623,0.020491433,0.072252393
LONP1,PDvsAD,0.168330015,0.00078646,0.006095911
GUCY1A1,PDvsAD,-0.025434777,0.596359946,0.743053891
UPF3A,PDvsAD,-0.733384647,0.317138181,0.498944649
CHMP7,PDvsAD,0.16976123,0.035660739,0.108322507
PPP2CA,PDvsAD,0.175317719,0.010098265,0.042304496
PRKCZ,PDvsAD,-0.123884622,0.480822382,0.654409724
LRRTM4,PDvsAD,0.239668832,0.093171658,0.217592123
GNB1,PDvsAD,0.02232399,0.91336368,0.952031808
PPP1R1B,PDvsAD,0.113523256,0.62139179,0.762092268
PDZD4,PDvsAD,-0.05145914,0.808194404,0.884696751
C14orf159,PDvsAD,-0.076159534,0.837457252,0.903529326
EIF3S6,PDvsAD,-0.048813615,0.208703779,0.376998061
LMF1,PDvsAD,-0.514277795,0.010123453,0.04238533
CCT3,PDvsAD,0.083581755,0.031185754,0.098084445
NCOA7,PDvsAD,0.191578532,7.34e-05,0.001045069
BLOC1S6,PDvsAD,-0.024111051,0.939748661,0.965658874
SLC11A2,PDvsAD,-0.010067173,0.950089965,0.970786527
IL16,PDvsAD,-0.219406001,0.119021243,0.258178469
CSTF2,PDvsAD,0.398162849,0.018866934,0.067956864
NOS1,PDvsAD,0.113803778,0.210119636,0.378699709
HTR2A,PDvsAD,0.300314785,0.1140749,0.250889048
PGM1,PDvsAD,-1.125930556,0.359124884,0.541094531
KHDRBS1,PDvsAD,-0.010125061,0.869308719,0.924307112
MGMT,PDvsAD,0.208187216,0.372117445,0.555780893
SNW1,PDvsAD,0.057530155,0.710527318,0.823662047
MRPL10,PDvsAD,-0.330942134,0.246788559,0.42346138
TMEM175,PDvsAD,-0.381814968,0.060586117,0.158991586
MIB2,PDvsAD,0.289811109,0.317298012,0.49895105
COX11,PDvsAD,1.032282634,0.003748924,0.020078935
VWA5B2,PDvsAD,0.19043289,0.502453898,0.672150063
MCFD2,PDvsAD,-0.190487991,0.218798898,0.390720079
SLC13A3,PDvsAD,-0.98875796,0.004004431,0.020978787
SLC12A4,PDvsAD,-0.812778739,0.021550637,0.075139957
CELF5,PDvsAD,0.09122123,0.723071605,0.832023811
ANKRD35,PDvsAD,0.240615847,0.201053308,0.367014482
RPS6KA3,PDvsAD,0.092662381,0.264690106,0.443389831
NUDT6,PDvsAD,0.036185175,0.91233059,0.951761267
IDS,PDvsAD,-0.189051574,0.078541306,0.191637589
CPSF7,PDvsAD,0.058897468,0.351473882,0.533140369
WDR19,PDvsAD,-0.030776757,0.804863604,0.882899189
GTF2I,PDvsAD,-0.185326993,0.00501404,0.024719664
GARNL3,PDvsAD,0.527858037,0.017855766,0.065229316
MSI2,PDvsAD,-0.11197525,0.082406991,0.197980456
PDXDC1,PDvsAD,-0.156145019,0.15611814,0.311846094
SLC25A27,PDvsAD,0.378516253,0.000551271,0.004687106
SEC11C,PDvsAD,0.199899332,0.060807883,0.15939909
PAQR4,PDvsAD,-0.153792978,0.840726901,0.905645796
IRF9,PDvsAD,0.065707025,0.880842244,0.931100741
JPH3,PDvsAD,0.111644847,0.5908057,0.73843013
EXOC7,PDvsAD,0.39356316,0.18709369,0.350916534
MTMR14,PDvsAD,-0.20459026,0.383546543,0.567081251
GANAB,PDvsAD,0.088312937,0.005243034,0.025602947
ATP5MF-PTCD1,PDvsAD,0.317314649,0.002337192,0.014174894
CALM3,PDvsAD,0.038068662,0.458541563,0.635631039
hCG_2002594,PDvsAD,0.680460825,7.78e-05,0.001099437
APBB2,PDvsAD,-0.595406421,0.066523847,0.170529591
POGLUT1,PDvsAD,-0.065437123,0.701262667,0.818594996
NINJ2,PDvsAD,-0.784746311,0.005257673,0.025657018
PRKCSH,PDvsAD,0.069199136,0.692381396,0.812007082
LYPLA1,PDvsAD,0.041357938,0.424326532,0.604596142
VAMP1,PDvsAD,0.239676432,0.077649782,0.190203058
SSH2,PDvsAD,0.308825709,0.053594772,0.145639287
ADAM11,PDvsAD,0.240321813,0.002605853,0.015301141
NTNG1,PDvsAD,0.162363201,0.433587434,0.613332235
PSD3,PDvsAD,0.308146146,0.004418405,0.022492279
MRPL3,PDvsAD,-0.126605884,0.163725847,0.321682604
SHC1,PDvsAD,0.106655321,0.561050699,0.718852454
ATP5F1C,PDvsAD,-0.346065115,0.554444577,0.714973081
CDC27,PDvsAD,0.158377286,0.077823305,0.190340614
EML3,PDvsAD,-0.409684654,0.000936485,0.006987692
GDI2,PDvsAD,-0.11077736,0.046090681,0.130216132
NSG2,PDvsAD,0.068557263,0.728251529,0.83585659
ELAPOR1,PDvsAD,0.832229885,0.016524242,0.061521156
MINDY2,PDvsAD,0.278584862,0.113259866,0.249903144
ELMOD1,PDvsAD,0.38886175,0.000149733,0.001725513
HMG20A,PDvsAD,0.148251278,0.436304215,0.615601455
TUBB,PDvsAD,1.001441456,0.188914109,0.35281522
TMEM143,PDvsAD,0.465486431,2.28e-05,0.000461069
ERI3,PDvsAD,-0.220291232,0.002431215,0.014573108
PFN2,PDvsAD,-0.154379299,0.003590943,0.019464694
APOA1BP,PDvsAD,0.003728987,0.94688205,0.969208844
RGS19,PDvsAD,0.529459464,0.265071283,0.443821635
LPAR1,PDvsAD,-1.088402484,0.007684935,0.034338157
C7orf25,PDvsAD,-0.013972904,0.918266342,0.953803581
MAN1B1,PDvsAD,0.008059761,0.963204562,0.978359751
MGRN1,PDvsAD,0.16376116,0.058991174,0.156001293
ATP9A,PDvsAD,0.121197541,0.007701559,0.034386911
ATE1,PDvsAD,-0.132945945,0.06737551,0.172099448
STK24,PDvsAD,0.177500573,0.005017833,0.02472142
RBM39,PDvsAD,0.022412604,0.826424916,0.897550116
ELMO2,PDvsAD,-0.125486834,0.054836826,0.147730821
SHISA9,PDvsAD,0.225670399,0.11133756,0.247094945
TAX1BP1,PDvsAD,0.18515217,0.004750749,0.023896601
HDAC1,PDvsAD,-0.121290516,0.286080246,0.468101731
SS18L1,PDvsAD,-0.02979914,0.921642593,0.95593009
PTBP2,PDvsAD,-0.112403265,0.055969667,0.149967009
ZC3H18,PDvsAD,-0.091512222,0.229937878,0.403794716
PLPPR4,PDvsAD,0.181572588,0.223691422,0.396389119
CDH5,PDvsAD,-0.060621859,0.765067334,0.86013275
TBRG4,PDvsAD,0.091304382,0.465561245,0.642144206
FAM91A1,PDvsAD,0.096993359,0.294482966,0.476324708
CCDC28A,PDvsAD,0.11378188,0.124729703,0.266304765
HNRNPK,PDvsAD,-0.017649461,0.841320373,0.905703452
HEXA,PDvsAD,-0.139522395,0.141182843,0.289920162
SNRPN,PDvsAD,-0.085183975,0.27226739,0.452395319
KYAT3,PDvsAD,0.317907201,0.041582783,0.120948225
PAPSS2,PDvsAD,-0.021212049,0.883951115,0.932820881
MRPL21,PDvsAD,-0.081297101,0.51605482,0.683103114
CCDC9,PDvsAD,0.109468333,0.240370474,0.416823726
ILF2,PDvsAD,-0.048282717,0.352654531,0.534359366
CSRP1,PDvsAD,-0.579991426,5.26e-06,0.000175346
BTBD8,PDvsAD,-0.000248866,0.99933201,0.99960995
TUBGCP3,PDvsAD,0.064472946,0.581112635,0.732680663
ATRN,PDvsAD,-0.433714777,0.030445015,0.096259777
EIF4G2,PDvsAD,-0.098578359,0.051590552,0.141583686
UBQLN4,PDvsAD,0.060200038,0.529341297,0.693795909
SUPT5H,PDvsAD,-0.120353467,0.402642234,0.585446854
TDRKH,PDvsAD,0.411811935,0.003614714,0.019549352
POLR1E,PDvsAD,-0.1147756,0.430866194,0.610683849
POLDIP3,PDvsAD,-0.227335091,0.058079453,0.154175931
ITGB2,PDvsAD,-0.510791989,3.84e-06,0.00014696
IBA57,PDvsAD,-0.422455176,0.532355369,0.695186032
TOM1L1,PDvsAD,0.050603613,0.826873434,0.897610296
NUDT12,PDvsAD,-0.270889563,0.037043203,0.111579463
CALCOCO2,PDvsAD,0.073864443,0.629449168,0.767784952
SEC24A,PDvsAD,0.481207304,0.014180555,0.054986917
ARFIP1,PDvsAD,-0.473781798,0.002276376,0.013923447
CTSA,PDvsAD,-0.018565943,0.863223058,0.919918025
CRADD,PDvsAD,-0.04841937,0.871926234,0.925312098
RUVBL1,PDvsAD,-0.09424833,0.01138399,0.046236613
SSB,PDvsAD,-0.083065103,0.070593981,0.177670577
MAPK8,PDvsAD,0.185997938,0.061993204,0.161622732
RFC2,PDvsAD,0.540724075,0.568679168,0.724164375
CSNK2A1,PDvsAD,0.089508444,0.061788685,0.161264881
DUSP3,PDvsAD,0.186187415,0.001976475,0.012525803
DGKB,PDvsAD,0.645208509,6.52e-05,0.000968025
CAMKMT,PDvsAD,-0.153045787,0.522227803,0.687101626
DGKB,PDvsAD,0.317107841,0.05278719,0.144317088
SYNGR1,PDvsAD,0.612124784,7.28e-05,0.001040871
VSTM2A,PDvsAD,0.038957308,0.740735873,0.845278395
CBX1,PDvsAD,-0.054428429,0.581960251,0.733209033
TSPAN9,PDvsAD,-0.232981889,0.152503093,0.306326375
FUCA1,PDvsAD,-0.439885722,0.211403112,0.380600456
LDAH,PDvsAD,-0.571100363,0.221559216,0.393889136
SEPTIN10,PDvsAD,-0.744785818,1.54e-06,7.62e-05
AIP,PDvsAD,-0.163415119,0.004465671,0.022668717
PPIP5K1,PDvsAD,0.039617902,0.614993093,0.7579368
CHRD,PDvsAD,0.032633817,0.782062116,0.869176957
NTM,PDvsAD,0.134318436,0.01773376,0.064915488
CHN2,PDvsAD,0.103873285,0.786102645,0.87075541
STMN4,PDvsAD,0.228472035,0.09390576,0.218809243
ETNPPL,PDvsAD,-0.316948839,0.169600847,0.328381937
RGS7,PDvsAD,0.500738649,3.96e-07,3.17e-05
PTPN5,PDvsAD,0.578798309,3.49e-05,0.000620526
CBS,PDvsAD,-0.085957178,0.46578951,0.64233588
CYB561,PDvsAD,-0.011233233,0.924213971,0.956941283
AFAP1L2,PDvsAD,0.003085561,0.987689227,0.992224668
ACBD5,PDvsAD,-0.206559976,0.048406565,0.135113863
DLG2,PDvsAD,0.083925556,0.462434069,0.639056342
TOM1L2,PDvsAD,0.47381203,8.94e-05,0.00119094
GCA,PDvsAD,-0.248248368,0.023790399,0.080604963
ARHGEF6,PDvsAD,0.012639783,0.875370602,0.92746218
NLGN3,PDvsAD,0.137471878,0.075371467,0.186228357
RMC1,PDvsAD,-0.003005089,0.969902476,0.982053563
GRIK1,PDvsAD,-0.182931387,0.625133757,0.7647257
SLC6A9,PDvsAD,-0.780977408,1.91e-05,0.000403048
RASA4B,PDvsAD,-0.212805565,0.389896694,0.573054132
FGD4,PDvsAD,-0.134012257,0.122403263,0.263212756
APLP1,PDvsAD,-0.003761072,0.979013061,0.987248135
STMN2,PDvsAD,0.012789496,0.866539762,0.922453827
INPP5K,PDvsAD,-0.107589318,0.097187546,0.224709102
C8B,PDvsAD,-0.285076653,0.291336748,0.472992923
ACP2,PDvsAD,-0.03010742,0.653085188,0.785335674
TMCO1,PDvsAD,-0.11799104,0.411132519,0.592469276
ANGEL2,PDvsAD,0.135236578,0.575719164,0.728947007
SMAD2,PDvsAD,0.140967386,0.199550567,0.36514048
TRIM3,PDvsAD,0.072740092,0.201462925,0.36742465
DLG4,PDvsAD,0.405251836,4.12e-05,0.000703653
NRCAM,PDvsAD,-0.518640276,0.141193343,0.289920162
DTNB,PDvsAD,0.179450272,0.064039323,0.165339141
ARHGEF7,PDvsAD,0.054524903,0.386634508,0.569656291
SCAP,PDvsAD,-0.062592945,0.67155644,0.798850509
MAN2B2,PDvsAD,-0.013506547,0.937846411,0.964255179
THBS4,PDvsAD,-0.400207102,0.094910932,0.220508507
ATP8A2,PDvsAD,0.065027643,0.36701595,0.549874136
CYFIP2,PDvsAD,0.33359946,1.52e-06,7.61e-05
AHSG,PDvsAD,-0.399656907,0.06365048,0.164749157
PDLIM5,PDvsAD,-0.21911738,0.254155281,0.431673893
CDH13,PDvsAD,0.135755081,0.134992897,0.28185728
ANO3,PDvsAD,0.310058258,0.135702062,0.282846982
DNM1,PDvsAD,0.494177592,4.37e-05,0.000728895
SUCLA2,PDvsAD,0.302281952,0.435738626,0.615165444
MTMR7,PDvsAD,0.239694384,0.218955591,0.390885128
PPP1R3G,PDvsAD,0.171567971,0.563243384,0.720193175
SH3GLB2,PDvsAD,0.311594526,0.003253524,0.01808547
EPHA5,PDvsAD,-0.070327896,0.764086565,0.859695186
EIF2AK2,PDvsAD,0.145423596,0.072863715,0.181729786
UACA,PDvsAD,0.116333674,0.540242885,0.702198603
PODXL,PDvsAD,0.036169175,0.710484008,0.823662047
USP48,PDvsAD,-0.391492888,0.15810003,0.314407939
WASHC4,PDvsAD,-0.244132308,0.000136698,0.001619884
GATD1,PDvsAD,0.011836173,0.860861689,0.918805811
RCSD1,PDvsAD,0.103151387,0.478177602,0.652414927
MME,PDvsAD,0.360915896,0.018951693,0.068091127
FNBP1,PDvsAD,-0.267384257,0.008304923,0.036514247
GEMIN5,PDvsAD,-0.390431291,0.00660766,0.030447726
RTN4RL2,PDvsAD,-0.006579382,0.940078094,0.965731686
FAM98C,PDvsAD,-0.401927118,0.041555025,0.120948225
SEZ6L,PDvsAD,0.173918794,0.07359487,0.183172283
C2CD5,PDvsAD,0.152961479,0.005635828,0.026918001
SP3,PDvsAD,-0.143142603,0.313850105,0.495832156
OPCML,PDvsAD,0.488548518,0.084210348,0.201590714
CPEB4,PDvsAD,0.051121351,0.689592786,0.810761835
LPP,PDvsAD,-0.198187729,0.1082568,0.242431869
MTR,PDvsAD,-0.465218164,0.00052823,0.004534079
MIGA1,PDvsAD,-0.012192184,0.91450243,0.952031808
KIAA1217,PDvsAD,0.110231214,0.74382682,0.846573784
PCDH9,PDvsAD,-0.097063765,0.068167384,0.173444638
LRRC75A,PDvsAD,0.609805128,8.72e-05,0.001173048
ARAP1,PDvsAD,-0.231849354,0.250817683,0.428331337
LINGO2,PDvsAD,0.245521105,0.432175856,0.611937191
COL6A3,PDvsAD,0.031693147,0.940428291,0.965943267
EIF4E2,PDvsAD,0.019329463,0.767082031,0.860829992
MZT2B,PDvsAD,0.045910424,0.682105372,0.805249293
SAMD12,PDvsAD,0.14254235,0.236786486,0.411700554
EPFP1,PDvsAD,0.15784874,0.002055661,0.012925151
PTMA,PDvsAD,-0.531470819,0.000235664,0.002494534
VAMP8,PDvsAD,-0.457277176,0.058698134,0.155340572
COQ10B,PDvsAD,0.328888932,0.000164825,0.001867239
USP39,PDvsAD,-0.035504716,0.748031294,0.849209138
ASB1,PDvsAD,0.309145062,0.003609926,0.019538146
COA5,PDvsAD,-0.572548611,0.023078283,0.079048613
RAB3GAP1,PDvsAD,0.258433056,9.1e-08,1.28e-05
TBC1D1,PDvsAD,0.040544428,0.782387864,0.869176957
SYNPO2,PDvsAD,0.035982285,0.739293128,0.844084996
TOP1,PDvsAD,0.042099282,0.530168292,0.69436568
SMARCD2,PDvsAD,-0.388716363,0.069302114,0.17526411
MPRIP,PDvsAD,0.087114787,0.339322121,0.5215265
MGA,PDvsAD,-0.514884514,0.078677202,0.191774014
ARVCF,PDvsAD,-0.228544909,0.005442414,0.026255722
HEATR5B,PDvsAD,0.300277804,0.233890014,0.408342444
MED16,PDvsAD,0.224678104,0.21930308,0.391328964
RBM12B,PDvsAD,0.159696872,0.120714978,0.260438764
APOB,PDvsAD,-0.312559126,0.168102089,0.326446633
ATG12,PDvsAD,0.26705019,0.003074861,0.017331582
WASH3P,PDvsAD,-0.165949617,0.022021984,0.076376147
SPG11,PDvsAD,-0.348523013,0.220210159,0.392363556
P2RX7,PDvsAD,0.174239691,0.612216587,0.755865759
GSTP1,PDvsAD,-2.125261563,0.085287807,0.203474359
MAP2K3,PDvsAD,0.299359227,0.526828759,0.691530293
SRGAP3:RAF1,PDvsAD,-0.006737191,0.935182127,0.962423448
MRPL2,PDvsAD,0.314559217,0.171873617,0.331266593
SSR1,PDvsAD,0.153211411,0.019610064,0.069829301
AJM1,PDvsAD,0.395797932,0.000293647,0.002925486
ACOX2,PDvsAD,-0.399312767,0.027432252,0.089164116
SRI,PDvsAD,-0.080321807,0.104475023,0.236838588
TUBA8,PDvsAD,0.278627851,0.000602701,0.0049945
ITIH5,PDvsAD,-0.027067497,0.904708721,0.947796363
MKRN2,PDvsAD,-0.22789723,0.0137748,0.053790518
C2orf49,PDvsAD,-0.024339698,0.88337275,0.932552614
SLC22A23,PDvsAD,0.067960596,0.751849212,0.851527537
RPL37A,PDvsAD,0.427803246,0.011035115,0.045254039
PDCD10,PDvsAD,0.039960057,0.441892156,0.619676358
IGF1R,PDvsAD,0.130065193,0.358465067,0.540666644
RSRC1,PDvsAD,-0.024080062,0.828793603,0.898765624
SLC1A2,PDvsAD,-0.323934741,0.229881732,0.4037947
UBE2F,PDvsAD,0.025513947,0.71102828,0.823844461
SSR3,PDvsAD,-0.043315313,0.712091236,0.824544794
CMTM5,PDvsAD,-0.526667453,0.001209044,0.008500241
SPCS1,PDvsAD,0.101573282,0.542275093,0.704076669
USF3,PDvsAD,0.283845009,0.05400434,0.146144929
DRAP1,PDvsAD,0.183003336,0.223028795,0.395901013
FAIM,PDvsAD,0.268987504,0.575288942,0.728530521
CACNA2D2,PDvsAD,0.228797936,0.001241615,0.008680796
LRRTM1,PDvsAD,-0.08190172,0.5398363,0.701796946
PCYT1A,PDvsAD,-0.161876574,0.024169748,0.081621126
APOD,PDvsAD,-0.381576284,0.031701189,0.099228308
GPS1,PDvsAD,-0.063490711,0.122790623,0.263494317
CYCS,PDvsAD,0.448746508,7.19e-07,4.47e-05
SYNJ1,PDvsAD,0.280109611,4.05e-06,0.000150832
CD163,PDvsAD,-0.107474707,0.611342809,0.755046158
GNB2,PDvsAD,-0.087262483,0.839176227,0.904705426
MRPS34,PDvsAD,-0.048176175,0.814402474,0.888382923
VPS8,PDvsAD,0.082237631,0.087857165,0.208205003
POLR2H,PDvsAD,0.115856996,0.175934112,0.33585299
FARP1,PDvsAD,-0.298113504,4.53e-06,0.000158697
RPL24,PDvsAD,0.21736871,0.002218617,0.013627231
CCDC58,PDvsAD,0.344801964,0.003387882,0.018645016
STK11IP,PDvsAD,0.213281184,0.20434987,0.371090283
MDH1,PDvsAD,0.359297986,0.027924676,0.090473459
MOG,PDvsAD,-0.617798022,0.026154324,0.086655023
AP2M1,PDvsAD,0.109344537,0.851169752,0.912574754
ADD2,PDvsAD,0.587644568,0.012084952,0.048403924
SYPL1,PDvsAD,-0.356086658,0.265798797,0.444729181
RFC4,PDvsAD,-0.135779326,0.229048448,0.402429283
RPL35A,PDvsAD,0.08469346,0.214609943,0.38495993
RAPH1,PDvsAD,-0.009417569,0.920908387,0.955444112
STAC2,PDvsAD,0.093392131,0.581599552,0.733037598
YWHAZ,PDvsAD,0.059671227,0.243310167,0.420380541
OPRD1,PDvsAD,-0.290056315,0.398323245,0.581636034
ACTA2,PDvsAD,0.124706418,0.076681224,0.188292519
HVCN1,PDvsAD,-0.785391005,0.030812973,0.097166906
ITGB5,PDvsAD,-0.297709995,0.083580694,0.200465465
SEC62,PDvsAD,0.062871604,0.339740914,0.521983993
EPHB3,PDvsAD,-0.092497531,0.411666308,0.592815967
SPCS3,PDvsAD,-0.47855358,0.027690832,0.0898422
WDSUB1,PDvsAD,0.041123463,0.752733518,0.851992477
HEL-S-297,PDvsAD,-0.08118325,0.195446182,0.359827076
CAP1,PDvsAD,-0.126543571,0.004246689,0.021912791
hCG_27868,PDvsAD,0.191410279,0.122682734,0.263459045
LRP4,PDvsAD,-0.105076446,0.468988002,0.645385633
PACSIN3,PDvsAD,-0.416053032,1.71e-05,0.000374644
SAA1,PDvsAD,1.074171454,0.241852289,0.418787557
C9orf19,PDvsAD,-0.366962733,0.069927631,0.17644777
FLJ10357,PDvsAD,-0.385147081,0.025191668,0.084324242
NCAM2,PDvsAD,-0.072341704,0.126224218,0.268539131
COL18A1,PDvsAD,0.163716408,0.350306812,0.532457798
SLC19A1,PDvsAD,-0.503244429,0.061905851,0.161500854
DOCK5,PDvsAD,-0.746518226,0.000357491,0.003374587
KIF13B,PDvsAD,-0.074604942,0.576112126,0.729187845
PROSC,PDvsAD,-0.014405996,0.840974672,0.905645796
FNTA,PDvsAD,-0.446530847,0.00012449,0.00151259
COL11A1,PDvsAD,-0.331817016,0.445692094,0.622981585
MYO1C,PDvsAD,-0.230267296,0.436709254,0.615894502
PPP1R9B,PDvsAD,0.290036655,0.000576403,0.004816147
COL1A1,PDvsAD,0.210794299,0.721979655,0.831710387
RNPS1,PDvsAD,-0.462941209,0.163949121,0.321945408
GLYR1,PDvsAD,-0.255294824,0.001576377,0.010469878
AFG3L2,PDvsAD,0.312139446,2.98e-07,2.58e-05
KIAA1609,PDvsAD,0.257111804,0.005865271,0.027725876
WNK1,PDvsAD,-0.181523226,0.014218834,0.055105644
IFI16,PDvsAD,-0.307897605,0.046592287,0.131066999
MINDY1,PDvsAD,-0.067643382,0.779341111,0.867770993
ARHGEF2,PDvsAD,0.206187235,0.000230818,0.002452402
NES,PDvsAD,-0.319135171,0.005467046,0.026356877
INPP4A,PDvsAD,0.021768126,0.689820586,0.81089712
MAEA,PDvsAD,-0.35667293,0.006339057,0.029379405
UBL7,PDvsAD,0.900926184,0.037654892,0.113136871
EEF1D,PDvsAD,0.065659518,0.120352113,0.260063201
CPSF1,PDvsAD,-0.099788895,0.283011269,0.464665615
VBP1,PDvsAD,0.145349051,0.001433825,0.009720137
MPP3,PDvsAD,0.14742067,0.122937872,0.263652986
HBG1,PDvsAD,0.180919554,0.671828959,0.7990188
IRAK1,PDvsAD,-0.19977998,0.570772137,0.725542483
ANKRD54,PDvsAD,-0.364663917,0.173515535,0.333359306
ACADS,PDvsAD,-0.005229125,0.967624479,0.980713383
GSTCD,PDvsAD,-0.429944401,0.088105085,0.208305747
MFSD10,PDvsAD,0.480339246,0.137771161,0.285669633
PCDH1,PDvsAD,0.460819177,0.018575639,0.067210548
TMEM165,PDvsAD,-0.576347764,0.049723285,0.13787657
RELL1,PDvsAD,-0.516362246,0.000332025,0.003205709
ZNF330,PDvsAD,-0.516987167,0.138078256,0.28622389
CTNND2,PDvsAD,0.319313969,0.004554522,0.023054666
HSD17B11,PDvsAD,-0.179379485,0.313389841,0.495332522
JCHAIN,PDvsAD,0.013215547,0.979479775,0.987457488
POLR1C,PDvsAD,-0.04783573,0.617188603,0.759657361
PAIP1,PDvsAD,-0.114375718,0.201925007,0.368080734
CDC42SE2,PDvsAD,-0.273310381,0.348863898,0.530748312
SEPTIN11,PDvsAD,0.234966121,4.32e-05,0.000721963
STX18,PDvsAD,0.085136869,0.362999259,0.545485232
COL12A1,PDvsAD,0.039838272,0.925451336,0.957457786
CPLX1,PDvsAD,0.582730923,2.66e-05,0.000508941
COMMD10,PDvsAD,-0.008029708,0.868667069,0.923898008
INPP4B,PDvsAD,0.21982133,0.004172641,0.021592668
SNX14,PDvsAD,-0.01615723,0.915173891,0.952092733
SLC12A9,PDvsAD,-0.339237041,0.024492229,0.082555109
CIRBP,PDvsAD,-0.066065406,0.754422031,0.852572268
hCG_22253,PDvsAD,0.058980796,0.552905056,0.713312598
RyR,PDvsAD,0.204872313,0.189221302,0.353065842
PEBP1,PDvsAD,-0.099189024,0.03899324,0.115661185
HBB,PDvsAD,-0.322042358,0.164396165,0.322207525
HBG1,PDvsAD,-0.308546992,0.70538638,0.82093612
HBG2,PDvsAD,-0.069677416,0.903548424,0.947012249
TPM1,PDvsAD,0.112762308,0.047220321,0.132316232
COL6A3,PDvsAD,0.046367015,0.908429584,0.949205985
ROCK1,PDvsAD,-0.290863866,0.006114487,0.028577978
VTN,PDvsAD,-0.376468566,0.171192839,0.33066329
PRIC295,PDvsAD,-0.159179949,0.037793432,0.113364535
CLASP2,PDvsAD,0.209148537,0.211727665,0.380834483
GLS2,PDvsAD,0.243456113,0.00926996,0.039713415
GFM1,PDvsAD,0.072687688,0.268447183,0.448014058
NDUFV1,PDvsAD,0.394633602,1.42e-05,0.000335449
LRPPRC,PDvsAD,0.285779701,0.001018434,0.007407073
NDUFS1,PDvsAD,0.439035504,5.93e-07,3.94e-05
SPAST,PDvsAD,-0.040258892,0.580047961,0.732108261
SUCLA2,PDvsAD,0.348878995,1.2e-06,6.58e-05
TSFM,PDvsAD,0.099438022,0.350357675,0.532457798
DGUOK,PDvsAD,0.23258314,0.02865535,0.092222789
TFAM,PDvsAD,0.272944709,2.18e-05,0.000449739
UNG,PDvsAD,-0.555314199,0.05635713,0.150628125
CHCHD7,PDvsAD,0.184372779,0.277550214,0.458104335
NPM2,PDvsAD,0.13573609,0.639343299,0.775513718
RELL2,PDvsAD,0.464641278,0.06706341,0.171545913
EPHX2,PDvsAD,0.30127775,0.109831508,0.244890898
TATDN1,PDvsAD,-0.016458496,0.80208299,0.881225439
RWDD1,PDvsAD,-0.175055731,0.053651554,0.145640882
VXN,PDvsAD,0.486297298,0.515453321,0.682860922
DUSP26,PDvsAD,-0.019890429,0.950677106,0.970786527
ERLIN2,PDvsAD,-0.436188501,8.73e-06,0.000240533
ZMAT4,PDvsAD,0.586664042,0.019417537,0.06939166
ATOX1,PDvsAD,-0.103496445,0.364791332,0.547666334
TBCA,PDvsAD,-0.061124617,0.329629892,0.511659001
PIP4P2,PDvsAD,0.060095928,0.771885171,0.863882066
PSD3,PDvsAD,0.379229407,0.000164696,0.001867239
MRPL13,PDvsAD,-0.028174167,0.890945156,0.937610608
FABP5,PDvsAD,-0.2837561,0.008605494,0.037417924
PPP1R2,PDvsAD,0.080040111,0.472517347,0.648600437
ADGRL3,PDvsAD,0.147483714,0.029767999,0.094785842
PRRC2C,PDvsAD,-0.032807108,0.587505945,0.737123716
NDUFV2,PDvsAD,0.452529877,1.21e-06,6.58e-05
SNCA,PDvsAD,0.236108872,0.045020353,0.127937587
NAA50,PDvsAD,-0.13028211,0.070504591,0.177507709
EZR,PDvsAD,-0.243420783,0.000373785,0.003487201
ACIN1,PDvsAD,-0.106907323,0.062622982,0.162851449
HMGB3,PDvsAD,0.106078609,0.598263482,0.744903795
ERMP1,PDvsAD,-0.165885078,0.078596041,0.191706111
PTK2,PDvsAD,0.046330271,0.343232989,0.525516154
WDR17,PDvsAD,0.10836823,0.226662983,0.399996771
MRPL22,PDvsAD,-0.039151051,0.829925256,0.899271293
ITGA2,PDvsAD,-0.430298601,0.073111974,0.182033378
MTA1,PDvsAD,0.073353598,0.284449999,0.465964209
KCNQ3,PDvsAD,-0.066069655,0.786169546,0.87075541
SLCO2A1,PDvsAD,0.01503187,0.964232964,0.978978532
ENPP2,PDvsAD,-1.083623118,0.046394571,0.130766515
AGAP1,PDvsAD,-0.025896367,0.859434839,0.918151611
MAP2,PDvsAD,0.061399676,0.807752039,0.884481719
GABRB2,PDvsAD,0.372346316,2.21e-05,0.000453213
CYFIP2,PDvsAD,0.131339921,0.005078087,0.024966972
PIEZO2,PDvsAD,-0.107116073,0.403951569,0.586587361
PRPF31,PDvsAD,-0.004810354,0.972672715,0.9831977
DGKI,PDvsAD,0.11955869,0.367763587,0.550764831
VPS35L,PDvsAD,-0.210399716,0.000304785,0.00301972
PCCB,PDvsAD,0.099865608,0.023067836,0.079048613
SERPINA1,PDvsAD,0.077150011,0.683212102,0.806026677
SERPING1,PDvsAD,-0.000826996,0.993984549,0.99592295
RACK1,PDvsAD,-0.043194386,0.352394475,0.534086275
HADHA,PDvsAD,-0.314613207,5.43e-05,0.000854805
SMPD1,PDvsAD,-0.386626487,0.036530734,0.110498557
NACA,PDvsAD,0.080319983,0.276799793,0.457285464
ARHGEF10,PDvsAD,-0.75844198,0.004708628,0.023734523
ALYREF,PDvsAD,-0.138744099,0.088365771,0.208607829
MAPK8IP1,PDvsAD,-0.164594706,0.198115558,0.363346561
LIMK1,PDvsAD,-0.032244525,0.842564488,0.906209392
MARK2,PDvsAD,0.140702037,0.005614531,0.026885419
TMCC1,PDvsAD,0.185150663,0.141946285,0.291137618
OGDH,PDvsAD,0.303149385,5.84e-07,3.93e-05
GOSR1,PDvsAD,0.000295816,0.998480421,0.999088475
NNT,PDvsAD,0.644026365,0.10849529,0.242814754
SNAP91,PDvsAD,0.281140964,0.000319106,0.003127147
PIKFYVE,PDvsAD,0.075930709,0.789116087,0.871545158
MRPS17,PDvsAD,0.054074117,0.797152504,0.877550959
ATP11A,PDvsAD,-0.401167018,0.035275562,0.107424689
NRP1,PDvsAD,0.097545727,0.761619777,0.858000165
HBD,PDvsAD,-0.241268688,0.608822578,0.752967813
CUL9,PDvsAD,0.061844237,0.635769599,0.772359062
ABI2,PDvsAD,0.278219481,0.167215739,0.325597116
CAMK2D,PDvsAD,0.28287157,0.002620811,0.015363893
STXBP5L,PDvsAD,0.349143771,0.038266213,0.114351041
PCBP3,PDvsAD,0.082049928,0.498763458,0.66932625
CEP97,PDvsAD,0.00672364,0.941389122,0.966378187
PPIG,PDvsAD,0.080843122,0.715889399,0.827315118
PTPRK,PDvsAD,0.111663671,0.175531809,0.335352005
MAP1A,PDvsAD,0.132031473,0.036303294,0.109856792
RPS6KA1,PDvsAD,-0.383694433,0.050561929,0.139398988
ABCG1,PDvsAD,-0.368770253,0.303333023,0.485076575
MSH2,PDvsAD,-0.066225849,0.657202901,0.789130587
MROH1,PDvsAD,0.051919453,0.370570016,0.554166156
MTCH2,PDvsAD,0.164509773,0.270242436,0.450174581
TP53I11,PDvsAD,0.457483981,0.157183249,0.313277671
NXF1,PDvsAD,0.068036809,0.604513739,0.750198011
SOGA3,PDvsAD,0.252223661,6.9e-06,0.000206393
CNIH2,PDvsAD,0.437663373,0.000748141,0.005876855
ZNF7,PDvsAD,0.049618067,0.81270172,0.887604535
SCYL1,PDvsAD,0.119951009,0.023117496,0.079145238
RAB3IL1,PDvsAD,0.264067472,0.346849267,0.528801775
PLEKHA7,PDvsAD,-0.268151894,0.05696015,0.151914853
UBTF,PDvsAD,-0.213938903,0.032175989,0.100301536
CCDC90B,PDvsAD,-0.324574381,0.059705981,0.157365591
MOCS2,PDvsAD,-0.026315732,0.853282527,0.913750367
TTC9C,PDvsAD,0.196130284,0.253367744,0.430860238
RPL8,PDvsAD,0.113287737,0.13340692,0.279277058
NEDD8-MDP1,PDvsAD,0.11784121,0.013502176,0.05301373
NPEPPS,PDvsAD,-0.046074154,0.219000009,0.390885128
L27a,PDvsAD,0.269783492,0.015890969,0.059882059
MDK,PDvsAD,-2.606401053,4.74e-11,1.01e-07
RNF141,PDvsAD,-0.116068549,0.205335785,0.372598461
LAMTOR5,PDvsAD,0.006470138,0.946303287,0.968946508
CLNS1A,PDvsAD,-0.089092457,0.434252804,0.613742695
ATP5MG,PDvsAD,0.247133008,0.009655226,0.040925647
TPD52L1,PDvsAD,-0.159827122,0.05849046,0.154962018
ILDR2,PDvsAD,0.212814177,0.13032869,0.274752129
GRINL1A,PDvsAD,-0.018535221,0.883545957,0.932552614
TATDN3,PDvsAD,-0.091025571,0.37316979,0.556890103
TUB,PDvsAD,0.082491953,0.469575116,0.645804365
KMT2A,PDvsAD,0.052525594,0.912288732,0.951761267
FAU,PDvsAD,0.460147438,0.09004478,0.21207993
NR2F1,PDvsAD,0.073523301,0.741526971,0.845607114
RABGAP1L,PDvsAD,-0.072055834,0.549168743,0.709951612
BLOC1S2,PDvsAD,0.111629031,0.478739079,0.652933294
CRABP1,PDvsAD,0.259951854,0.508442951,0.677014096
NR2C2,PDvsAD,1.147437133,0.003718331,0.019944782
RPS6KA2,PDvsAD,-0.238981826,4.95e-05,0.0007947
XPO4,PDvsAD,-0.310595811,6.85e-05,0.000998759
BPTF,PDvsAD,0.227148757,0.146698959,0.298282152
DAD1,PDvsAD,0.013943056,0.932141993,0.961137809
REXO2,PDvsAD,-0.029554042,0.666627156,0.795467105
SDHAF2,PDvsAD,0.438862497,0.012597452,0.050173573
ARL6IP4,PDvsAD,-0.583801018,0.351376385,0.533104902
WASHC3,PDvsAD,-0.277986015,0.010952604,0.045069838
RAP1B,PDvsAD,-0.159364168,0.478342631,0.652516318
ANAPC5,PDvsAD,0.01767681,0.955246727,0.973104334
GNB3,PDvsAD,0.022201778,0.944168457,0.968125975
SESN3,PDvsAD,-0.173899659,0.472025156,0.648201021
FEN1,PDvsAD,-0.286667538,0.142224425,0.291458771
TSG101,PDvsAD,0.025428365,0.652099418,0.784817012
FZD10,PDvsAD,0.011193533,0.905453704,0.948309768
AP3S1,PDvsAD,0.377138185,0.000463873,0.004122669
GRIP1,PDvsAD,0.393960689,0.021499561,0.075034615
MAP3K4,PDvsAD,0.037528797,0.760483625,0.857434838
HEATR5A,PDvsAD,-0.251127704,0.318739443,0.500151137
MRPL48,PDvsAD,-0.044382377,0.79763426,0.877678328
RPS6KC1,PDvsAD,-0.109419546,0.279708894,0.460610365
DDX19A,PDvsAD,-0.162758082,0.0210818,0.073827355
DST,PDvsAD,-0.099435448,0.048754367,0.135873755
AP1S2,PDvsAD,0.232214711,0.003511909,0.019137245
SLC25A14,PDvsAD,0.59387176,3.6e-06,0.000141148
PPP3R1,PDvsAD,0.341999651,1.36e-07,1.59e-05
HYI,PDvsAD,-0.04148633,0.722468159,0.831951409
CAD,PDvsAD,-0.100405572,0.107010162,0.240688062
METAP2,PDvsAD,-0.056173291,0.380295732,0.564130171
AGAP2,PDvsAD,0.27164125,0.000114319,0.001430086
PACS2,PDvsAD,-0.193367523,0.053662967,0.145640882
ARFGAP1,PDvsAD,0.318405497,4.54e-06,0.000158697
SMARCC2,PDvsAD,-0.113182792,0.02345553,0.079846488
AAAS,PDvsAD,0.119593282,0.385809975,0.568790972
UNC13A,PDvsAD,0.320801356,0.000146087,0.001705328
ATP5F1B,PDvsAD,0.010826845,0.965894409,0.97967027
CHPT1,PDvsAD,-0.059667054,0.777501502,0.866930446
MYL6,PDvsAD,-0.008506338,0.887943011,0.935612952
NAP1L1,PDvsAD,0.131201157,0.400610882,0.583318639
EML1,PDvsAD,-0.247984622,0.004368055,0.022314927
GOLIM4,PDvsAD,-0.201288735,0.340888148,0.523039345
CTSD,PDvsAD,-0.880793502,0.059223495,0.156385682
FAM162A,PDvsAD,0.150094417,0.073037685,0.182003949
VEZT,PDvsAD,0.338199963,0.147377347,0.298983382
TIA1,PDvsAD,0.163824226,0.079243478,0.192567006
TOMM5,PDvsAD,0.303587716,0.000219916,0.002360983
WNK2,PDvsAD,0.184011995,9.22e-05,0.001223145
FGFR3,PDvsAD,0.035005211,0.742483592,0.846080389
MAP4,PDvsAD,0.200491286,0.075474377,0.186228357
SDHAF3,PDvsAD,0.253428164,0.016800429,0.062323612
GRK6,PDvsAD,0.037115268,0.850232476,0.911932967
CCDC93,PDvsAD,-0.062412202,0.209445532,0.377863485
CACNA1E,PDvsAD,0.210218993,0.008456801,0.037001075
CLASP1,PDvsAD,0.18890947,0.00032233,0.003150173
MTMR1,PDvsAD,0.132857413,0.003020408,0.017120407
SLC25A26,PDvsAD,0.220563098,0.079512519,0.193090328
EIF2A,PDvsAD,-0.046442048,0.474151191,0.650195463
CTTNBP2,PDvsAD,0.016240769,0.872330665,0.925525048
VAMP2,PDvsAD,0.056176711,0.642211238,0.777517567
ARPC4-TTLL3,PDvsAD,0.182197203,0.000136405,0.001619884
C3orf33,PDvsAD,-0.184289391,0.344764201,0.526851263
STUM,PDvsAD,-0.086950159,0.410722728,0.592168487
TRMT61B,PDvsAD,-0.110197995,0.57412829,0.7273168
STIM1,PDvsAD,0.149707505,0.010257927,0.042873487
HLA-B,PDvsAD,-0.251007885,0.835643911,0.902385025
PDS5A,PDvsAD,-0.338465817,0.016418417,0.061191954
ATP6V1H,PDvsAD,0.126243882,0.605243179,0.750198011
KBTBD3,PDvsAD,0.080493965,0.718255022,0.829012897
DPP3,PDvsAD,-0.158261593,0.028356535,0.091383762
NUP160,PDvsAD,-0.187357705,0.245060577,0.421300365
ZNRD2,PDvsAD,-0.051372063,0.729452297,0.83683419
HBA2,PDvsAD,0.000591328,0.998532886,0.999088475
BORCS5,PDvsAD,0.01457673,0.819834583,0.892683947
DENND5B,PDvsAD,0.166860844,0.266718575,0.445911137
ZC3H14,PDvsAD,-0.158367215,0.156349617,0.312048501
ACYP1,PDvsAD,0.147044225,0.032378418,0.100690862
RNASE1,PDvsAD,-0.701871705,0.019766763,0.070352463
VIPAS39,PDvsAD,0.141748705,0.132404108,0.277824607
DDX24,PDvsAD,-0.289892739,0.030846494,0.097229988
ZFYVE1,PDvsAD,0.161032634,0.001952433,0.012417199
BCAS1,PDvsAD,-0.17215281,0.665392411,0.79464845
CLCN4,PDvsAD,0.011869139,0.902223838,0.946433727
SEPTIN5,PDvsAD,0.417138598,1.16e-05,0.000300201
LAMB1,PDvsAD,0.366402384,0.116039179,0.253621942
SLC29A2,PDvsAD,-0.338380617,0.577426379,0.730325239
USP11,PDvsAD,0.086998933,0.217026045,0.38842208
DMWD,PDvsAD,0.123111642,0.193958929,0.358417746
SOS1,PDvsAD,-0.102802823,0.09727863,0.224847424
KIAA0921,PDvsAD,0.060731079,0.399157928,0.582145777
ARFGAP2,PDvsAD,0.075083048,0.169348606,0.327981831
KLC1,PDvsAD,0.32186282,0.040343196,0.118589541
MRPS22,PDvsAD,0.013996859,0.918106228,0.953774999
CPSF3,PDvsAD,0.381179395,0.194513348,0.358902108
CLPTM1L,PDvsAD,0.037580077,0.878393409,0.929432744
CELF1,PDvsAD,0.05181322,0.459244054,0.636138216
SRGAP1,PDvsAD,-0.159082418,0.391023235,0.574240532
RAB15,PDvsAD,0.496100054,1.7e-05,0.000373348
HNRNPH1,PDvsAD,0.04854242,0.276764886,0.457285464
ERC1,PDvsAD,0.058006035,0.318201448,0.499852154
USE1,PDvsAD,0.029452081,0.715067116,0.82679276
BLOC1S1,PDvsAD,-0.164826151,0.011546988,0.046713997
CNK3/IPCEF1,PDvsAD,0.507645248,0.000147747,0.001716871
COX7A2,PDvsAD,0.40437246,1.32e-05,0.000322921
DOP1A,PDvsAD,-0.014442097,0.939086199,0.965116021
HDDC2,PDvsAD,-0.038436821,0.824634078,0.896281796
NCOA7,PDvsAD,-0.449275471,0.521221861,0.686405867
ZNFX1,PDvsAD,-0.313968895,0.049285147,0.136981478
NELFCD,PDvsAD,-0.447501743,0.114664155,0.251461002
APBA2BP,PDvsAD,-0.142502339,0.224533192,0.397310516
ACSS2,PDvsAD,-0.09998344,0.291204787,0.472936562
KLHL29,PDvsAD,-0.391783561,0.088681972,0.209212667
MPRIP,PDvsAD,0.191136753,0.005983953,0.028095676
KCNMA1,PDvsAD,0.204054595,0.002562253,0.015119186
RARS2,PDvsAD,0.010779201,0.945184829,0.968402375
IMPDH2,PDvsAD,-0.211538406,0.035274072,0.107424689
RABL6,PDvsAD,0.247138809,0.000503109,0.004370612
BCAS1,PDvsAD,-0.669192347,0.010011231,0.042062375
RPL36A,PDvsAD,0.70453204,0.017002806,0.062868918
UFM1,PDvsAD,0.048772806,0.645120618,0.779629133
GOLGA4,PDvsAD,-0.046064227,0.456163061,0.633707878
ANK2,PDvsAD,-0.46315641,0.010657994,0.044093651
RAPGEF2,PDvsAD,-0.055478819,0.652819575,0.785239332
CAMK2D,PDvsAD,0.598231784,0.064898711,0.167377708
ANK3,PDvsAD,0.396903846,8.67e-05,0.001172958
PCBD2,PDvsAD,-0.116580527,0.39591222,0.579527187
PCDH7,PDvsAD,0.164567749,0.206403139,0.373714294
RRM2B,PDvsAD,-0.133476136,0.076652224,0.188292519
MTO1,PDvsAD,-0.022398188,0.924977519,0.957318052
ASAP1,PDvsAD,-0.005286803,0.971871057,0.982939892
SYT13,PDvsAD,0.258675704,0.104706603,0.237214046
RUFY2,PDvsAD,-0.188364301,0.008508346,0.037157668
HOOK3,PDvsAD,0.30640138,0.024113819,0.081470504
PLEC,PDvsAD,-0.49737804,0.120693384,0.260438764
PICALM,PDvsAD,0.096853482,0.47786536,0.652414927
PICALM,PDvsAD,1.330054367,0.001476053,0.009922664
DNAJB5,PDvsAD,0.060315258,0.698971224,0.817512198
CADPS,PDvsAD,0.319388731,0.016421889,0.061191954
ATXN2,PDvsAD,0.014700205,0.800903397,0.880332845
YARS2,PDvsAD,0.349819829,4.3e-05,0.000720549
IRAG1,PDvsAD,-0.283581198,0.004598626,0.023228876
RNF31,PDvsAD,-0.060461281,0.642151933,0.777517567
SHF,PDvsAD,0.672367288,0.087369157,0.207476509
CDC42BPB,PDvsAD,0.350474106,0.060279222,0.158319715
ANKRD17,PDvsAD,0.006287982,0.935316765,0.962423448
ALDH1A2,PDvsAD,0.251841962,0.622422004,0.762705533
TLN2,PDvsAD,0.289698819,0.172818197,0.33246357
ANP32A,PDvsAD,-0.259521708,0.000163716,0.001866255
EMC9,PDvsAD,0.753031515,0.223736942,0.396389119
TYRO3,PDvsAD,-0.0066719,0.947794983,0.969357217
GCHFR,PDvsAD,0.093382608,0.447563598,0.624990285
TMEM63B,PDvsAD,-0.043200794,0.676927441,0.802489451
WWC1,PDvsAD,-0.086828454,0.521329029,0.686421326
SPNS1,PDvsAD,0.574833474,0.36601668,0.548491245
PHLPPL,PDvsAD,0.223958286,0.444351622,0.62184472
ITGAX,PDvsAD,-0.835533513,0.000317987,0.003120436
TBC1D24,PDvsAD,0.093103744,0.107064427,0.240688062
RAB40C,PDvsAD,-0.21220479,0.082308188,0.197809154
COQ7,PDvsAD,0.111295212,0.297739208,0.478657273
TK2,PDvsAD,0.002856527,0.975413445,0.984885629
TUBGCP4,PDvsAD,0.318873935,0.189847675,0.353879234
MACF1,PDvsAD,-0.008100515,0.786420689,0.870801111
TERF2,PDvsAD,-0.16156236,0.168198609,0.326545909
GFER,PDvsAD,0.245748744,0.143774993,0.293898313
ZFYVE19,PDvsAD,0.197749689,0.489747574,0.662047416
UBFD1,PDvsAD,0.104818345,0.127482846,0.270620373
ABAT,PDvsAD,0.207889165,0.004205885,0.021733429
TMEM178B,PDvsAD,0.100517322,0.521935289,0.686968076
CTU2,PDvsAD,-0.209173111,0.156283772,0.312003656
PML,PDvsAD,-0.11776044,0.139238433,0.287634131
TMEM231,PDvsAD,0.051619252,0.870196236,0.924505555
STX16-NPEPL1,PDvsAD,0.047035456,0.38402241,0.567434922
NOL3,PDvsAD,-0.001354663,0.987026407,0.991991189
DKFZp686M0619,PDvsAD,0.248047202,0.022054176,0.076450935
KRT1,PDvsAD,-0.84974062,0.00833587,0.036607254
KRT1,PDvsAD,-0.908322278,0.224234981,0.397035679
ESYT2,PDvsAD,0.198593278,8.5e-05,0.001160177
CSMD3,PDvsAD,-0.01868367,0.917858762,0.953694807
KALRN,PDvsAD,0.260151824,0.002981636,0.016980922
MBP,PDvsAD,-1.789721661,0.000210791,0.002297307
NCAM1,PDvsAD,0.758121694,0.000129149,0.00155346
TSC22D4,PDvsAD,-0.246182719,0.203736546,0.370397721
PDIA3,PDvsAD,0.121160433,0.17864675,0.339768926
RTN4R,PDvsAD,0.275777748,0.009796303,0.04137687
MFSD6,PDvsAD,0.29296941,0.008222422,0.036240122
ACTN4,PDvsAD,0.440166956,0.001834983,0.011816502
AATK,PDvsAD,0.018919582,0.919916285,0.954690209
APOO,PDvsAD,0.377227001,4.9e-07,3.53e-05
PRMT1,PDvsAD,0.010904136,0.783441775,0.869176957
NAGK,PDvsAD,-0.284174643,4.98e-06,0.00016992
ACAP2,PDvsAD,0.256237182,0.646368861,0.780679766
ERC2,PDvsAD,-0.136138975,0.634627242,0.772006385
CADPS,PDvsAD,0.211656153,0.030432079,0.096259777
BRAF,PDvsAD,0.637481147,0.025358693,0.084721357
NDFIP2,PDvsAD,0.282906414,0.153019888,0.307107158
COPRS,PDvsAD,-0.271157734,0.050460497,0.139172681
SHANK1,PDvsAD,0.136508051,0.192738555,0.356913343
GABBR2,PDvsAD,0.324752879,0.000900129,0.006793941
RGS20,PDvsAD,0.123528632,0.397681385,0.581052651
TXN,PDvsAD,0.071051458,0.113400995,0.249986547
KRAS,PDvsAD,0.277472546,3.93e-08,9.01e-06
SEC22B,PDvsAD,0.263541036,0.017431953,0.063973489
NSF,PDvsAD,0.217554238,0.000483941,0.004250289
SPAG7,PDvsAD,-0.032467932,0.836405364,0.902665234
CLUH,PDvsAD,0.241684317,0.317012861,0.498856597
CIC,PDvsAD,-0.048101288,0.870505906,0.924524149
EPN2,PDvsAD,-0.010301736,0.964279564,0.978978532
ATPAF1,PDvsAD,0.207396429,0.00130802,0.009041556
ACTG1,PDvsAD,1.053904862,0.016166571,0.060657615
ND5,PDvsAD,0.553825807,0.015421689,0.058615188
MIF,PDvsAD,-0.046814141,0.475402293,0.650980864
C6orf57,PDvsAD,0.368200912,0.005178712,0.025360285
WWC3,PDvsAD,-0.420282891,0.294163778,0.47602251
ASPHD1,PDvsAD,0.506495058,0.527366005,0.691963458
ZNF428,PDvsAD,-0.147895109,0.231645554,0.405697357
FAM98A,PDvsAD,-0.19567729,0.044058539,0.126209905
EPN3,PDvsAD,-0.483259773,0.00562222,0.026885419
PSMD9,PDvsAD,-0.181271966,0.015683335,0.059228159
AKAP7,PDvsAD,0.071259464,0.646131846,0.780588909
TPM3,PDvsAD,-0.535022843,0.170231829,0.329514948
GTF2A1,PDvsAD,-0.117330471,0.347606542,0.529438323
CCS,PDvsAD,0.029877539,0.655802346,0.787773259
RGMB,PDvsAD,0.202915384,0.17214621,0.331614272
CYB5B,PDvsAD,0.096050767,0.081371079,0.196279435
SEC16A,PDvsAD,0.295097682,0.016713112,0.062063716
PARVA,PDvsAD,-0.340740004,0.000124199,0.001511608
AGTPBP1,PDvsAD,-0.141513866,0.128222713,0.271826105
ITGA7,PDvsAD,-0.488264915,1.73e-05,0.00037751
PHACTR2,PDvsAD,-0.016715495,0.923416144,0.956423243
ARL13A,PDvsAD,-0.214651804,0.728179141,0.83585659
SIK3,PDvsAD,-0.032641761,0.588210618,0.737478308
HECTD4,PDvsAD,-0.041070752,0.37208531,0.555780893
APBB1,PDvsAD,0.182650035,0.010980274,0.045098569
DNAJB12,PDvsAD,0.231142773,1.74e-05,0.000377929
OLA1,PDvsAD,0.05038391,0.283205261,0.464771947
SYT1,PDvsAD,0.963215808,0.001595305,0.010573588
SLC25A36,PDvsAD,0.080473799,0.225645316,0.398787902
MTUS2,PDvsAD,-0.004385963,0.97624359,0.985145923
CEP170B,PDvsAD,0.320090834,9.93e-06,0.00026464
CCDC12,PDvsAD,-0.972851627,0.040578596,0.118989744
OTUB1,PDvsAD,0.165564482,0.001846238,0.011857133
TBCD,PDvsAD,-0.108570888,0.090703745,0.213492159
SMG1,PDvsAD,-0.026974837,0.772693973,0.8640381
CDH8,PDvsAD,0.329215741,0.007632766,0.034143337
SLC39A11,PDvsAD,-0.595541555,0.148599552,0.30092246
MRPL58,PDvsAD,-0.020184368,0.871265095,0.924883387
MSL1,PDvsAD,-0.14712531,0.297109157,0.478593338
SRSF1,PDvsAD,0.001859386,0.979681116,0.987506484
CHERP,PDvsAD,-0.209077781,0.002663566,0.015551158
SCO1,PDvsAD,0.355936934,0.000931011,0.006967519
SCRN2,PDvsAD,-0.174664446,0.211508871,0.3806313
FLOT2,PDvsAD,0.309010204,0.480322647,0.654033521
SNRPD1,PDvsAD,-0.002952961,0.978970045,0.987248135
STARD3,PDvsAD,0.058811761,0.819452786,0.892403314
ALDH3A2,PDvsAD,-0.114723092,0.082031086,0.197448855
ZNF207,PDvsAD,-0.205666811,0.175071478,0.335095567
CHCHD6,PDvsAD,0.256929149,0.000580146,0.004835448
C17orf75,PDvsAD,0.082706522,0.188035963,0.351675163
EIF3A,PDvsAD,-0.021612554,0.499542899,0.669625805
CUL4B,PDvsAD,0.106004464,0.011031249,0.045254039
CLUH,PDvsAD,0.002887949,0.960480001,0.976523118
KATNAL2,PDvsAD,-0.061254254,0.128395245,0.272031516
NUDT16L1,PDvsAD,-0.204239489,0.039433062,0.116677093
ACTN4,PDvsAD,0.307453635,0.002875101,0.016531256
SYT5,PDvsAD,0.120096669,0.602054101,0.748046068
GFAP,PDvsAD,-1.703826336,0.001157649,0.008228229
FAM210A,PDvsAD,0.475484314,0.000608944,0.005028856
SLC7A10,PDvsAD,-0.527908319,0.183680155,0.34577633
GFAP,PDvsAD,-1.061511754,0.000819441,0.006310348
FXYD7,PDvsAD,0.094941555,0.460484105,0.637341191
OLFM2,PDvsAD,0.531968169,1.67e-07,1.77e-05
EIF3G,PDvsAD,0.004756304,0.95458845,0.972709268
RPS15,PDvsAD,0.259213635,0.002104858,0.013153992
TLE5,PDvsAD,0.172296872,0.137701135,0.285606765
EIF1,PDvsAD,-0.031026819,0.715978953,0.827315118
PURG,PDvsAD,0.032924521,0.756579868,0.854329512
TRMT11,PDvsAD,0.141181587,0.288024683,0.469467833
RBM42,PDvsAD,-0.082512617,0.437604425,0.616431516
C19orf12,PDvsAD,-0.110301452,0.510143838,0.678650754
KIAA0100,PDvsAD,0.126147174,0.313396122,0.495332522
NSF,PDvsAD,0.205269145,0.292032862,0.473636288
FXYD1,PDvsAD,0.10446743,0.493386379,0.664220142
DCAKD,PDvsAD,-0.278182118,0.206884431,0.374275581
COX2,PDvsAD,0.336527002,0.67720158,0.802489451
HSP90AA1,PDvsAD,0.060751441,0.394576085,0.578277461
TMEM70,PDvsAD,0.40190084,1.64e-06,7.92e-05
ASDURF,PDvsAD,-0.14687711,0.197534408,0.36255805
EDARADD,PDvsAD,-0.156178203,0.683592794,0.806079175
PIK3C2A,PDvsAD,-0.180222192,0.134106398,0.280333427
PRKCA,PDvsAD,0.017340554,0.682249292,0.805287029
MAPK3,PDvsAD,-0.18468837,0.006989696,0.031780582
APP,PDvsAD,-3.497670581,0.000248098,0.002586949
SARS2,PDvsAD,0.351186521,6.45e-05,0.000968025
FBL,PDvsAD,-0.130628051,0.050421541,0.139171966
HOMER3,PDvsAD,-0.201372644,0.19708876,0.361947024
GMFG,PDvsAD,0.240758429,0.22688096,0.4001655
GMFG,PDvsAD,0.006904265,0.925670343,0.957484437
TUBB4A,PDvsAD,0.766721261,0.007474518,0.033560678
RPL13A,PDvsAD,0.063420744,0.438534463,0.616827154
AP2S1,PDvsAD,0.282563435,8.52e-05,0.001160177
GRAMD1A,PDvsAD,0.090838085,0.529040198,0.693527637
SLC1A6,PDvsAD,-0.047067722,0.76468703,0.859839582
STXBP2,PDvsAD,-0.562124927,0.009005698,0.038789212
GOLGA7B,PDvsAD,0.092432793,0.369587716,0.553036081
CLPP,PDvsAD,-0.031751444,0.769986987,0.862697258
RPS16,PDvsAD,0.017354554,0.758179736,0.855598815
EMC10,PDvsAD,0.141438992,0.279677245,0.460610365
YJU2,PDvsAD,-0.120199179,0.526740773,0.691530293
RABAC1,PDvsAD,0.237286431,0.228060748,0.401282036
OLFML3,PDvsAD,-0.701564546,0.066712428,0.170952083
SDC4-ROS1_S4;R34,PDvsAD,-0.870573797,0.0002887,0.00290031
PIEZO1,PDvsAD,0.196573605,0.536317616,0.698929676
PRKN,PDvsAD,-0.013324007,0.826979484,0.897610296
CSNK2B,PDvsAD,0.130610253,0.009353155,0.039998362
AGPS,PDvsAD,-0.104609784,0.043967938,0.126007462
PDLIM1,PDvsAD,0.021299574,0.934124531,0.962042424
MYO1C,PDvsAD,0.028094301,0.811004795,0.886326087
GTPBP1,PDvsAD,-0.044516699,0.509937004,0.678501086
STXBP3,PDvsAD,-0.370326159,5.85e-05,0.000907134
C11orf58,PDvsAD,-0.321238606,0.074824639,0.185271473
RAB27B,PDvsAD,0.170497864,0.224176233,0.397035679
NDUFS8,PDvsAD,0.420727913,1.35e-06,7.04e-05
PSMD11,PDvsAD,0.040352332,0.259301855,0.437112314
PGRMC1,PDvsAD,9.75e-05,0.998736077,0.999152795
HIP1,PDvsAD,-0.542955192,0.000696555,0.005554049
CLIC1,PDvsAD,-0.453666253,0.00012781,0.001539929
PDHX,PDvsAD,0.325053289,5.18e-06,0.000175053
DCTN6,PDvsAD,-0.040948354,0.652141148,0.784817012
SLC33A1,PDvsAD,-0.327297632,0.543770829,0.70538207
WASL,PDvsAD,0.288251725,8.51e-05,0.001160177
PDE2A,PDvsAD,0.229859555,0.020145076,0.071451447
SAP18,PDvsAD,-0.076442758,0.227244796,0.400335982
GFRA2,PDvsAD,0.504030046,5.21e-07,3.67e-05
AGRN,PDvsAD,-0.143803094,0.008388478,0.03676924
FAAH,PDvsAD,0.106062649,0.481055271,0.654581376
CHL1,PDvsAD,0.231417701,0.000117636,0.001453877
KPNA4,PDvsAD,-0.147345073,0.008795273,0.038134056
PDXK,PDvsAD,0.09706801,0.023371219,0.079768042
PLPP3,PDvsAD,-0.172438907,0.043139837,0.12437068
ADGRB1,PDvsAD,0.244855725,0.009783819,0.041366459
C2CD2L,PDvsAD,0.165179762,0.00303157,0.01714315
TXNDC9,PDvsAD,0.208165101,0.132460392,0.277861651
DPYSL4,PDvsAD,0.174285624,0.006782374,0.031093445
COX7A2L,PDvsAD,0.418567344,1.66e-06,7.97e-05
NDUFAB1,PDvsAD,0.464341735,2.21e-07,2.22e-05
DYNC1I1,PDvsAD,0.250644454,7.25e-05,0.001040871
CIT,PDvsAD,0.327286592,0.000142654,0.001671184
AP3D1,PDvsAD,0.270784299,1.39e-05,0.000332992
ABLIM1,PDvsAD,-0.160722864,0.030963353,0.097512873
DVL1,PDvsAD,-0.096889309,0.662319017,0.792425264
TOR1B,PDvsAD,0.082639545,0.453920334,0.631726572
ENC1,PDvsAD,-0.044059621,0.901397385,0.945842653
MAP2K7,PDvsAD,-0.208652727,0.319316516,0.500838137
PTE1,PDvsAD,0.203507501,0.001282147,0.00890201
PDCD5,PDvsAD,0.110736549,0.066069929,0.169547271
SLC9A3R1,PDvsAD,-0.342587689,3.46e-06,0.000138429
TCERG1,PDvsAD,0.016458941,0.749556516,0.850151621
MRAS,PDvsAD,-0.051728211,0.488426794,0.66117454
RASGRF2,PDvsAD,0.183284948,0.027100362,0.088485203
SCAMP3,PDvsAD,0.121755752,0.189118858,0.352966254
IFIT3,PDvsAD,-0.253685821,0.291389045,0.472992923
TAX1BP3,PDvsAD,-0.44131643,0.084340772,0.201750307
LIN7A,PDvsAD,0.255506566,0.001917214,0.01222564
PCDH17,PDvsAD,0.001642077,0.990437836,0.993753571
RGS12,PDvsAD,0.063254047,0.525667843,0.690617132
TIMM23,PDvsAD,0.094629157,0.140022216,0.288507533
UBE2L6,PDvsAD,-0.085323903,0.708920793,0.823259165
PLD2,PDvsAD,-0.254538713,0.172428347,0.331979951
UQCRQ,PDvsAD,0.382743373,1.15e-06,6.39e-05
UQCR11,PDvsAD,0.536377464,4.04e-08,9.01e-06
RAB29,PDvsAD,-0.377415562,0.000203033,0.002229645
VPS26C,PDvsAD,-0.187749161,0.015712315,0.059296264
GAK,PDvsAD,0.077154755,0.034502111,0.105695777
HNRNPDL,PDvsAD,0.649734032,0.139909266,0.288382418
XPO1,PDvsAD,-0.043826952,0.297418146,0.478593338
PIP5K1B,PDvsAD,0.511845194,0.000778308,0.006052293
SPTBN2,PDvsAD,0.17444882,0.003405093,0.018696818
PLXNB2,PDvsAD,-0.238949342,4.66e-05,0.000760297
RIMBP2,PDvsAD,0.334485902,0.002617557,0.015357329
TECPR2,PDvsAD,0.216061708,0.0296462,0.094523544
U2SURP,PDvsAD,0.159439014,0.192043194,0.356114126
SYNJ2,PDvsAD,-0.372777008,0.030989812,0.097553488
SYNM,PDvsAD,-0.540565969,0.00032813,0.003193829
KIF3B,PDvsAD,0.05579089,0.251080893,0.428475649
MCF2L,PDvsAD,0.175070048,0.06777943,0.172824333
NACAD,PDvsAD,-0.12108411,0.105582,0.238521145
SNPH,PDvsAD,0.297552771,3.92e-06,0.000149259
ERC2,PDvsAD,0.282228599,0.003979674,0.020894741
ARHGEF11,PDvsAD,0.139099864,0.057735905,0.153528417
SCAMP1,PDvsAD,0.240076465,0.001249302,0.00869916
ARPC2,PDvsAD,0.048564075,0.306820732,0.488938873
PGRMC2,PDvsAD,0.124219474,0.053027946,0.144810181
PFDN6,PDvsAD,0.15581398,0.000483048,0.004247638
LAMA5,PDvsAD,-0.072434637,0.635003508,0.772270755
VGF,PDvsAD,0.921938261,4.74e-05,0.000765204
CLIC2,PDvsAD,0.09142838,0.630873331,0.768870192
RER1,PDvsAD,-0.154707802,0.152810654,0.306858468
SURF4,PDvsAD,0.130629122,0.237599636,0.412516095
GPR37,PDvsAD,-0.974159075,0.014316583,0.055305683
INPPL1,PDvsAD,-0.537655122,0.002326699,0.014135091
EIF3D,PDvsAD,-0.035694451,0.500031949,0.669906838
STX7,PDvsAD,0.13525135,0.005593316,0.026803947
ABCC4,PDvsAD,-0.463774991,0.028550007,0.091966056
ARPC5,PDvsAD,-0.103489371,0.108304505,0.242463212
PDPK1,PDvsAD,0.121775831,0.008890065,0.038429227
FABP7,PDvsAD,-0.3841378,0.000273498,0.002790396
HLA-Bw62.3,PDvsAD,-0.174958965,0.223264676,0.395920492
DHX15,PDvsAD,-0.113782392,0.057537654,0.153114445
SGSM2,PDvsAD,-0.707016741,0.399774838,0.582927308
ZZEF1,PDvsAD,-0.031303314,0.576355769,0.729367883
ASAP2,PDvsAD,0.056754658,0.515111374,0.682733759
TTI1,PDvsAD,0.137600613,0.228180658,0.401394833
PLXNB1,PDvsAD,-0.411247165,1.65e-05,0.000369026
PJA2,PDvsAD,0.246301818,0.386964405,0.570025592
PHGDH,PDvsAD,-0.548620828,2.42e-06,0.00010544
SEPTIN4,PDvsAD,-0.209770624,0.050318965,0.138942154
PSMD3,PDvsAD,0.027127628,0.368082589,0.551127823
RBFOX2,PDvsAD,0.498810618,1.59e-07,1.73e-05
PAPSS1,PDvsAD,-0.268160668,0.045052955,0.127937587
hRED1,PDvsAD,-0.443579727,0.068661106,0.17426935
MAP3K13,PDvsAD,0.550037707,0.003117104,0.017528683
SART1,PDvsAD,0.104245474,0.256419701,0.434493971
SRGAP3,PDvsAD,0.260567366,7.72e-06,0.00022217
LRRTM2,PDvsAD,0.135040293,0.230557302,0.404487481
HSPA12A,PDvsAD,0.099423826,0.046951865,0.131769319
EEF1E1,PDvsAD,0.133316254,0.040494444,0.118839875
MSI1,PDvsAD,-0.032188615,0.752628842,0.851992477
TPD52L2,PDvsAD,0.004652748,0.945428877,0.968402375
EMC8,PDvsAD,0.026450347,0.7490818,0.849999272
GRID2,PDvsAD,-0.477236663,0.333724271,0.516454105
PPIH,PDvsAD,-0.132636106,0.226838267,0.4001655
HTRA2,PDvsAD,0.31179616,3.66e-05,0.00064482
AKR7A2,PDvsAD,-0.328296739,0.000637909,0.005226055
EPB41L2,PDvsAD,-0.452887459,3.95e-05,0.000682579
LAMTOR5,PDvsAD,-0.173758291,0.740940077,0.845278395
FOXO3,PDvsAD,-0.018537656,0.928317235,0.958969645
KCNQ2,PDvsAD,0.191437188,0.075252762,0.18601138
SYT7,PDvsAD,0.403824728,1.35e-05,0.000326762
DNPH1,PDvsAD,-0.099873047,0.180861619,0.342532288
TRAPPC3,PDvsAD,0.074939721,0.103967998,0.236061178
PLRG1,PDvsAD,-0.100434093,0.259706889,0.43728269
RGS10,PDvsAD,-0.093716779,0.501375196,0.671081464
NDUFC1,PDvsAD,0.389271424,0.012006263,0.048246395
NDUFA2,PDvsAD,0.421589865,3.57e-07,2.92e-05
TRIAP1,PDvsAD,0.245864222,0.195132338,0.359433267
GATC,PDvsAD,0.007943187,0.950653943,0.970786527
HTATSF1,PDvsAD,-0.057436846,0.208820744,0.37711464
PRKAB2,PDvsAD,0.107603478,0.177178478,0.337780226
STX6,PDvsAD,-0.080331267,0.661864682,0.792145201
SYNGR3,PDvsAD,0.240886539,0.039248357,0.116321975
SGTA,PDvsAD,-0.049693202,0.477906253,0.652414927
SLC25A20,PDvsAD,-0.180915508,0.011604065,0.046848636
NARS1,PDvsAD,-0.028846101,0.585533778,0.735765488
STRN,PDvsAD,0.129806886,0.013667619,0.053575579
RRP9,PDvsAD,0.078930561,0.763657466,0.859386556
SCO2,PDvsAD,0.096163395,0.291436763,0.472992923
AKAP8,PDvsAD,-0.076401847,0.725107273,0.833428777
PDE4C,PDvsAD,0.355576619,0.159162314,0.315428205
EDIL3,PDvsAD,-0.107858448,0.530902979,0.694595099
CD5L,PDvsAD,-0.01394849,0.967976392,0.980845828
KIF1C,PDvsAD,-0.161383948,0.551579774,0.712044744
NDUFS5,PDvsAD,0.479968394,5.22e-06,0.000175346
PDE6D,PDvsAD,-0.103604201,0.135795629,0.282878064
TIMM8A,PDvsAD,0.204471008,0.050642407,0.139427233
PCDH7,PDvsAD,0.218416104,0.008090012,0.035724659
GNG7,PDvsAD,0.107530544,0.101856087,0.232366265
KIAA0513,PDvsAD,0.381125364,1.34e-05,0.000325735
KIF5C,PDvsAD,0.075977222,0.046325054,0.130708453
LZTS3,PDvsAD,0.208875752,0.010029008,0.042112467
MAST3,PDvsAD,0.136504346,0.077056312,0.189040263
OPA1,PDvsAD,0.261785344,1.96e-05,0.000411566
PIP5K1C,PDvsAD,0.259002663,1.2e-05,0.000305243
KDM1A,PDvsAD,0.226697619,0.070676524,0.177756829
TBC1D4,PDvsAD,0.103109561,0.194924591,0.359234584
PHLPP1,PDvsAD,-0.283750309,0.309741995,0.491284271
BRINP1,PDvsAD,0.351886129,0.000302671,0.003002917
PLXNC1,PDvsAD,0.20082575,0.06237979,0.162277695
ACSL4,PDvsAD,0.001674233,0.980491156,0.987999791
SNX3,PDvsAD,-0.101933728,0.187827056,0.351532273
OGA,PDvsAD,0.039681359,0.562881588,0.720162646
ADCY9,PDvsAD,0.264962597,0.001012035,0.007375452
RANBP6,PDvsAD,0.062031772,0.243381919,0.420380541
NEMF,PDvsAD,0.061030871,0.540491394,0.702394688
GMDS,PDvsAD,-0.054269986,0.287098593,0.468798125
PLOD3,PDvsAD,0.030157222,0.874787688,0.927117701
PDE8A,PDvsAD,-0.587338514,0.033990608,0.10461893
UGDH,PDvsAD,-0.322649347,0.206027768,0.373289102
CTNND1,PDvsAD,0.066606965,0.223282421,0.395920492
HCN1,PDvsAD,0.345400842,6.55e-05,0.000968025
SNX2,PDvsAD,-0.056719022,0.162419764,0.31981532
TOM1,PDvsAD,0.179147178,0.002871187,0.016521958
PFKFB2,PDvsAD,-0.224308089,0.010407641,0.043373211
TIMM17B,PDvsAD,0.596268973,0.093334636,0.217831291
DKC1,PDvsAD,-0.108706557,0.140517001,0.288997231
GAS7,PDvsAD,0.380390225,1.13e-06,6.33e-05
EDF1,PDvsAD,-0.017077028,0.790451194,0.872309825
GPR37L1,PDvsAD,-0.118864551,0.154921754,0.310145331
CUTA,PDvsAD,0.031610935,0.517934061,0.684708639
OPHN1,PDvsAD,0.021699513,0.802711034,0.881753489
PFDN1,PDvsAD,0.078728837,0.057976109,0.153996363
SCN2B,PDvsAD,0.29336316,7.74e-05,0.001095709
KIF21B,PDvsAD,0.04067644,0.681081007,0.804745946
PLCH2,PDvsAD,-0.097837411,0.414444501,0.594673708
PLXNA2,PDvsAD,0.200249975,0.002306345,0.01402328
IGSF3,PDvsAD,0.629095517,0.000485124,0.004255484
DENND4B,PDvsAD,0.123248704,0.063049027,0.163722617
WDR1,PDvsAD,-0.245081203,0.000117203,0.001453524
SLIT1,PDvsAD,-0.058952572,0.572077906,0.726030577
N4BP1,PDvsAD,0.042256145,0.624239429,0.764281568
ROCK2,PDvsAD,0.221665008,3.35e-07,2.81e-05
COBL,PDvsAD,0.003416292,0.96940989,0.981794031
ASTN2,PDvsAD,0.375058749,0.047290758,0.132462003
DEPDC5,PDvsAD,0.317490708,0.105664028,0.238556608
PPFIA3,PDvsAD,0.282103509,1.58e-05,0.000357689
HIP1R,PDvsAD,-0.209555741,0.000241509,0.002536021
CAND2,PDvsAD,-0.03449499,0.734013964,0.840057668
TSC22D2,PDvsAD,0.213130132,0.002507574,0.014869729
DNAJC13,PDvsAD,0.079926094,0.171798197,0.331266593
PPP6R2,PDvsAD,0.181820312,0.000148928,0.001723361
SIN3B,PDvsAD,-0.275875699,0.143883895,0.293952872
DNAJB6,PDvsAD,0.220779964,0.004364838,0.022314927
NDUFS2,PDvsAD,0.477790384,5.42e-06,0.00017552
USP12,PDvsAD,0.183311848,0.621618041,0.762239784
NIPSNAP2,PDvsAD,0.172998988,0.002273688,0.013918839
SNN,PDvsAD,-0.071306477,0.62724151,0.76621374
SEMA7A,PDvsAD,0.029815187,0.774593386,0.864894478
PPFIA4,PDvsAD,0.427028716,2.59e-08,9.01e-06
PDCD6,PDvsAD,0.079232484,0.2573603,0.435369859
ENTPD3,PDvsAD,0.440597567,0.122629726,0.263459045
PTP4A3,PDvsAD,0.297856077,0.119225403,0.258465439
MACROH2A1,PDvsAD,-0.083031238,0.121844584,0.262482207
SH3BGRL,PDvsAD,-0.111644762,0.096373002,0.223040863
FLNB,PDvsAD,-0.476781479,2.72e-05,0.000516143
VAMP4,PDvsAD,0.107006502,0.754431042,0.852572268
NDUFS6,PDvsAD,0.454417603,2.76e-07,2.45e-05
PEX14,PDvsAD,0.359058158,3.95e-05,0.000682579
ULK1,PDvsAD,0.227670911,0.203467897,0.370133108
SEC22B,PDvsAD,0.058042538,0.1901381,0.353879234
PRPF40A,PDvsAD,-0.030356471,0.627326679,0.76621374
TACC1,PDvsAD,-0.037101161,0.505523848,0.6745744
GIGYF1,PDvsAD,0.089865674,0.702496924,0.819429834
MTX2,PDvsAD,0.125338965,0.055029616,0.148139233
VPS26A,PDvsAD,-0.016102653,0.687177714,0.808666299
PSIP1,PDvsAD,-0.045074617,0.521028496,0.686276867
GPC4,PDvsAD,-0.274467677,0.125339167,0.267209432
NDUFS3,PDvsAD,0.456361606,6.46e-07,4.15e-05
HSBP1,PDvsAD,-0.03074711,0.588752676,0.73753233
CLDN11,PDvsAD,-0.774778469,0.014977514,0.057165276
KHDRBS3,PDvsAD,0.021667351,0.789152456,0.871545158
SF3B1,PDvsAD,-0.118942247,0.042219892,0.122257521
DAB1,PDvsAD,0.24009787,0.295236755,0.476900512
PRKRA,PDvsAD,0.170172956,0.020752444,0.072886881
RPS6KA5,PDvsAD,-0.26421316,0.050624174,0.139427233
MYCBP2,PDvsAD,0.1400102,0.025266742,0.084531943
GCAT,PDvsAD,-0.085513249,0.793277361,0.874623553
SNRNP200,PDvsAD,-0.112052621,0.034902329,0.106694624
TIPRL,PDvsAD,0.068139237,0.256704133,0.434840087
ADAP1,PDvsAD,-0.038636101,0.571417471,0.725892155
CBR3,PDvsAD,-0.208245118,0.118262742,0.256920539
PSMD10,PDvsAD,-0.188472121,0.001044799,0.007553544
AP1G2,PDvsAD,-0.341842735,0.174166415,0.334156682
ZMPSTE24,PDvsAD,0.014338607,0.774512761,0.864894478
PPP1R37,PDvsAD,0.379330307,0.018436435,0.066807697
IDH1,PDvsAD,-0.266818099,1.66e-05,0.000369026
GATB,PDvsAD,0.073418671,0.695186029,0.813879087
CYP7B1,PDvsAD,-0.130930185,0.635245742,0.772359062
RBBP9,PDvsAD,-0.128654966,0.241385619,0.418180818
STAM2,PDvsAD,-0.021944178,0.544122581,0.705711094
ALDH1L1,PDvsAD,-0.339030369,8.8e-05,0.001179395
TUSC2,PDvsAD,0.490345967,0.001534536,0.01022306
DGAT1,PDvsAD,-0.009712145,0.952682616,0.971560346
DCTN3,PDvsAD,0.05025536,0.648502857,0.782270846
DNAJC8,PDvsAD,-0.17652894,0.004559607,0.02305833
SMNDC1,PDvsAD,0.084399575,0.531099325,0.694707664
ACON,PDvsAD,-0.010926291,0.915648781,0.952268171
ATP5PD,PDvsAD,0.248701891,0.019997944,0.07099961
FLOT1,PDvsAD,0.342177508,0.000975544,0.00718964
TRIO,PDvsAD,0.18599189,0.001333102,0.009184868
MPDZ,PDvsAD,-0.198417675,0.020964876,0.07356112
CPD,PDvsAD,0.229519553,0.002160244,0.013395377
SCGN,PDvsAD,-0.168574466,0.512727757,0.681137975
CDKL5,PDvsAD,0.29842096,0.006914876,0.031487436
NEBL,PDvsAD,-0.081630161,0.194767111,0.359036347
SNCG,PDvsAD,0.202745246,0.028000446,0.09053781
CIAO1,PDvsAD,-0.115630812,0.135765652,0.282878064
SRP72,PDvsAD,0.060370345,0.341208364,0.523307412
JTB,PDvsAD,-0.547274511,0.095931529,0.222305248
LY6H,PDvsAD,0.157760549,0.181492592,0.343275365
ACTL6B,PDvsAD,-0.035788861,0.744609206,0.846928213
TPPP,PDvsAD,0.088775159,0.155911603,0.311606602
BAIAP3,PDvsAD,-0.003511779,0.984303382,0.989946061
KBTBD11,PDvsAD,-0.02612188,0.55546614,0.715777131
LTN1,PDvsAD,0.042018186,0.810153473,0.886032223
TOMM70,PDvsAD,0.361279647,4.04e-08,9.01e-06
DDHD2,PDvsAD,0.062670274,0.350496389,0.53255609
MYO1D,PDvsAD,-0.839902215,0.002995798,0.01702115
UFL1,PDvsAD,-0.225359043,0.000214196,0.002327359
SORBS2,PDvsAD,0.28084081,0.005886318,0.02780058
SASH1,PDvsAD,-0.029632308,0.694302612,0.813241929
FARP2,PDvsAD,0.003737309,0.982893046,0.989411289
UBXN7,PDvsAD,0.150145141,0.112245572,0.24853797
PRPF6,PDvsAD,-0.125018027,0.474534441,0.650281241
ADGRL1,PDvsAD,0.306784855,9.06e-06,0.000248767
ABCA8,PDvsAD,-0.385359632,0.003662433,0.019762853
FRYL,PDvsAD,-0.222814957,0.097381803,0.224941332
ENDOD1,PDvsAD,-0.247112719,0.028059537,0.090670372
CDK14,PDvsAD,0.367297959,0.00063044,0.00518851
SLITRK3,PDvsAD,0.384044621,0.058576563,0.155132997
RHOBTB3,PDvsAD,-0.461852735,0.002712406,0.015785064
SOGA1,PDvsAD,-0.263848578,0.395764443,0.579428789
CLSTN1,PDvsAD,0.209961786,0.006231842,0.029050965
SLITRK5,PDvsAD,0.293048664,0.035501198,0.107929043
DIRAS1,PDvsAD,0.291354469,4.81e-05,0.000773257
SFRS15,PDvsAD,0.070980807,0.376998992,0.5614397
NDUFB6,PDvsAD,0.354955951,1.94e-05,0.000409484
MFN2,PDvsAD,0.190479889,0.00143063,0.009717204
AKR7A3,PDvsAD,-0.547207627,0.003361493,0.018554647
UBE4B,PDvsAD,0.061965829,0.362054086,0.544367692
ELP1,PDvsAD,-0.045721131,0.486489097,0.659750391
NDUFA3,PDvsAD,0.528310461,1.74e-05,0.000377929
NDUFB4,PDvsAD,0.41458231,0.003049046,0.017214904
NDUFB8,PDvsAD,0.290503164,0.00064943,0.005296317
NDUFA7,PDvsAD,0.437453583,1.37e-06,7.11e-05
VAMP5,PDvsAD,-0.206307956,0.190033615,0.353879234
CSPG5,PDvsAD,0.159401771,0.35022865,0.532457798
LETM1,PDvsAD,0.254340066,4.74e-05,0.000765204
ZRANB2,PDvsAD,0.057393137,0.547647134,0.708876342
SNX4,PDvsAD,0.215068146,0.003403227,0.018696818
KCNH1,PDvsAD,0.31641274,0.000587246,0.004886203
PDE8B,PDvsAD,-0.015671944,0.916153132,0.952571477
EPM2A,PDvsAD,0.007813853,0.925110216,0.957318052
VAPB,PDvsAD,0.291829501,6.52e-06,0.000196278
SNAPIN,PDvsAD,0.034095818,0.650523192,0.783394161
FARS2,PDvsAD,0.3636267,0.15428615,0.309185808
IPO7,PDvsAD,-0.121720006,0.079872193,0.193832891
ARIH2,PDvsAD,-0.101851632,0.506636662,0.675484246
PGM3,PDvsAD,-0.436334454,0.000282915,0.002866212
MOCS3,PDvsAD,-0.043957293,0.840458858,0.905545322
RAPGEF3,PDvsAD,0.019019834,0.922268992,0.956032607
SVIL,PDvsAD,-0.006502923,0.97883716,0.987248135
PAPLN,PDvsAD,-0.037666258,0.835593885,0.902385025
AHSA1,PDvsAD,0.117794363,0.076315915,0.187639595
FMNL1,PDvsAD,-0.164041125,0.026707627,0.087800715
SGPL1,PDvsAD,-0.102916671,0.491796153,0.663320781
H6PD,PDvsAD,-0.380183349,0.017333022,0.063740506
SEC24B,PDvsAD,0.072527304,0.230089023,0.403961519
PCNT,PDvsAD,0.083721066,0.580768413,0.732680663
ADCY5,PDvsAD,0.071451369,0.768493438,0.861469069
NTN1,PDvsAD,-2.268360064,1.01e-08,6.04e-06
ATP6V1G2,PDvsAD,0.307153746,1.59e-05,0.000359981
ASMTL,PDvsAD,-0.21308913,0.221356519,0.393626067
HERC2,PDvsAD,-0.165199615,0.040101618,0.118072426
SNAP29,PDvsAD,-0.040072387,0.529477094,0.693847465
CPNE6,PDvsAD,-0.415635165,6.05e-05,0.000927179
AP2A1,PDvsAD,0.263927691,1.86e-06,8.65e-05
BAG3,PDvsAD,-0.59642317,4.15e-05,0.000704412
MLYCD,PDvsAD,0.265828111,1.53e-07,1.72e-05
CRYZL1,PDvsAD,0.01056916,0.831504218,0.900076725
AIFM1,PDvsAD,0.292579979,4.97e-06,0.00016992
EML2,PDvsAD,-0.290642505,0.002410651,0.014498168
NUDT14,PDvsAD,0.13568741,0.255029322,0.432851796
TSPAN15,PDvsAD,-0.464710528,0.040250583,0.118414087
BPNT1,PDvsAD,-0.164067835,0.001153821,0.008220148
DDAH2,PDvsAD,-0.501739576,3.74e-05,0.000655341
TXNDC12,PDvsAD,-0.006218333,0.934947526,0.962375151
DLGAP3,PDvsAD,0.467683116,0.000418139,0.003807184
NUDT3,PDvsAD,0.116061285,0.193469582,0.357744653
APC2,PDvsAD,-0.213089713,0.232323003,0.40669247
TOMM40,PDvsAD,0.255259905,0.001729815,0.011301145
LDHA,PDvsAD,0.111044929,0.015569083,0.058972308
ALDH1A1,PDvsAD,-0.305735623,0.015240824,0.058034542
GSR,PDvsAD,-0.067018402,0.310666854,0.49220852
SOD1,PDvsAD,0.094578011,0.328203111,0.510435671
F13A1,PDvsAD,-0.068689891,0.791307961,0.872853575
PNP,PDvsAD,-0.105498383,0.180359369,0.342121556
PGK1,PDvsAD,0.067073559,0.147120922,0.298706921
AK1,PDvsAD,-0.20167997,0.000914849,0.006880383
F2,PDvsAD,-0.049076922,0.760521933,0.857434838
HP,PDvsAD,0.408079384,0.149785304,0.302642047
CA1,PDvsAD,-0.027138656,0.885404708,0.933555565
CA2,PDvsAD,-0.487913903,0.002214897,0.013616886
ASS1,PDvsAD,-0.467279197,8.36e-05,0.001152315
A2M,PDvsAD,-0.474438901,0.006008546,0.028192742
C3,PDvsAD,-0.342063369,0.049992795,0.138360205
C5,PDvsAD,0.072823715,0.714220224,0.826344872
NRAS,PDvsAD,0.262367408,0.01807298,0.065855597
HRAS,PDvsAD,0.183416321,0.000593491,0.004929538
FLJ00385,PDvsAD,-0.180435852,0.661242493,0.79166399
IGHG4,PDvsAD,0.553375466,0.337474417,0.519575802
COL1A1,PDvsAD,0.067784438,0.913737903,0.952031808
LMNA,PDvsAD,-0.46268931,0.000102267,0.001304269
SPTA1,PDvsAD,-0.07916739,0.637152278,0.773585243
APOA2,PDvsAD,-0.155927982,0.621084792,0.76196633
FGA,PDvsAD,-0.206987956,0.413888867,0.593994936
FGB,PDvsAD,-0.202895858,0.46423158,0.641147104
MBP,PDvsAD,-0.589743406,0.02597651,0.086224752
PMP2,PDvsAD,-0.628942339,0.083261612,0.19976677
CRP,PDvsAD,-0.290504972,0.484471836,0.657882937
APCS,PDvsAD,-1.203039231,0.003830014,0.020346596
AMBP,PDvsAD,-0.20255618,0.324283059,0.506089834
HEL-S-153w,PDvsAD,0.076076738,0.692571034,0.812007082
ALB,PDvsAD,-0.381075408,0.041703189,0.121200418
HEL-S-51,PDvsAD,-0.127401185,0.442551312,0.62006006
TFRC,PDvsAD,-0.287196794,0.835149225,0.902121696
TF,PDvsAD,-0.363459281,0.019887077,0.070745671
HPX,PDvsAD,-0.040173025,0.856535742,0.91587061
FTL,PDvsAD,-0.467642729,0.006916467,0.031487436
MT2A,PDvsAD,-0.124934073,0.720321881,0.830332579
CAT,PDvsAD,-0.255140515,0.059365216,0.15658746
ALDOA,PDvsAD,0.153603045,0.000713967,0.005662148
CSTB,PDvsAD,-0.397152246,4.53e-05,0.000749142
ANXA1,PDvsAD,-0.671232391,0.000311417,0.003076957
A1BG,PDvsAD,0.197939001,0.364967032,0.547699847
VWF,PDvsAD,0.166781259,0.25894127,0.43691404
TUBB4A,PDvsAD,-0.046082302,0.517622141,0.684422069
GAPDH,PDvsAD,-0.109536396,0.038668247,0.115029239
MT1E,PDvsAD,-0.165684077,0.395320192,0.579132005
MT1F,PDvsAD,-0.30241915,0.193722229,0.358119761
HSPB1,PDvsAD,-0.731707002,6.35e-06,0.000192844
RPN1,PDvsAD,0.003422161,0.940916843,0.966064739
RPN2,PDvsAD,0.024159804,0.681667743,0.805129076
GNAI2,PDvsAD,-0.078452288,0.094352608,0.219636308
ATP1A1,PDvsAD,0.204762826,0.000166716,0.001876665
ARG1,PDvsAD,-0.017590462,0.944666521,0.968402375
ITGB2,PDvsAD,-0.267566087,0.038660291,0.115029239
S100A8,PDvsAD,0.962118796,0.007102572,0.03217179
SLC25A5,PDvsAD,0.275408382,0.000478421,0.004212092
PCCA,PDvsAD,0.179000209,0.000523097,0.004504784
EIF2S1,PDvsAD,-0.013528304,0.70168895,0.818959697
HMGN2,PDvsAD,-0.34775023,0.087515552,0.207687023
FGF1,PDvsAD,-0.784191441,0.001434536,0.009720137
ICAM1,PDvsAD,-1.508129595,1.15e-09,9.92e-07
SCG5,PDvsAD,0.419647225,0.284671593,0.466114903
FABP3,PDvsAD,0.146781049,0.063575047,0.164672422
SERPINA7,PDvsAD,-0.074277097,0.572703149,0.726415737
ITGB1,PDvsAD,-0.503872927,9.58e-07,5.6e-05
CALB1,PDvsAD,0.194061086,0.200165896,0.366022583
COL5A2,PDvsAD,-0.051650018,0.928576329,0.958973372
UROD,PDvsAD,-0.002150326,0.982666998,0.989407015
INSR,PDvsAD,-0.061432875,0.393791595,0.577480722
FYN,PDvsAD,0.13956465,0.028697334,0.092316601
CCK,PDvsAD,0.205626306,0.157330501,0.313429301
ATP5F1B,PDvsAD,0.26362718,0.003914117,0.020690924
S100A6,PDvsAD,-0.750333979,0.00021835,0.002351185
APOA4,PDvsAD,-0.316645132,0.400357588,0.583223481
EIF4E,PDvsAD,0.018087343,0.714117913,0.826344872
ENO1,PDvsAD,-0.351639016,0.032908639,0.101943084
PYGL,PDvsAD,-0.188808539,0.032951925,0.101989327
GPI,PDvsAD,0.158473565,0.157377209,0.313429301
EPHX1,PDvsAD,-0.47350492,3.71e-05,0.000652827
DBI,PDvsAD,-0.579956257,7.94e-07,4.84e-05
LDHB,PDvsAD,-0.101325119,0.020247106,0.07165062
NEFL,PDvsAD,-0.418998559,0.040168144,0.118219911
H1-0,PDvsAD,-0.086900565,0.628163115,0.766476215
C8A,PDvsAD,-0.08963807,0.869830861,0.924505555
CAPN1,PDvsAD,-0.043180484,0.457594881,0.634620841
TUBB,PDvsAD,0.118065072,0.034227832,0.105184196
CA3,PDvsAD,-0.617856616,0.094413383,0.219636308
DCN,PDvsAD,-0.200463546,0.619916654,0.761355846
PFN1,PDvsAD,-0.22751052,0.000978213,0.007194566
APRT,PDvsAD,-0.261421129,0.003322314,0.018354384
EPRS1,PDvsAD,0.034400441,0.387572751,0.570337725
UQCRH,PDvsAD,0.354457325,6.42e-06,0.00019404
LYN,PDvsAD,0.025490014,0.854265028,0.914192207
TPM2,PDvsAD,0.514357676,0.055137079,0.148251987
CHRM4,PDvsAD,0.380911333,0.004719216,0.023762064
SRPRA,PDvsAD,-0.020204221,0.844331841,0.90740758
ASNS,PDvsAD,0.155868839,0.22883975,0.402160841
SYP,PDvsAD,0.418252765,0.000688229,0.005506597
CTSG,PDvsAD,-0.094792683,0.730291205,0.837251936
HMBS,PDvsAD,-0.118873893,0.244953661,0.421300365
PLEK,PDvsAD,-0.830532891,0.044159537,0.126348268
SNRPB2,PDvsAD,0.001366499,0.992263895,0.995169297
MELTF,PDvsAD,0.21470427,0.441373768,0.619473466
NFIC,PDvsAD,-0.387364508,0.125319166,0.267209432
VIM,PDvsAD,-0.340656799,0.200934542,0.367014482
SERPINF2,PDvsAD,-0.443753258,0.010659225,0.044093651
RPS17,PDvsAD,-0.037026429,0.523667008,0.688617328
GNAI3,PDvsAD,-0.084483354,0.316635535,0.498504296
ANXA5,PDvsAD,-0.532970503,0.000254629,0.002639115
ADRA2A,PDvsAD,-0.116598841,0.379978447,0.564008454
ENO2,PDvsAD,0.193378344,0.003706572,0.019896548
SRP19,PDvsAD,0.091563796,0.10998726,0.245010533
GSTP1,PDvsAD,-0.272798797,0.000899602,0.006793941
LGALS1,PDvsAD,-0.092851207,0.241995488,0.418934668
RBP1,PDvsAD,-0.217174964,0.033474314,0.10329504
GNAO1,PDvsAD,0.222510509,0.006888338,0.031438325
GSTM1,PDvsAD,0.296146833,0.588822905,0.73753233
TPM1,PDvsAD,0.796494467,0.216545603,0.387755171
CLTB,PDvsAD,0.440270181,7.5e-08,1.13e-05
ANXA4,PDvsAD,-0.135322002,0.168435011,0.3267403
CNP,PDvsAD,-0.622436427,0.021722164,0.07551338
PDGFRB,PDvsAD,0.010321417,0.947095691,0.969208844
IFIT1,PDvsAD,-0.037797642,0.873330672,0.926119346
ALOX5,PDvsAD,-0.32383269,0.060033591,0.157887248
UCHL1,PDvsAD,0.186193587,0.001188563,0.008389927
C4B_2,PDvsAD,-2.158578598,2.28e-07,2.22e-05
H2AZ2,PDvsAD,-0.428486869,0.003363723,0.018554647
CLEC2L,PDvsAD,0.427307374,0.002970521,0.01693103
ELFN1,PDvsAD,-0.072534993,0.743040431,0.846080389
JMJD7,PDvsAD,-0.110151813,0.490862829,0.662807645
PNMA6A,PDvsAD,0.081831813,0.532347575,0.695186032
ZNF547,PDvsAD,0.280959861,0.072117491,0.180368954
SAA1,PDvsAD,-0.572950062,0.365454045,0.548104868
SAA2,PDvsAD,0.939801005,0.315279697,0.497544287
TPBGL,PDvsAD,0.545851336,0.530601135,0.69456123
U2AF1L5,PDvsAD,-0.000656821,0.993298071,0.995373784
FDX1,PDvsAD,0.046264957,0.586778804,0.736854039
RAP2A,PDvsAD,0.441771707,5.59e-11,1.01e-07
PTPRF,PDvsAD,0.263665027,5.7e-05,0.000886143
COX5B,PDvsAD,0.253659213,0.00354465,0.019288332
CHGA,PDvsAD,0.139751194,0.190648547,0.354533349
CLU,PDvsAD,-0.307794927,0.004154942,0.021547584
HSPA5,PDvsAD,0.164822534,0.005561352,0.026739844
MAP2,PDvsAD,-0.489198676,0.314287266,0.496304787
HSPA8,PDvsAD,0.145864647,0.001482782,0.009958591
EPB41,PDvsAD,-0.196710223,0.070450287,0.177433093
PDHB,PDvsAD,0.359709668,4.16e-06,0.000151771
DBT,PDvsAD,0.265909214,0.00096561,0.007145713
ITGAM,PDvsAD,-0.145479137,0.479706527,0.653633084
PYGB,PDvsAD,-0.114563764,0.059725853,0.157365591
CHRM1,PDvsAD,0.21720343,0.059108383,0.156139037
RALA,PDvsAD,0.114251589,0.026638783,0.087654512
BCR,PDvsAD,0.046794459,0.469741235,0.645804365
UBL4A,PDvsAD,0.027933658,0.751816202,0.851527537
IGF2R,PDvsAD,0.145765131,0.018961008,0.068091127
ADH5,PDvsAD,-0.301161967,1.27e-05,0.00031951
PCNA,PDvsAD,-0.240478343,0.020304083,0.071802983
NEFH,PDvsAD,-0.469730719,0.067208901,0.171795886
HARS1,PDvsAD,0.020746253,0.687593767,0.808940459
COL6A1,PDvsAD,0.017545848,0.962345646,0.977981383
COL6A2,PDvsAD,0.093475564,0.82022666,0.892884767
SLC25A6,PDvsAD,0.347232482,9.88e-06,0.00026464
TPR,PDvsAD,-0.06724097,0.150625424,0.303922952
RLBP1,PDvsAD,-0.002339961,0.987889834,0.992224668
CKB,PDvsAD,0.071620928,0.036737594,0.110891109
FCGR1A,PDvsAD,-0.264715219,0.177678988,0.338465296
ANXA3,PDvsAD,0.215175316,0.044396324,0.126823971
CKMT1B,PDvsAD,0.455248329,2.34e-07,2.22e-05
ACTN1,PDvsAD,0.554369923,4.08e-06,0.000151198
SRC,PDvsAD,0.082324923,0.082034566,0.197448855
XRCC5,PDvsAD,-0.124711879,0.021527777,0.075096655
COX4I1,PDvsAD,0.342019547,7.02e-06,0.000208564
SCG2,PDvsAD,0.302133712,0.023356482,0.079768042
EEF2,PDvsAD,0.015690054,0.705744668,0.82093612
P4HA1,PDvsAD,0.200399691,0.230170761,0.404006414
F3,PDvsAD,-0.457393274,8.29e-05,0.001152315
PLS3,PDvsAD,-0.211882517,0.021714322,0.07551338
GYS1,PDvsAD,-0.009627668,0.888006343,0.935612952
CD99,PDvsAD,-0.714602588,0.001694626,0.011142088
PRKCSH,PDvsAD,0.069660651,0.161553238,0.318279901
HCLS1,PDvsAD,-0.17529907,0.165642786,0.323434508
FDPS,PDvsAD,-0.147764209,0.01741973,0.063973489
CPM,PDvsAD,-0.833381774,0.002075283,0.013014394
ATP1B2,PDvsAD,0.151865873,0.021930572,0.076095804
NID1,PDvsAD,0.048545092,0.65227863,0.784851152
AKR1A1,PDvsAD,0.091870545,0.307617552,0.489438585
PKM,PDvsAD,0.031012038,0.397195334,0.58069635
TRA1,PDvsAD,0.098966036,0.027335724,0.088890535
IDE,PDvsAD,-0.103482585,0.153321847,0.307510259
COX6B1,PDvsAD,0.339708318,1.42e-05,0.000335449
HNRNPL,PDvsAD,0.004329997,0.932029696,0.961137809
UQCRB,PDvsAD,0.344176798,8.2e-07,4.88e-05
BRAF,PDvsAD,0.234088853,0.003298292,0.018277824
GSPT1,PDvsAD,-0.039340342,0.301625851,0.482919508
PGAM2,PDvsAD,-0.138910133,0.038196868,0.114299807
NME1,PDvsAD,0.142904458,0.045619989,0.129366119
NQO1,PDvsAD,-0.273569637,0.384502382,0.567685751
RPS2,PDvsAD,-0.023019759,0.576495121,0.729415902
CHN1,PDvsAD,0.040223637,0.545846719,0.707414605
DSP,PDvsAD,0.354627382,0.425882616,0.606008637
COX7C,PDvsAD,0.300735715,0.000258677,0.002669383
H2AX,PDvsAD,-0.233098997,0.040841608,0.119468763
CBR1,PDvsAD,-0.574202009,0.000462086,0.004116059
CREB1,PDvsAD,-0.735184597,0.14235249,0.291586277
PPP3CB,PDvsAD,0.210650608,0.004776267,0.023975793
KCNA2,PDvsAD,0.210671351,0.05579009,0.149626443
H1-5,PDvsAD,0.362708375,0.156791545,0.312843712
H1-2,PDvsAD,0.336784595,0.108617652,0.242937429
EPB42,PDvsAD,-0.244624545,0.175474287,0.335333004
PCSK2,PDvsAD,0.399462518,0.000245544,0.002570885
FER,PDvsAD,0.074863111,0.53811746,0.700321855
ATP2A2,PDvsAD,0.487643397,0.023907863,0.080923242
CPE,PDvsAD,0.125746974,0.115658408,0.253097331
FAH,PDvsAD,-0.321711108,0.000134707,0.001606876
RHOQ,PDvsAD,-0.378925634,0.004371507,0.022316713
HMGA1,PDvsAD,-0.296873439,0.02258691,0.077735713
TMEM11,PDvsAD,0.123603369,0.128605476,0.272224062
NDUFB7,PDvsAD,0.308354814,0.000255717,0.002642772
KCNA6,PDvsAD,-0.011342595,0.937661431,0.964202813
GAP43,PDvsAD,0.384496411,8.71e-06,0.000240533
AMD1,PDvsAD,0.885489052,0.033427744,0.103195608
CTPS1,PDvsAD,0.130087276,0.016622558,0.061823194
DDX5,PDvsAD,-0.074987013,0.247752159,0.424912084
PFKL,PDvsAD,0.010939373,0.854629241,0.914375745
GM2A,PDvsAD,-0.874154822,0.000134649,0.001606876
TCP1,PDvsAD,0.069875175,0.111369639,0.247094945
IGFBP2,PDvsAD,0.086597568,0.599194136,0.745675332
ARF4,PDvsAD,-0.066796552,0.191424276,0.355608166
LBP,PDvsAD,0.166941759,0.833044686,0.90106623
GABRB1,PDvsAD,0.33082038,0.00055348,0.004697828
SON,PDvsAD,0.144709345,0.434905923,0.614351592
PGAM1,PDvsAD,0.056323416,0.126127144,0.268491432
ATP5PF,PDvsAD,0.282122239,0.007813327,0.034735019
PAM,PDvsAD,0.327777503,0.011319422,0.046130653
GNAZ,PDvsAD,0.197045055,0.000969577,0.007152993
TRIM21,PDvsAD,0.012439929,0.948031247,0.969461013
SRM,PDvsAD,-0.014941956,0.832181801,0.900403685
ORM2,PDvsAD,0.155780636,0.498623973,0.669267072
CSNK2A2,PDvsAD,0.017039503,0.709566218,0.823476897
ATP2B1,PDvsAD,0.354394512,2.05e-06,9.26e-05
EIF2S2,PDvsAD,-0.038701304,0.353157304,0.534679118
BTF3,PDvsAD,0.156115325,0.19902616,0.364426082
MX1,PDvsAD,0.03007086,0.922287559,0.956032607
M6PR,PDvsAD,0.041727419,0.568716973,0.724164375
COX5A,PDvsAD,0.391464664,1.28e-05,0.00031951
LMNB1,PDvsAD,-0.155801501,0.019287947,0.069023981
GSTM3,PDvsAD,-0.216953584,0.176467762,0.336693001
FLNA,PDvsAD,-0.162608847,0.41998197,0.599579333
NF1,PDvsAD,0.085675619,0.069133923,0.175089485
MAOA,PDvsAD,0.190086927,7.18e-05,0.001032536
ACO1,PDvsAD,-0.163728026,0.001310514,0.009046574
S1PR1,PDvsAD,-0.19903127,0.374650447,0.558751952
CNR1,PDvsAD,-0.015846586,0.913351785,0.952031808
TBXA2R,PDvsAD,-0.229922618,0.019950926,0.070902674
SDHB,PDvsAD,0.405448193,6.59e-08,1.1e-05
TGM2,PDvsAD,0.175089385,0.136674896,0.284380251
OSBP,PDvsAD,0.028672943,0.396024394,0.579573442
GART,PDvsAD,-0.159815226,0.03958135,0.117019584
NME1-NME2,PDvsAD,0.150500174,1.54e-05,0.000355868
KCNA4,PDvsAD,0.326044779,0.001790589,0.011592892
FDXR,PDvsAD,-0.232828789,0.016029832,0.060304698
HNRNPA2B1,PDvsAD,-0.063122277,0.227582343,0.400636269
CBL,PDvsAD,0.122596426,0.063885887,0.1651208
UQCRC2,PDvsAD,0.399986347,1.56e-08,7.48e-06
CA4,PDvsAD,0.589383309,0.000111984,0.001405755
FECH,PDvsAD,0.277425454,0.000135743,0.001616556
CES1,PDvsAD,-0.319222346,0.488622752,0.66117454
FBLN1,PDvsAD,-0.866946147,0.006017415,0.028197567
ITGA6,PDvsAD,-0.468783936,8.32e-05,0.001152315
SFPQ,PDvsAD,0.039962788,0.281237058,0.462491578
TUBG1,PDvsAD,0.020882465,0.798173175,0.877734238
HEL-S-39,PDvsAD,-0.168938229,0.002428724,0.014570319
GLDC,PDvsAD,0.034825645,0.725209331,0.833428777
RPS3,PDvsAD,-0.025658451,0.476232061,0.65161446
GCSH,PDvsAD,0.291465354,0.000316182,0.003109583
PTPRD,PDvsAD,0.135601883,0.000688016,0.005506597
PTPRG,PDvsAD,0.162786464,0.151553931,0.304930749
PTPRZ1,PDvsAD,-0.029848705,0.446176916,0.623389111
DKFZp686J1286,PDvsAD,-0.023191641,0.810581647,0.886326087
AHCY,PDvsAD,-0.05659738,0.237124318,0.411989183
CFL1,PDvsAD,-0.08615942,0.078278533,0.191155998
F8A3,PDvsAD,0.253246293,0.001422058,0.009678275
ITPKA,PDvsAD,0.341279454,0.000565063,0.004748243
DTYMK,PDvsAD,0.039696166,0.734723958,0.840602741
LAMA2,PDvsAD,-0.136708494,0.133044067,0.278842067
GPT,PDvsAD,-0.187544425,0.119654384,0.25916109
COX7A1,PDvsAD,0.311277081,0.056263618,0.150447661
CRHBP,PDvsAD,-0.442926218,0.05276355,0.144307305
KDELR1,PDvsAD,-0.097284453,0.570811193,0.725542483
AKAP5,PDvsAD,0.60612363,0.000104942,0.001331307
IGFBP6,PDvsAD,0.144485577,0.345714617,0.527743048
ACP1,PDvsAD,-0.044619306,0.596768139,0.743299259
ACP1,PDvsAD,-0.71974718,0.004332382,0.022195744
TNC,PDvsAD,-1.063700284,0.000511867,0.004430634
MYL9,PDvsAD,0.181890844,0.557051921,0.716832444
POLR2A,PDvsAD,-0.07630917,0.478026748,0.652414927
APC,PDvsAD,0.105065255,0.120512664,0.260291605
MPST,PDvsAD,-0.292864146,0.000990549,0.007270429
LAMA1,PDvsAD,-0.64093934,1.29e-05,0.00031951
RPS12,PDvsAD,0.023368348,0.537944684,0.700223691
YY1,PDvsAD,-0.234595544,0.141737338,0.290791976
DNAJB1,PDvsAD,0.193583205,0.011767094,0.047391214
DNAJB2,PDvsAD,0.127120105,0.026175453,0.086685061
ATP5F1A,PDvsAD,0.264238234,0.004028046,0.021087143
ATP5F1A,PDvsAD,0.173116445,0.413299566,0.593593617
PSMA1,PDvsAD,0.025949706,0.533396312,0.696071624
PSMA4,PDvsAD,-0.055879257,0.181977168,0.343920592
ITGB8,PDvsAD,-0.144202176,0.006822389,0.031237074
MSN,PDvsAD,-0.483830065,3.58e-07,2.92e-05
CTNNA2,PDvsAD,-0.035231034,0.424385642,0.604596142
U2AF2,PDvsAD,-0.068523207,0.257055142,0.434955924
CHML,PDvsAD,0.074057833,0.677796822,0.802614033
S100A4,PDvsAD,-0.23370343,0.394338243,0.578046665
PTBP1,PDvsAD,-0.362410556,0.000219049,0.002355181
EEF1G,PDvsAD,0.059460733,0.113560354,0.25018059
FKBP2,PDvsAD,0.07277061,0.154313506,0.309185808
AK4,PDvsAD,0.029593144,0.582758029,0.733854779
MAOB,PDvsAD,-0.404952171,8.88e-05,0.001185651
YWHAQ,PDvsAD,-0.160507435,0.004891846,0.02438465
ATP6V0C,PDvsAD,0.201617479,0.161142563,0.317735322
CERS1,PDvsAD,-0.28735869,0.341205437,0.523307412
RPL10,PDvsAD,0.223107647,0.038689065,0.11504359
RPA1,PDvsAD,-0.119809697,0.069310275,0.17526411
APEX1,PDvsAD,-0.265643546,0.000146279,0.001705328
KAI1,PDvsAD,-0.487304514,0.063086867,0.16376176
CALR,PDvsAD,0.030683932,0.48904085,0.66156938
PDE4A,PDvsAD,0.424053837,0.002166295,0.013413373
CANX,PDvsAD,0.035309921,0.287157589,0.468798125
PIK3R1,PDvsAD,-0.063761615,0.311854953,0.493330256
ITPKB,PDvsAD,-0.430228801,0.010858637,0.044734352
PSMB8,PDvsAD,-0.487979998,0.000606594,0.00501521
PSMB6,PDvsAD,0.007114669,0.884688286,0.933210565
PSMB5,PDvsAD,-0.005273341,0.909115128,0.949646401
GSTM2,PDvsAD,-0.159919858,0.124792883,0.266360596
ABCD3,PDvsAD,-0.141112236,0.016906658,0.062588568
TMOD1,PDvsAD,0.314236329,0.000650184,0.005296461
ACADL,PDvsAD,-0.406763702,0.609730354,0.753644552
MAPK1,PDvsAD,-0.11818976,0.031215586,0.098135363
HEL-S-106,PDvsAD,-0.279155003,0.010061502,0.042200959
CD38,PDvsAD,-0.894338423,5.98e-05,0.000918954
PCSK1,PDvsAD,0.763657293,4.21e-06,0.000151771
TPP2,PDvsAD,0.061969342,0.280292475,0.461292726
CRABP2,PDvsAD,0.376918884,0.15128731,0.304649951
TKT,PDvsAD,-0.304478567,0.000226588,0.002414585
MARCKS,PDvsAD,-0.064114382,0.307462307,0.489395082
ERP29,PDvsAD,0.159817886,0.009316274,0.039864344
PRDX6,PDvsAD,-0.502525917,3.31e-06,0.000132812
BLVRB,PDvsAD,-0.250519252,0.002220369,0.013627231
PRDX5,PDvsAD,0.161460378,0.000771371,0.006017863
DDT,PDvsAD,-0.006253077,0.946939102,0.969208844
PRDX3,PDvsAD,0.20792912,3.98e-05,0.000684363
ATP5F1D,PDvsAD,0.297568189,0.005724123,0.027195256
RPL12,PDvsAD,0.114789162,0.06579562,0.169205541
ECHS1,PDvsAD,0.173803986,0.205799902,0.373158229
FCER1G,PDvsAD,-0.194047306,0.336315355,0.518678462
NMT1,PDvsAD,0.136080196,0.115894285,0.253382248
HMOX2,PDvsAD,0.145677421,0.00128384,0.008905168
GSTT1,PDvsAD,0.0127624,0.98021243,0.987903603
SERPINB1,PDvsAD,-0.559484155,0.020642065,0.072605563
ALDH1B1,PDvsAD,-0.140954789,0.564864564,0.721600963
SSTR2,PDvsAD,0.225507171,0.09513811,0.220893618
MIBP1,PDvsAD,-0.088708442,0.656331994,0.788277849
GABRA5,PDvsAD,0.046747113,0.785665273,0.87075541
DNAJA1,PDvsAD,0.033517577,0.66663085,0.795467105
UQCRC1,PDvsAD,0.365821739,2.29e-07,2.22e-05
ATIC,PDvsAD,-0.167581153,0.020437675,0.072133582
YWHAB,PDvsAD,0.087957196,0.032421339,0.100737231
SFN,PDvsAD,-0.227227938,0.016381089,0.061163895
S100A11,PDvsAD,-0.671555471,0.00027347,0.002790396
PRDX2,PDvsAD,-0.048950328,0.301220548,0.48244921
ARRB2,PDvsAD,-0.230447957,0.025992496,0.086238017
GK,PDvsAD,0.138568823,0.038141047,0.114216715
DCTD,PDvsAD,-0.239287612,0.024733546,0.083173629
SLC8A1,PDvsAD,0.402669018,4.53e-07,3.38e-05
GBP2,PDvsAD,-0.554066549,0.179323728,0.340654176
STX2,PDvsAD,-0.031051314,0.830260066,0.899271293
CTH,PDvsAD,-0.024400964,0.758030154,0.85556424
RPL9,PDvsAD,-0.019640782,0.635059296,0.772270755
KIF5B,PDvsAD,-0.193199943,0.000249466,0.002593072
DUT,PDvsAD,0.066870699,0.268898298,0.448558779
GUCY1A2,PDvsAD,0.210053541,0.012686137,0.050442997
RNASE4,PDvsAD,-1.069348706,0.004364837,0.022314927
HSPA4,PDvsAD,0.102520153,0.043596432,0.125285313
MPI,PDvsAD,-0.056027246,0.322453408,0.504253996
GPC1,PDvsAD,-0.02625837,0.710359746,0.823662047
PFN2,PDvsAD,0.149648022,0.00067009,0.005421773
CA8,PDvsAD,-0.254237704,0.073106677,0.182033378
CTNNA1,PDvsAD,-0.487772162,2.53e-05,0.00049016
GTF2F1,PDvsAD,-0.081679478,0.454381339,0.631726572
SPR,PDvsAD,-0.028179823,0.717973056,0.828953482
KRT9,PDvsAD,-0.857690561,0.058122183,0.154213524
FBN1,PDvsAD,-0.504083799,0.243153992,0.420380541
MYH10,PDvsAD,0.137625397,0.005036506,0.02477947
COPB2,PDvsAD,-0.042775991,0.303612637,0.485415804
ADD2,PDvsAD,0.234245407,0.000283619,0.002869295
BSG,PDvsAD,0.065276362,0.258026271,0.43594303
DEK,PDvsAD,-0.317189687,9.71e-05,0.001262437
MYH11,PDvsAD,-0.02094782,0.967237123,0.980458939
CHKA,PDvsAD,0.034104345,0.905989813,0.948309768
SLC16A2,PDvsAD,0.0299208,0.869886849,0.924505555
ARL2,PDvsAD,0.026972897,0.626696634,0.76621374
ARL3,PDvsAD,-0.108043932,0.027505508,0.089321498
MAP2K2,PDvsAD,0.048409206,0.303813094,0.485628352
ATP5F1C,PDvsAD,0.250751269,0.009553789,0.040658037
ATP6V1E1,PDvsAD,0.27828701,2.25e-07,2.22e-05
CPOX,PDvsAD,-0.011717002,0.932352769,0.96117103
PGM1,PDvsAD,-0.114004051,0.030385293,0.096164262
ACVR1B,PDvsAD,-0.135536169,0.273135555,0.45291832
POLR2I,PDvsAD,0.164201108,0.27815938,0.458688772
GMPR,PDvsAD,-0.66941277,0.000236833,0.002501531
SRP14,PDvsAD,-0.068764443,0.327375051,0.509542531
HPCAL1,PDvsAD,0.425132283,0.000560573,0.004732629
TAGLN2,PDvsAD,-0.147394675,0.151980967,0.305533565
ETFB,PDvsAD,0.163995867,0.000752125,0.005886875
RBMX,PDvsAD,0.00407696,0.968279153,0.980845828
GNAL,PDvsAD,-0.373725937,0.081123447,0.196078751
ATP6V1A,PDvsAD,0.221349422,3.94e-05,0.000682579
IGHMBP2,PDvsAD,0.6907511,0.164202654,0.322103625
RPL3,PDvsAD,0.197441735,0.001288194,0.008926762
CUX1,PDvsAD,0.30737793,0.122788903,0.263494317
CAPG,PDvsAD,-0.565651561,2.07e-05,0.000428751
CAP2,PDvsAD,0.328028114,0.000107832,0.001363155
TXLNA,PDvsAD,-0.190458094,0.004380641,0.022347483
PSMB10,PDvsAD,-0.425018151,0.002492083,0.014802274
ARL1,PDvsAD,-0.07344413,0.32531016,0.507362528
STAT3,PDvsAD,-0.171931147,0.036709607,0.11085315
MDH1,PDvsAD,0.108884976,0.018559455,0.067185787
EIF2S3,PDvsAD,-0.001797751,0.968300601,0.980845828
CETN2,PDvsAD,0.053191802,0.317596324,0.499119589
EIF2D,PDvsAD,-0.438117326,0.224267477,0.397035679
CD200,PDvsAD,0.275563102,0.065849741,0.169223718
BUD31,PDvsAD,-0.267015845,0.07499919,0.185448323
NAA10,PDvsAD,0.130097519,0.066221598,0.169875876
ADCYAP1R1,PDvsAD,-0.161534351,0.222774365,0.395658274
GRM5,PDvsAD,0.154653125,0.050442203,0.139172681
ACTR1B,PDvsAD,-0.012480092,0.805312275,0.882899189
ECI1,PDvsAD,-0.169453472,0.165651707,0.323434508
STAT1,PDvsAD,0.112221099,0.543255554,0.705095128
GRIA1,PDvsAD,0.218069925,0.017184588,0.063300822
GRIA2,PDvsAD,0.451210757,1.56e-05,0.000357009
GRIA3,PDvsAD,0.447656265,3.85e-05,0.000674411
PIK3CB,PDvsAD,-0.093147218,0.139185201,0.287634131
MTOR,PDvsAD,0.005096005,0.877417471,0.928809988
EPS15,PDvsAD,-0.44257243,9.7e-05,0.001262437
CASP3,PDvsAD,-0.397332215,0.442839208,0.620319848
RPS27,PDvsAD,-0.251523322,0.031815782,0.0995004
ABL2,PDvsAD,-0.150515392,0.503751466,0.673635304
CDKN2C,PDvsAD,-0.562532543,0.076477881,0.187941713
HTT,PDvsAD,0.1364187,0.025747439,0.085701679
MTHFR,PDvsAD,0.228377476,0.133187426,0.278979952
SLC1A2,PDvsAD,0.199122482,0.035778392,0.108405211
PAFAH1B1,PDvsAD,0.027602384,0.409371979,0.590931697
CRAT,PDvsAD,0.057236943,0.311812619,0.493330256
BTD,PDvsAD,0.098628161,0.755940899,0.854010191
MAGEA9B,PDvsAD,-0.069374106,0.408825572,0.590735705
PTPN9,PDvsAD,0.069061327,0.503932002,0.673751466
AFM,PDvsAD,-0.259649898,0.318565471,0.50009634
ASPA,PDvsAD,-0.796232088,0.004784618,0.023983105
CBX5,PDvsAD,-0.155902331,0.021911472,0.076066224
MAPK9,PDvsAD,0.206279237,0.004120093,0.021425905
PHKA2,PDvsAD,-0.104472969,0.11520326,0.252178044
PHKA1,PDvsAD,-0.132824374,0.112954408,0.249380313
NOP2,PDvsAD,-0.148414438,0.562949079,0.720162646
CRKL,PDvsAD,0.033627151,0.39146281,0.574534175
MTIF2,PDvsAD,-0.242619541,0.223175409,0.395920492
GSTM5,PDvsAD,-0.35484313,0.273661014,0.453662981
CDKN1B,PDvsAD,-0.426414497,8.48e-05,0.001160177
NOTCH1,PDvsAD,-0.330521237,0.046449945,0.130820067
BRCC3,PDvsAD,0.066203077,0.556085735,0.716151617
RPL21,PDvsAD,0.061169452,0.606614819,0.750753681
GNPDA1,PDvsAD,0.039272104,0.498935551,0.66932625
UTRN,PDvsAD,-0.321967545,7.9e-06,0.000226464
HAAO,PDvsAD,-0.941199197,0.095696783,0.221904243
GYG1,PDvsAD,-0.050744131,0.558687198,0.717870135
RABIF,PDvsAD,-0.406652045,0.020046728,0.071137698
RAP1GAP,PDvsAD,0.296940045,0.151200137,0.304611553
CAPZB,PDvsAD,-0.020166915,0.587377395,0.737123716
EIF1AX,PDvsAD,-0.025999535,0.727885898,0.83585659
NPTX2,PDvsAD,0.386404601,0.024831576,0.083464264
ZFP36L2,PDvsAD,-0.634258046,0.110021413,0.245010533
UQCRFS1,PDvsAD,0.417791523,8.07e-08,1.18e-05
SLC6A8,PDvsAD,-0.023156146,0.815701141,0.889664641
ATP5PO,PDvsAD,0.271548265,0.005592595,0.026803947
LIMS1,PDvsAD,-0.287570396,0.001125308,0.008054073
SLC6A11,PDvsAD,0.204126934,0.092298719,0.216255597
ME1,PDvsAD,-0.029257365,0.592501022,0.740034703
GABRA4,PDvsAD,0.215471575,0.187648154,0.351372641
RFX3,PDvsAD,-0.631513067,0.188033215,0.351675163
PPP3CC,PDvsAD,0.084407606,0.40468068,0.586986919
GCLC,PDvsAD,-0.302204793,0.000344533,0.00328242
GCLM,PDvsAD,-0.173336483,0.003380514,0.01861871
PCP4,PDvsAD,0.336032634,0.173743767,0.333708655
KCNC1,PDvsAD,0.166317552,0.194491693,0.358902108
KCNJ3,PDvsAD,0.274472376,0.054310513,0.146642463
TRAPPC10,PDvsAD,-0.09458559,0.122891135,0.263631354
PSMD8,PDvsAD,0.043643149,0.398988314,0.582145777
GSS,PDvsAD,-0.395501975,4.12e-06,0.000151771
CCT5,PDvsAD,0.098203672,0.008621979,0.037450419
HEL-S-77p,PDvsAD,-0.368261366,2.78e-08,9.01e-06
PITPNB,PDvsAD,-0.184138444,0.005428769,0.026209527
MARCKSL1,PDvsAD,-0.285692447,0.00211821,0.013203019
CAMLG,PDvsAD,0.159512846,0.084286432,0.201687394
ALDH9A1,PDvsAD,-0.239415598,0.008609296,0.037417924
RPIA,PDvsAD,0.19766123,0.095267403,0.221084265
NASP,PDvsAD,-0.176018716,0.055345863,0.148545819
FASN,PDvsAD,-0.073420427,0.120689717,0.260438764
ARRB1,PDvsAD,-0.004875727,0.905804222,0.948309768
TUFM,PDvsAD,0.20634547,0.000133612,0.001601789
AMPH,PDvsAD,0.263212889,2.41e-05,0.000477252
ALDH7A1,PDvsAD,-0.293047892,0.028258343,0.091189887
SRP9,PDvsAD,-0.158238765,0.005540511,0.026657453
AARS1,PDvsAD,-0.03948081,0.271590218,0.451688
CARS1,PDvsAD,-0.002260514,0.966836266,0.980190734
PPM1F,PDvsAD,0.150502144,0.003157241,0.017687562
CSNK1E,PDvsAD,-0.249216278,6.29e-06,0.000191689
CTCF,PDvsAD,-0.480620792,0.418153888,0.598325227
PSMB3,PDvsAD,0.045960254,0.423832692,0.604047663
ACADVL,PDvsAD,-0.100968624,0.327697403,0.50975939
YLPM1,PDvsAD,-0.071345725,0.28963258,0.471340984
RBM25,PDvsAD,0.199764494,0.17131112,0.330752944
RGS6,PDvsAD,0.336657616,0.00033171,0.003205709
EIF2B2,PDvsAD,-0.205639683,0.023420709,0.079781511
HINT1,PDvsAD,0.061849361,0.235999121,0.410828092
RANBP2,PDvsAD,-0.04175103,0.29855584,0.479569486
GSK3B,PDvsAD,0.116904879,0.022662805,0.077959616
SEPHS1,PDvsAD,-0.038651338,0.671227807,0.798700019
ENTPD1,PDvsAD,-0.074012387,0.649820272,0.783074322
HNMT,PDvsAD,-0.505491639,0.000239705,0.002520756
PPOX,PDvsAD,0.234787927,0.045036515,0.127937587
EMD,PDvsAD,0.03700045,0.616394472,0.758809762
GATM,PDvsAD,-0.249673105,0.002248502,0.013776383
PDLIM4,PDvsAD,-0.195525301,0.139921401,0.288382418
NUDT2,PDvsAD,0.016523845,0.860191538,0.918561837
HLCS,PDvsAD,-0.050292711,0.677787293,0.802614033
LRBA,PDvsAD,0.171417147,0.130020766,0.274263745
PPT1,PDvsAD,-0.019993352,0.829730862,0.899257332
CCT8,PDvsAD,0.094494555,0.023370959,0.079768042
CCT4,PDvsAD,0.031095186,0.460584682,0.637357756
ANXA11,PDvsAD,0.054496875,0.379283001,0.563674096
FXR2,PDvsAD,0.20404163,0.001143246,0.00817432
RAB13,PDvsAD,-0.143788953,0.214077778,0.38419697
RAB28,PDvsAD,-0.144290727,0.164088553,0.322070484
FABP6,PDvsAD,0.156427215,0.33609448,0.518644386
DAP3,PDvsAD,0.041888198,0.693886244,0.812886605
SMARCA2,PDvsAD,0.117597676,0.101063135,0.231306037
IDH3G,PDvsAD,0.366940388,1.81e-06,8.51e-05
GALK1,PDvsAD,-0.328402806,0.006347536,0.029380843
SSR4,PDvsAD,-0.014910478,0.864297911,0.920748648
HCFC1,PDvsAD,-0.11012661,0.232472198,0.40675566
ALDH5A1,PDvsAD,-0.013838528,0.952187137,0.971225479
GPM6A,PDvsAD,0.18130884,0.02373407,0.080489941
STAT5B,PDvsAD,-0.059082055,0.230396128,0.40430333
APLP1,PDvsAD,-0.189839499,0.130662081,0.275083774
CLCN6,PDvsAD,0.020755065,0.73413118,0.840058157
PLXNA3,PDvsAD,0.030454729,0.936322961,0.963031989
HDGF,PDvsAD,0.005957706,0.986532167,0.991771611
LUM,PDvsAD,-0.0138169,0.975437957,0.984885629
PRELP,PDvsAD,0.147026732,0.778222629,0.867440169
CNN1,PDvsAD,0.743120881,0.215052689,0.385657939
NDUFA8,PDvsAD,0.481395453,1.33e-06,7.03e-05
HNRNPA3,PDvsAD,0.007591855,0.913463343,0.952031808
MYOM1,PDvsAD,0.091903834,0.507251594,0.676053495
PGD,PDvsAD,-0.116986099,0.028003957,0.09053781
HNRNPM,PDvsAD,-0.081451182,0.067561031,0.172512068
KPNA1,PDvsAD,-0.180901836,0.014530008,0.055867955
NCBP2,PDvsAD,0.287747215,0.038106507,0.114160809
ARHGDIA,PDvsAD,0.152060517,0.003789083,0.020209819
STAT2,PDvsAD,0.031043159,0.866840165,0.922637068
MSH6,PDvsAD,-0.639026217,0.002468915,0.014688924
VAV2,PDvsAD,-0.301140703,0.577074062,0.730020001
SMS,PDvsAD,-0.048605299,0.398192739,0.581636034
EFNB2,PDvsAD,0.240037625,0.000424613,0.003846074
THOP1,PDvsAD,0.017797071,0.764351192,0.859702207
AKR1C2,PDvsAD,-0.267017049,0.181121818,0.342754337
CRIP2,PDvsAD,0.156457369,0.021604895,0.07525618
NUP98,PDvsAD,-0.122072692,0.163580302,0.321484457
ARFIP1,PDvsAD,0.028131097,0.755550438,0.853703157
NUBP1,PDvsAD,-0.085613841,0.728530541,0.836043424
METAP1,PDvsAD,0.046051528,0.357743485,0.539917937
MVD,PDvsAD,-0.108556838,0.129679805,0.27386855
PGGT1B,PDvsAD,-0.021010564,0.789074375,0.871545158
RABGGTB,PDvsAD,-0.141680118,0.069321061,0.17526411
COPB1,PDvsAD,-0.102618526,0.00379739,0.020233056
COPA,PDvsAD,-0.105331338,0.002895782,0.016597101
CLTCL1,PDvsAD,-0.124592908,0.523076137,0.687966109
AP3M2,PDvsAD,0.383615922,4.49e-08,9.01e-06
SLC5A3,PDvsAD,-0.092986138,0.727401508,0.835547596
RCAN1,PDvsAD,0.106206993,0.391402977,0.574534175
SUB1,PDvsAD,0.342551629,0.002296966,0.013989906
RARS1,PDvsAD,0.068850473,0.074730798,0.185102834
CACNB3,PDvsAD,0.156699412,0.080170443,0.194294474
CACNA2D1,PDvsAD,0.23644426,0.000750028,0.005876855
USP14,PDvsAD,0.005065446,0.895707554,0.941520449
BCAT1,PDvsAD,0.094576492,0.147392614,0.298983382
ATP12A,PDvsAD,0.254559728,0.012017932,0.048259576
ATP1B3,PDvsAD,0.22552021,0.104959289,0.237412631
RAD23B,PDvsAD,0.017402739,0.659215896,0.790590293
PDE1A,PDvsAD,0.007648571,0.909627591,0.949882605
EPHB1,PDvsAD,0.175747362,0.351131474,0.532993809
ALDH18A1,PDvsAD,-0.022659992,0.816563695,0.890200463
SLC12A2,PDvsAD,-0.175443815,0.061175489,0.160012833
PSMD4,PDvsAD,-0.085189894,0.09281713,0.216975501
CSE1L,PDvsAD,-0.165082623,0.004462537,0.022668717
VCP,PDvsAD,0.007048213,0.831790784,0.900116009
MFAP1,PDvsAD,-0.096966371,0.706974424,0.821662147
HADHB,PDvsAD,-0.368557139,1.46e-06,7.35e-05
NCKAP1L,PDvsAD,-0.483467603,0.158600576,0.314838726
ADK,PDvsAD,-0.218651084,0.001623418,0.010722908
ADAR,PDvsAD,-2.915829735,0.002213122,0.013616886
CDH6,PDvsAD,0.204790764,0.106419271,0.239885246
FOXG1,PDvsAD,0.37062217,0.256070328,0.434106497
TPD52,PDvsAD,0.194286795,0.00562357,0.026885419
SEC13,PDvsAD,0.012107181,0.803249181,0.882102497
HNRNPH2,PDvsAD,0.102206906,0.141231787,0.289920162
ATP5MF,PDvsAD,-0.008243118,0.958218672,0.975303086
ATP5F1EP2,PDvsAD,0.277119979,0.057802796,0.153637183
ATP5ME,PDvsAD,0.382258192,0.000148712,0.001723361
HDAC4,PDvsAD,0.141952865,0.255852701,0.433918153
EIF6,PDvsAD,0.012690559,0.897218266,0.942695149
CTBP2,PDvsAD,0.158594258,0.123301603,0.264196732
PEX3,PDvsAD,-0.142152551,0.709471212,0.823476897
STX17,PDvsAD,0.201138449,0.159295995,0.315564884
JAM2,PDvsAD,0.102673409,0.101499046,0.232140743
NUP107,PDvsAD,0.297093585,0.147979126,0.299834888
EEFSEC,PDvsAD,-0.286630315,8.16e-06,0.000230647
MTPN,PDvsAD,-0.02696341,0.543698607,0.70538207
GNG2,PDvsAD,0.231606936,0.006839357,0.031294846
TPI1,PDvsAD,0.111940154,0.006899986,0.031452218
SEC61B,PDvsAD,0.253286437,0.094771612,0.220327152
GABARAPL2,PDvsAD,0.209522333,0.000142544,0.001671184
ROMO1,PDvsAD,-0.281697888,0.336228729,0.518656069
RAC3,PDvsAD,0.155260818,0.28356571,0.465151232
RPS20,PDvsAD,0.047710251,0.512548172,0.681137975
S100A10,PDvsAD,-0.513518736,0.005283645,0.025766275
DSTN,PDvsAD,0.078782627,0.043803578,0.125652407
GMFB,PDvsAD,-0.029957335,0.536117553,0.698857115
SRP54,PDvsAD,-0.051816824,0.271046239,0.451304537
RAB10,PDvsAD,0.029034081,0.572079219,0.726030577
UBE2K,PDvsAD,0.056295279,0.265002526,0.443809818
UBE2N,PDvsAD,0.116696312,0.007158646,0.032344308
ACTR1A,PDvsAD,-0.011862356,0.856428578,0.91587061
COPS2,PDvsAD,0.039353248,0.256816683,0.434859322
ABCE1,PDvsAD,-0.103164084,0.019072813,0.068356125
DKFZp547A0616,PDvsAD,0.178395497,0.044979889,0.127897183
RPS3A,PDvsAD,-0.028873121,0.494331238,0.665118705
STX1B,PDvsAD,0.583081001,3.34e-09,2.41e-06
SST,PDvsAD,-0.109024017,0.613435117,0.756850565
FGF12,PDvsAD,0.294608806,1.66e-05,0.000369026
PCBD,PDvsAD,-0.038889126,0.649274105,0.782807348
STXBP1,PDvsAD,0.466736399,1.24e-09,9.92e-07
STXBP1,PDvsAD,0.503954112,0.003634957,0.019642947
DCAF7,PDvsAD,0.037267747,0.499339815,0.669625805
WDR5,PDvsAD,0.014114087,0.829508824,0.899257332
YWHAG,PDvsAD,0.187063849,9.8e-05,0.001265769
USP46,PDvsAD,-0.138577875,0.073773708,0.183490416
RRAS2,PDvsAD,-0.150170195,0.004977814,0.02467099
TIMM10,PDvsAD,0.294032048,5.6e-05,0.000873784
RPS7,PDvsAD,-0.030946356,0.497073965,0.668184083
PPP1CA,PDvsAD,0.118984174,0.058086581,0.154175931
PPP1CB,PDvsAD,-0.018786016,0.738234757,0.843434753
PSMC1,PDvsAD,0.070401143,0.117998272,0.256423434
RPS8,PDvsAD,0.227569249,0.005956475,0.02800322
YWHAE,PDvsAD,-0.024731026,0.460876086,0.637606999
RPS14,PDvsAD,-0.042676354,0.546092954,0.707501193
RPS18,PDvsAD,-0.060577044,0.421847022,0.601694553
RPS13,PDvsAD,-0.04839955,0.744243074,0.846797522
RPS11,PDvsAD,0.004554965,0.909071402,0.949646401
SNRPE,PDvsAD,-0.049580269,0.664762501,0.794291805
SNRPF,PDvsAD,-0.106532668,0.284663399,0.466114903
LSM3,PDvsAD,0.124633824,0.244823343,0.421300365
LSM6,PDvsAD,-0.097494268,0.151225894,0.304611553
SNRPD2,PDvsAD,-0.053616017,0.3443785,0.526597481
SNRPD3,PDvsAD,-0.11850377,0.101412019,0.232015474
RPL7A,PDvsAD,0.050916789,0.27270472,0.452604714
POLR2G,PDvsAD,-0.342317009,0.0082871,0.03645817
ETF1,PDvsAD,-0.173024502,6.52e-05,0.000968025
RHOB,PDvsAD,-0.021061713,0.70556803,0.82093612
RPL23A,PDvsAD,0.134243176,0.042122836,0.122042744
VSNL1,PDvsAD,0.165907828,0.003637482,0.019642947
RAB1A,PDvsAD,0.285845369,4.02e-06,0.000150733
RAN,PDvsAD,0.056152548,0.175179843,0.335213783
RPS25,PDvsAD,-0.002250335,0.974268054,0.984257038
RBX1,PDvsAD,0.066636874,0.45708919,0.634518342
GNB2,PDvsAD,0.035569128,0.491691076,0.663303434
GNB2,PDvsAD,0.262187271,0.341856249,0.523965907
RPL10A,PDvsAD,0.073222371,0.086019926,0.204745641
RPL11,PDvsAD,0.044526693,0.26173908,0.439777902
PPIA,PDvsAD,0.101287476,0.604051676,0.749978539
FKBP1A,PDvsAD,0.182535064,0.062214655,0.161965261
CACNG7,PDvsAD,-0.073822567,0.770187002,0.862786965
GNAI1,PDvsAD,0.241960344,7.93e-05,0.001115591
DYNLL1,PDvsAD,0.005880001,0.949358998,0.970485938
DYNLT1,PDvsAD,-0.526077361,0.000921852,0.006921588
SKP1,PDvsAD,-0.01222922,0.779189983,0.867737041
GNG3,PDvsAD,0.475517369,0.000576491,0.004816147
GNG5,PDvsAD,-0.184557384,0.005861855,0.027725876
RPS21,PDvsAD,-0.014316424,0.78316723,0.869176957
EIF5A,PDvsAD,0.064538706,0.067680347,0.172694125
ACTG1,PDvsAD,0.126080836,0.030202975,0.095789242
UBE2I,PDvsAD,0.05701041,0.236162437,0.4109135
YBX1,PDvsAD,-0.521854664,1.21e-05,0.00030728
TPM4,PDvsAD,0.111708268,0.07130819,0.178842332
TPM4,PDvsAD,0.146744754,0.054147915,0.146368265
EEF1A1,PDvsAD,-0.364005921,0.014294167,0.055278466
FKBP1B,PDvsAD,0.483096234,0.004886401,0.024374396
TUBA4A,PDvsAD,0.055012424,0.264065459,0.442755908
TUBB2C,PDvsAD,0.046406647,0.338850032,0.521084482
PAFAH1B2,PDvsAD,-0.01253666,0.841037954,0.905645796
CXADR,PDvsAD,0.13047732,0.23785191,0.412754835
IGBP1,PDvsAD,0.19036074,0.000677579,0.005461324
GPC5,PDvsAD,-0.181702873,0.220200378,0.392363556
ASIC1,PDvsAD,0.197242088,0.021346781,0.07466876
PIP4K2B,PDvsAD,0.067228562,0.111122603,0.246699037
CNTNAP1,PDvsAD,0.007073833,0.947647261,0.969343963
CLDN10,PDvsAD,-0.571334407,4.23e-08,9.01e-06
CCT2,PDvsAD,0.111982206,0.003157352,0.017687562
RAE1,PDvsAD,0.028711382,0.682899907,0.805790524
PRKDC,PDvsAD,-0.20003491,8.47e-05,0.001160177
S100A12,PDvsAD,-0.894629389,0.003284453,0.01822922
BASP1,PDvsAD,0.320499019,0.001965115,0.012475794
SIM1,PDvsAD,0.414216776,0.243442789,0.420380541
MRPS25,PDvsAD,0.063166898,0.579283856,0.731657379
MRPS35,PDvsAD,-0.096682986,0.605207424,0.750198011
MRPS5,PDvsAD,-0.043603361,0.651187749,0.784063187
MRPS36,PDvsAD,0.234100335,0.003028503,0.017139279
MRPS15,PDvsAD,-0.379848395,0.102962711,0.2343705
MRPS6,PDvsAD,0.03828798,0.663796701,0.793401408
MRPS9,PDvsAD,0.08015865,0.454407519,0.631726572
HMGN5,PDvsAD,-0.087088065,0.263094878,0.441437243
SARNP,PDvsAD,-0.679208869,0.150743205,0.303922952
LACTB,PDvsAD,0.20056461,0.032198529,0.100304903
TXNL4A,PDvsAD,-0.134688859,0.109123777,0.243690572
HPCA,PDvsAD,0.645220316,0.000285172,0.002875016
RHOG,PDvsAD,-0.524254268,0.016101332,0.060478791
SERF2,PDvsAD,-0.39305159,0.003291992,0.018256976
MXRA7,PDvsAD,0.067119018,0.343699124,0.526117855
CCZ1,PDvsAD,0.005417537,0.930861767,0.960368429
SHC2,PDvsAD,0.275904476,0.158510562,0.314815893
MUC5AC,PDvsAD,-1.256800732,0.04397035,0.126007462
VLDLR,PDvsAD,0.108738941,0.332185891,0.514516174
XIAP,PDvsAD,-0.078746614,0.690819663,0.811216834
EFNB1,PDvsAD,-0.188140035,0.14921116,0.30173626
ATP2C1,PDvsAD,0.207723404,0.018169011,0.066071637
PPP2R2B,PDvsAD,-0.482730788,0.017017348,0.062868918
PITPNA,PDvsAD,0.02824438,0.430319707,0.610029493
GTF2B,PDvsAD,-0.03133832,0.867153516,0.922834034
PURA,PDvsAD,0.392123967,2.61e-08,9.01e-06
HEL-S-95n,PDvsAD,-0.327251857,5.82e-06,0.000185204
HNRNPU,PDvsAD,-0.119918602,0.018908231,0.068037471
GALK2,PDvsAD,-0.22168567,0.194590344,0.358902108
AMPD3,PDvsAD,-0.309883201,0.046495035,0.13085797
ANK2,PDvsAD,-0.111740698,0.136580829,0.284266753
CAP1,PDvsAD,-0.139712624,0.104366336,0.236666788
SLC7A5,PDvsAD,0.167615602,0.002445305,0.014608867
DR1,PDvsAD,0.003074369,0.982110983,0.989124097
EXOSC10,PDvsAD,-0.34588939,0.245474474,0.421911084
PFKP,PDvsAD,0.286950192,0.000375252,0.003494552
ATP2B2,PDvsAD,0.407996592,0.000398637,0.003666744
OCRL,PDvsAD,0.058381452,0.322757263,0.504584436
PLCB3,PDvsAD,0.018538645,0.81411893,0.888343061
TAGLN,PDvsAD,0.719092252,0.0611161,0.159915645
NAAA,PDvsAD,-0.832652173,0.216740391,0.388007375
DHODH,PDvsAD,-0.184042431,0.234928405,0.409496347
GUCY1B1,PDvsAD,0.038080474,0.424989482,0.604977111
OGDH,PDvsAD,0.630131581,0.003963468,0.020824854
CYP27A1,PDvsAD,-0.299799884,0.038509013,0.11469786
BDH1,PDvsAD,0.189594721,0.043077046,0.124289288
APBA1,PDvsAD,0.196944013,0.00149563,0.010026154
CACNB1,PDvsAD,0.223866991,0.122634449,0.263459045
MAP3K10,PDvsAD,0.473714972,0.00075648,0.005914521
FKBP4,PDvsAD,0.132553334,0.060876831,0.15940555
TOP2B,PDvsAD,-0.119667442,0.098010345,0.226102762
AKAP12,PDvsAD,-0.075731172,0.276171281,0.456561715
SLC25A11,PDvsAD,0.358542298,1.57e-06,7.75e-05
DST,PDvsAD,0.350437874,0.019590665,0.069829301
MLLT1,PDvsAD,-0.157785359,0.329099607,0.511149868
GNA12,PDvsAD,-0.356899846,0.030012269,0.095269022
CAV1,PDvsAD,-0.01310262,0.945413885,0.968402375
TNFAIP2,PDvsAD,-0.402544328,0.498405054,0.669150071
LMNB2,PDvsAD,-0.052356346,0.29682915,0.478593338
PTS,PDvsAD,-0.26358685,0.129905771,0.274181987
PLAUR,PDvsAD,0.233421488,0.030383661,0.096164262
GBE1,PDvsAD,-0.236742199,0.00532183,0.025899812
KRT17,PDvsAD,0.150075913,0.820953618,0.893496652
NOTCH2,PDvsAD,-0.039570906,0.921250492,0.955661204
TLE4,PDvsAD,0.002539714,0.985064438,0.990572976
GLO1,PDvsAD,-0.071361507,0.124620097,0.26614975
AKR1C1,PDvsAD,-0.149857668,0.259280129,0.437112314
CSTF1,PDvsAD,0.105690734,0.589924589,0.737985589
UBE3A,PDvsAD,0.047930072,0.404790934,0.587028466
PTPN12,PDvsAD,-0.309262049,0.013819492,0.053929531
GAD2,PDvsAD,0.132921801,0.207682248,0.375530018
SFRS11,PDvsAD,-0.261864782,0.177875653,0.338750217
GRIN1,PDvsAD,0.244726225,0.006371268,0.029452782
EEF1A2,PDvsAD,0.14106352,0.009601048,0.040791695
CALD1,PDvsAD,-0.015307454,0.917111003,0.953154088
COL14A1,PDvsAD,0.189567431,0.709918206,0.823491048
RNASEL,PDvsAD,-0.540353796,0.003578177,0.019425885
TP53BP2,PDvsAD,-0.157678644,0.175801124,0.335777347
UNC93B1,PDvsAD,-0.220566752,0.238539751,0.413848632
OGFR,PDvsAD,0.11493663,0.165292983,0.323172718
GTF3C4,PDvsAD,-0.117586884,0.841055737,0.905645796
C20orf177,PDvsAD,0.897346685,0.1660378,0.32401245
THRAP3,PDvsAD,0.015827339,0.934750208,0.962309754
UBR7,PDvsAD,-0.064707484,0.403005533,0.585738291
HEBP2,PDvsAD,-0.100551582,0.400130051,0.583090652
SF3A2,PDvsAD,0.072868839,0.677971729,0.802614033
GFPT1,PDvsAD,-0.261051048,0.057213431,0.152423528
FMR1,PDvsAD,-0.00915336,0.971817961,0.982939892
PRDX1,PDvsAD,-0.364641109,7.16e-06,0.000210162
C1QBP,PDvsAD,0.299424146,9.78e-05,0.001265734
PDE4B,PDvsAD,-0.270854748,0.011455559,0.046422442
BAX,PDvsAD,-0.031578641,0.702628486,0.819429834
LRP1,PDvsAD,-0.078197546,0.128995983,0.272822141
ARHGAP1,PDvsAD,-0.006170876,0.884635587,0.933210565
PCDH1,PDvsAD,0.321763374,0.000239092,0.002517991
DHX9,PDvsAD,-0.075294534,0.057462031,0.152969796
CRYZ,PDvsAD,0.160403165,0.401024047,0.583683927
GOLGA3,PDvsAD,0.073820877,0.161239283,0.317751825
GOLGA2,PDvsAD,0.039538307,0.754158738,0.852532422
EHHADH,PDvsAD,-0.497799345,0.006441894,0.029760145
ADCY2,PDvsAD,-0.12378233,0.130677221,0.275083774
PUDP,PDvsAD,-0.171484804,0.299982855,0.481324264
CD47,PDvsAD,0.142225369,0.018213003,0.066164712
ADCY1,PDvsAD,0.340440119,3.67e-06,0.000141841
CAMSAP2,PDvsAD,0.156456848,0.002209084,0.013604403
SPIRE1,PDvsAD,0.090017204,0.391753098,0.574725685
VAC14,PDvsAD,0.080784611,0.107697146,0.241554591
DNAJC2,PDvsAD,0.728523851,0.104197703,0.236358901
NSUN2,PDvsAD,-0.401339579,0.035094739,0.10713663
RBBP4,PDvsAD,-0.057865224,0.428872112,0.608577057
ABCC8,PDvsAD,0.034826265,0.870266525,0.924505555
KCNA1,PDvsAD,0.051643802,0.695581279,0.814209298
AHNAK,PDvsAD,-0.55905054,2.96e-05,0.000553552
C1orf43,PDvsAD,-0.04944841,0.736516209,0.841922634
SARM1,PDvsAD,-0.073163933,0.341386721,0.523357775
FCHO2,PDvsAD,-0.310474384,0.00109734,0.00787741
PARG,PDvsAD,0.022587724,0.92240599,0.956032607
ELP6,PDvsAD,0.035374578,0.699757635,0.818112525
TBCEL,PDvsAD,-0.152049519,0.418589709,0.598732309
HSPA14,PDvsAD,0.042916996,0.631772076,0.769574351
SCRN3,PDvsAD,-0.099832679,0.288730981,0.470299354
SCRN3,PDvsAD,-0.677478635,0.330914452,0.512988719
CGNL1,PDvsAD,-0.040781065,0.805247148,0.882899189
PMPCA,PDvsAD,0.145416523,0.018711474,0.067498311
KIF1A,PDvsAD,0.069943786,0.132882048,0.27866489
FOXO1,PDvsAD,-0.258918253,0.203514034,0.370133108
TWF1,PDvsAD,-0.204964406,0.007722044,0.034456987
ASPH,PDvsAD,-0.14899368,0.128394379,0.272031516
KIF5A,PDvsAD,0.014370164,0.874785042,0.927117701
STX4,PDvsAD,-0.233157309,0.006316366,0.029329403
NFIA,PDvsAD,-0.229559987,0.519464964,0.685346934
SFSWAP,PDvsAD,-0.363751624,0.526732549,0.691530293
GRIN2A,PDvsAD,0.323355894,0.000977612,0.007194566
AIMP1,PDvsAD,0.048023461,0.334400296,0.517055316
ILF3,PDvsAD,-0.065142782,0.166543432,0.324646858
EPS8,PDvsAD,-0.131343311,0.28162036,0.462910249
TAF10,PDvsAD,-0.077446766,0.570493585,0.72551547
MYO1E,PDvsAD,-0.728624553,0.001264863,0.008798997
PTP4A2,PDvsAD,-0.275708134,0.000691817,0.005529158
NPRL3,PDvsAD,-0.090720495,0.64047936,0.776368054
BNIP1,PDvsAD,-0.0318971,0.626842809,0.76621374
NFX1,PDvsAD,-0.209586241,0.304424404,0.486497386
CSTF3,PDvsAD,-0.012109823,0.922774795,0.956277064
GRIK3,PDvsAD,-0.415653076,0.004781616,0.023983105
TIAM1,PDvsAD,0.217498991,0.051375901,0.141210109
ECH1,PDvsAD,0.103492235,0.078660598,0.191774014
MLLT11,PDvsAD,0.094613687,0.436143299,0.615495144
FLII,PDvsAD,0.114008312,0.003209853,0.017911924
COASY,PDvsAD,-0.080215207,0.153190511,0.307363834
MTAP,PDvsAD,-0.093591295,0.145164604,0.29554741
PRKAA1,PDvsAD,0.027892773,0.658302378,0.789992662
PPFIA1,PDvsAD,-0.191645543,0.119998506,0.2596261
EIF2B5,PDvsAD,-0.132098873,0.121187803,0.261302119
HNRNPA0,PDvsAD,0.069317753,0.140718515,0.289279302
PRDX4,PDvsAD,-0.177103761,0.013494647,0.053013107
PAK2,PDvsAD,-0.148203549,0.006324191,0.029329403
STK3,PDvsAD,-0.439956088,0.006119051,0.028580738
STX5,PDvsAD,0.045425328,0.563708505,0.720589173
PSMD2,PDvsAD,-0.020398714,0.483830692,0.657260465
GRIN2B,PDvsAD,0.170402526,0.088755279,0.209283821
SELENBP1,PDvsAD,-0.252526687,0.002900277,0.016609629
c371H6.2,PDvsAD,0.150825604,0.088105024,0.208305747
SRSF9,PDvsAD,-0.02091629,0.787005865,0.871046805
GRM1,PDvsAD,0.070096755,0.473006997,0.649053669
G3BP,PDvsAD,-0.056332981,0.418662006,0.598732309
KCNAB2,PDvsAD,-0.099292797,0.669025926,0.797399087
PTK7,PDvsAD,-0.03899641,0.841854652,0.90582805
PABPC4,PDvsAD,0.124090295,0.023609845,0.080182067
GRB10,PDvsAD,-0.311867216,0.095281693,0.221084265
IFIT5,PDvsAD,-0.138077534,0.079295388,0.192628073
PTPRS,PDvsAD,0.19082337,0.002445101,0.014608867
SLC14A1,PDvsAD,-0.480983981,0.087786079,0.208123028
EIF3I,PDvsAD,-0.013091339,0.750393381,0.85095059
PPP2R5C,PDvsAD,0.221055451,0.01215171,0.048586578
CTBP1,PDvsAD,0.324938633,8.34e-05,0.001152315
AP3B2,PDvsAD,0.379848849,7.35e-08,1.13e-05
PDCL,PDvsAD,0.061139816,0.624962414,0.7647257
PLD1,PDvsAD,-0.748539264,0.003697179,0.019875449
TARBP1,PDvsAD,0.057075127,0.726149173,0.834242294
UBE2V1,PDvsAD,0.168519234,0.00026146,0.002690529
SNTA1,PDvsAD,-0.269738403,1.38e-05,0.00033178
TCOF1,PDvsAD,0.026852397,0.735354318,0.841056386
UNC119,PDvsAD,0.110643624,0.436911834,0.615924995
SLC39A6,PDvsAD,0.635906179,0.000820266,0.006310348
SF3B2,PDvsAD,-0.048945565,0.485720376,0.659205031
PDAP1,PDvsAD,-0.036289538,0.504372288,0.673964308
ADAM9,PDvsAD,0.239277314,0.083680713,0.200571598
TMED1,PDvsAD,-0.20639155,0.029523848,0.094342532
GAB1,PDvsAD,-0.643795625,4.73e-05,0.000765204
SQSTM1,PDvsAD,-0.805075824,1.46e-08,7.48e-06
TUBB3,PDvsAD,0.212025845,0.000165292,0.001867239
PPP1R1A,PDvsAD,0.139923297,0.465510378,0.642144206
PIN1,PDvsAD,0.237507016,6e-06,0.000186802
CAMK2B,PDvsAD,0.19538638,0.227154527,0.400274991
CAMK2D,PDvsAD,-0.23400077,0.309525678,0.491263028
DCTN2,PDvsAD,0.004732128,0.923881656,0.95673492
NAE1,PDvsAD,-0.101253651,0.045122193,0.128083637
TRA2A,PDvsAD,-0.057363554,0.637215705,0.773585243
CUL4A,PDvsAD,-0.028056336,0.50829853,0.677014096
DYRK1A,PDvsAD,0.226713676,0.003581082,0.019425885
CDH18,PDvsAD,0.264524858,0.444817428,0.622227253
TPBG,PDvsAD,0.448209854,0.002990459,0.017004246
MOGS,PDvsAD,0.04897661,0.415084865,0.595076323
ALCAM,PDvsAD,-0.343380987,9.53e-06,0.000257645
SHROOM2,PDvsAD,0.105780963,0.170775153,0.330211203
SPTAN1,PDvsAD,0.105681448,0.000500735,0.004370612
AUH,PDvsAD,0.328930696,7.23e-07,4.47e-05
BLMH,PDvsAD,-0.053930493,0.407600385,0.589794723
SNTB1,PDvsAD,-0.351499046,0.000564766,0.004748243
TUBB2A,PDvsAD,0.038331012,0.523839305,0.688717989
RAPGEF1,PDvsAD,0.01779936,0.813661119,0.88824775
IDI1,PDvsAD,0.030943677,0.686441106,0.80851005
CAPS,PDvsAD,-1.163454701,3.5e-05,0.000622031
RASGRF1,PDvsAD,0.105715646,0.299960867,0.481324264
PRKG1,PDvsAD,-0.353915968,0.000338078,0.003251065
CKAP5,PDvsAD,0.015916121,0.663999238,0.793511632
COTL1,PDvsAD,-0.460620428,2.41e-06,0.00010544
COX17,PDvsAD,0.207152652,0.129720271,0.273870827
RAB33A,PDvsAD,-0.084774893,0.101598955,0.232232848
NID2,PDvsAD,-0.113719753,0.242346837,0.419441962
LRP8,PDvsAD,-0.093519243,0.808381871,0.884756119
DSG2,PDvsAD,1.032867965,0.290717741,0.472465593
SAFB2,PDvsAD,-0.095007394,0.400403186,0.583223481
ARHGEF7,PDvsAD,0.109287436,0.013039975,0.051678534
UBAP2L,PDvsAD,0.14742087,0.074413958,0.184699655
GIT2,PDvsAD,0.179374748,0.031737157,0.09929768
SCARF1,PDvsAD,-0.494331161,0.122700932,0.263459045
MLEC,PDvsAD,0.164732854,0.000397797,0.003666744
CRMP1,PDvsAD,0.170700002,0.02460129,0.082845075
DCTN1,PDvsAD,-0.003728712,0.932762402,0.961364086
DYNC1H1,PDvsAD,-0.074088725,0.177541122,0.338381901
EIF2B1,PDvsAD,-0.103128538,0.039158949,0.11610483
RCN2,PDvsAD,0.22432924,0.000263734,0.002710052
TRIM25,PDvsAD,-0.074568831,0.283959965,0.465418132
PTK2B,PDvsAD,0.326535534,8.32e-06,0.00023283
FLNC,PDvsAD,-0.687928997,1.81e-05,0.000389961
FAM50A,PDvsAD,-0.535422224,0.044713618,0.127409377
GAMT,PDvsAD,-0.242191836,0.06086201,0.15940555
GALE,PDvsAD,0.103843552,0.174209309,0.334156682
CAPRIN1,PDvsAD,0.159960143,0.002282354,0.013948151
ITPR2,PDvsAD,-0.444863871,4.74e-06,0.000163165
ITPR3,PDvsAD,-0.062420963,0.700492813,0.818272472
ELAVL3,PDvsAD,-0.108387096,0.086300608,0.205345774
INPP5A,PDvsAD,0.280191267,0.001044874,0.007553544
ITPR1,PDvsAD,0.142204914,0.028770111,0.092468011
RASA3,PDvsAD,-0.19409938,0.171026142,0.33043004
PLS1,PDvsAD,0.092701059,0.732449621,0.83840072
LAGE3,PDvsAD,0.115173679,0.248801585,0.425899524
TRIP12,PDvsAD,-0.119856851,0.061286708,0.160245471
PUM1,PDvsAD,-0.1174036,0.044477259,0.126903975
SMC1A,PDvsAD,-0.23090895,0.008966163,0.038642069
DIP2A,PDvsAD,0.077583284,0.16458715,0.322230639
PDCD11,PDvsAD,0.12074993,0.558804693,0.717892865
BMS1,PDvsAD,-0.055261917,0.925511467,0.957457786
LPIN1,PDvsAD,-0.13516991,0.074954713,0.185437712
USP10,PDvsAD,0.056611097,0.354512563,0.536279467
MESD,PDvsAD,-0.129985996,0.096046797,0.222500679
GANAB,PDvsAD,-0.321466715,0.053056277,0.144832562
RFTN1,PDvsAD,0.146720798,0.291707412,0.473325381
KCNB1,PDvsAD,0.61858235,0.013472281,0.052973081
KCNAB1,PDvsAD,0.115893028,0.312914333,0.494897273
MVP,PDvsAD,-0.11043227,0.499400673,0.669625805
GOLGB1,PDvsAD,0.047996301,0.369533894,0.553036081
NAA30,PDvsAD,0.092439138,0.465152535,0.641826623
MEF2D,PDvsAD,0.123027602,0.437663805,0.616431516
CRYM,PDvsAD,0.29945458,0.006740128,0.03093921
PTGR1,PDvsAD,0.384424295,0.584290032,0.734626499
NFIX,PDvsAD,-0.166071912,0.027446202,0.089169164
RAB39A,PDvsAD,0.114177323,0.360867343,0.543172467
ZNF638,PDvsAD,0.035054452,0.564915684,0.721600963
NUMA1,PDvsAD,0.326146331,0.315839515,0.497881576
CUL7,PDvsAD,-0.126784078,0.46940502,0.645804365
DOCK4,PDvsAD,-0.156448709,0.015651996,0.059223992
SLMAP,PDvsAD,0.068196204,0.345425414,0.527525478
TMEM132D,PDvsAD,-0.03202308,0.773591187,0.864177885
STXBP5,PDvsAD,0.17785558,0.003931931,0.020710249
TMEM132B,PDvsAD,0.266034462,0.003822329,0.020320779
PCDH10,PDvsAD,-0.029182736,0.746139191,0.84773009
PSMD6,PDvsAD,-0.006076398,0.868151891,0.923759845
ABRAXAS2,PDvsAD,0.084807585,0.085890276,0.204572436
SEPTIN2,PDvsAD,-0.366109817,1.05e-07,1.39e-05
SART3,PDvsAD,-0.094024351,0.097026016,0.22440776
LARS2,PDvsAD,0.003245654,0.965314367,0.979337975
KARS1,PDvsAD,0.057904949,0.250480664,0.428060684
LRRC14,PDvsAD,0.055346541,0.512960435,0.681137975
EIF4H,PDvsAD,0.145826206,0.040794016,0.119468763
ACAP2,PDvsAD,-0.102405768,0.132145523,0.277443885
WDR43,PDvsAD,-0.036873865,0.684799481,0.807237408
ACOX1,PDvsAD,-0.122511038,0.347755727,0.529438323
EEA1,PDvsAD,0.127120733,0.000294468,0.002929615
PDIA6,PDvsAD,0.065040854,0.231688666,0.405697357
PLCL1,PDvsAD,-0.246643342,0.035767502,0.108405211
PCOLCE,PDvsAD,0.020500486,0.954743974,0.972729944
PDK1,PDvsAD,0.123299574,0.201084954,0.367014482
PDK2,PDvsAD,0.417297206,3.49e-06,0.000138674
PDK3,PDvsAD,0.494136424,1.34e-08,7.4e-06
PGM5,PDvsAD,0.438286138,0.085768473,0.204384161
PMVK,PDvsAD,-0.237449287,0.006321859,0.029329403
PLCB4,PDvsAD,-0.019085985,0.903681466,0.947012249
TCEAL1,PDvsAD,0.1878082,0.560514429,0.718653318
PPP2R5A,PDvsAD,-0.04500253,0.404356315,0.586753071
PPA1,PDvsAD,0.096289351,0.061651402,0.161081924
NECTIN1,PDvsAD,0.310778383,2.77e-05,0.000523132
PTPRR,PDvsAD,0.165320603,0.244546308,0.42123256
PTPA,PDvsAD,-0.002630917,0.966272138,0.979756905
RABEP1,PDvsAD,0.144222347,0.000235824,0.002494534
RAB35,PDvsAD,0.188789717,0.000331801,0.003205709
RCN1,PDvsAD,0.291219463,0.004386654,0.022362295
RALBP1,PDvsAD,0.095148072,0.119362469,0.258684616
LLGL1,PDvsAD,-0.532400513,9.77e-05,0.001265734
PCBP1,PDvsAD,-0.003733671,0.915286299,0.952092733
ELOB,PDvsAD,0.07165174,0.071485222,0.179161395
EPHA7,PDvsAD,0.208955559,0.047600757,0.133174737
UBE3C,PDvsAD,0.039950954,0.601767813,0.748046068
SF3B3,PDvsAD,-0.164188191,0.012382145,0.049422725
RSU1,PDvsAD,-0.049919971,0.563023561,0.720162646
SEC23A,PDvsAD,0.156727946,0.000749023,0.005876855
CYTH1,PDvsAD,0.08658292,0.035695035,0.108380915
RGN,PDvsAD,-0.363187344,0.046499787,0.13085797
TAF7,PDvsAD,0.004707297,0.977874235,0.986653019
SLC9A3R2,PDvsAD,-0.143986128,0.018895257,0.068024816
TSN,PDvsAD,-0.117659149,0.144267439,0.294220496
TRIP11,PDvsAD,-0.028995555,0.868491112,0.923847467
MAPRE1,PDvsAD,-0.199462927,0.000961658,0.007123795
TSC22D1,PDvsAD,0.090524976,0.220517354,0.392619141
ELAVL1,PDvsAD,0.098800277,0.072854821,0.181729786
NSDHL,PDvsAD,-0.195046876,0.233580857,0.408095361
MYLK,PDvsAD,-0.271074694,0.002294717,0.013989906
MAPK11,PDvsAD,0.04022587,0.723434306,0.832023811
EFNB3,PDvsAD,-0.140681413,0.412409495,0.593191554
SPEG,PDvsAD,0.211846466,0.389024981,0.572123634
MLF2,PDvsAD,0.204217262,0.00273379,0.015883808
TOMM34,PDvsAD,0.141118217,0.156951182,0.312988593
MSMO1,PDvsAD,0.044991761,0.693187484,0.81239706
ITSN1,PDvsAD,0.201075248,1.66e-05,0.000369026
TBCE,PDvsAD,0.008384815,0.899313126,0.944482307
TBCC,PDvsAD,0.16534705,0.001790155,0.011592892
NPTX1,PDvsAD,0.299882731,0.00130853,0.009041556
VAMP3,PDvsAD,-0.564357058,0.079007352,0.192318064
ADIRF,PDvsAD,-0.998327716,1.85e-05,0.00039448
RAB11B,PDvsAD,-0.01381083,0.660979406,0.79166399
ZYX,PDvsAD,0.161334616,0.068102397,0.173340602
ETFDH,PDvsAD,0.172369152,0.005210114,0.025476782
SEPTIN7,PDvsAD,0.034505435,0.266376289,0.445591779
ADRM1,PDvsAD,0.021080909,0.700675066,0.818272472
IGFBP7,PDvsAD,0.021927449,0.869651076,0.924505555
NTRK3,PDvsAD,0.176781932,0.085782814,0.204384161
INA,PDvsAD,-0.126931237,0.370463467,0.554166156
PSMD5,PDvsAD,-0.04608144,0.448888622,0.626354192
PKN1,PDvsAD,-0.281651283,0.023567563,0.080076277
PKN2,PDvsAD,-0.283707538,0.352968407,0.534505632
DDB1,PDvsAD,0.041224415,0.258025014,0.43594303
CAMK4,PDvsAD,0.460068384,7.69e-06,0.000222054
CARTPT,PDvsAD,0.83234695,0.013880398,0.054114743
RBBP7,PDvsAD,-0.038508933,0.453707559,0.631726572
SGCB,PDvsAD,-0.107181709,0.638597916,0.775001655
STX1A,PDvsAD,0.489536421,5.57e-07,3.85e-05
CPSF6,PDvsAD,0.156946345,0.015240709,0.058034542
DBN1,PDvsAD,0.233388607,0.000857383,0.006529477
TBR1,PDvsAD,0.296739684,0.062047026,0.161704442
FSCN1,PDvsAD,-0.112436934,0.100410746,0.230017356
GAPD,PDvsAD,0.208693139,0.152958627,0.307069888
GUK1,PDvsAD,0.028959326,0.583971448,0.734354305
ME3,PDvsAD,0.355587897,0.004951755,0.024581074
RTN1,PDvsAD,0.207444532,0.002204365,0.013598287
RTN1,PDvsAD,0.180067311,0.070758257,0.177897288
PTPRN,PDvsAD,0.285225921,0.004286654,0.022039959
UGP2,PDvsAD,-0.082776957,0.071567722,0.179305685
AOC3,PDvsAD,0.077402168,0.805983565,0.883324211
CDO1,PDvsAD,-0.04047734,0.596364537,0.743053891
UGT8,PDvsAD,-1.112452365,0.001351254,0.009283256
STON2,PDvsAD,-0.180249492,0.398304041,0.581636034
GRIA3,PDvsAD,0.700716908,0.000255651,0.002642772
SORCS3,PDvsAD,-0.220934558,0.478097085,0.652414927
ARHGAP44,PDvsAD,0.242670188,0.000587594,0.004886203
TXNRD2,PDvsAD,0.265614317,0.004997307,0.02467099
ATG16L1,PDvsAD,0.200520977,0.002749257,0.015957487
HNRNPUL2,PDvsAD,-0.04659917,0.319904386,0.50132293
LONRF2,PDvsAD,0.74233367,0.003922138,0.020690924
GRIA4,PDvsAD,0.351613132,0.000223572,0.002389532
TMEM132A,PDvsAD,0.035704464,0.690882014,0.811216834
INF2,PDvsAD,-0.22733534,0.087273957,0.207318881
SCN1B,PDvsAD,0.525099624,0.000614887,0.005072112
CLEC16A,PDvsAD,0.067476052,0.56644092,0.722413038
PPP1R10,PDvsAD,-0.256353293,0.064612108,0.166698311
KIAA1109,PDvsAD,0.200293794,0.001001765,0.007315429
ARHGAP31,PDvsAD,-0.105559536,0.728049052,0.83585659
AAK1,PDvsAD,0.248704441,0.001182473,0.00836335
TMEM266,PDvsAD,0.324209149,0.194252981,0.358732141
SOWAHA,PDvsAD,0.365454867,0.072950212,0.181882453
SGSM1,PDvsAD,0.159992987,0.05064971,0.139427233
GSTK1,PDvsAD,0.026320448,0.58718244,0.737103541
C10orf54,PDvsAD,-0.229251759,0.193302107,0.357710846
ALG11,PDvsAD,0.001544708,0.990892704,0.9940713
VWC2,PDvsAD,0.376544858,0.072013758,0.180172161
ATG2A,PDvsAD,0.302448449,0.005338096,0.025943867
FBP1,PDvsAD,-0.707589483,3.21e-05,0.000583903
LTF,PDvsAD,-0.868569261,0.053076756,0.144833355
AP5B1,PDvsAD,-0.591464674,0.158039052,0.314373589
SLC4A8,PDvsAD,0.784711962,0.015465578,0.058734901
NETO2,PDvsAD,-0.268120326,0.226647292,0.399996771
NDUFAF6,PDvsAD,0.035841264,0.795969018,0.876919153
POLR1F,PDvsAD,0.478916389,5.87e-05,0.000908639
UAP1L1,PDvsAD,-0.530547726,0.000282747,0.002866212
UQCC1,PDvsAD,0.071217366,0.219507177,0.391498916
HBB,PDvsAD,-0.348639133,0.438075121,0.616769298
LSM12,PDvsAD,0.171575978,0.027075395,0.088443832
RIMS4,PDvsAD,0.148948459,0.623234643,0.763571246
ADCK5,PDvsAD,0.141048646,0.287002369,0.468798125
HSDL1,PDvsAD,0.131299328,0.041046168,0.119872142
CCDC88A,PDvsAD,-0.27977759,0.000821303,0.006311571
VMA21,PDvsAD,0.138588746,0.559137896,0.717936253
TUBB8,PDvsAD,0.066083538,0.468817296,0.645274169
TUBB3,PDvsAD,0.254897604,0.052212022,0.14311797
LGALSL,PDvsAD,0.270898074,4.23e-05,0.000714099
MMAA,PDvsAD,0.031233589,0.761291651,0.857764857
DTD1,PDvsAD,0.140516661,0.00859622,0.037417924
SV2C,PDvsAD,0.379921092,0.094052885,0.219081088
CCDC186,PDvsAD,-0.226115091,0.257976043,0.43594303
COX19,PDvsAD,0.286633055,0.01426216,0.055196306
GTDC1,PDvsAD,0.064987105,0.788421203,0.871545158
LARP7,PDvsAD,0.086058521,0.358716926,0.540933092
NADK2,PDvsAD,-0.065493735,0.193983079,0.358417746
KCTD21,PDvsAD,-0.165007341,0.323257378,0.504927323
LOC649305,PDvsAD,-0.697905774,0.22630788,0.399566171
ACSF3,PDvsAD,0.129629549,0.381730128,0.565441682
ZADH2,PDvsAD,0.18890442,0.013111615,0.051876704
PREPL,PDvsAD,0.141711001,0.02818052,0.090979569
TBC1D10B,PDvsAD,0.227319695,2.26e-05,0.000458772
JPH1,PDvsAD,0.058623012,0.537834257,0.700206663
DNAL1,PDvsAD,-0.011173506,0.887949965,0.935612952
SEMA4D,PDvsAD,0.10462185,0.322475794,0.504253996
PLCG1,PDvsAD,0.034996386,0.436961664,0.615924995
NCAN,PDvsAD,0.192014677,0.009648091,0.040925647
PI4KA,PDvsAD,0.198665717,0.002650557,0.015500371
PTGFRN,PDvsAD,0.17460129,0.230797869,0.404810795
DECR2,PDvsAD,0.287031511,0.192756758,0.356913343
AADAT,PDvsAD,0.163851442,0.297534249,0.478593338
PDZGEF1,PDvsAD,0.224904653,1.08e-05,0.000284456
FLJ20701,PDvsAD,0.123489973,0.505176772,0.674538058
ELOVL1,PDvsAD,-0.523182186,0.244669371,0.42123256
RFTN2,PDvsAD,-0.319166076,0.000839744,0.006432671
FAM98B,PDvsAD,-0.01925499,0.748836494,0.849854986
PDCD4,PDvsAD,-0.091527229,0.414605169,0.594785597
SLC7A8,PDvsAD,0.104969125,0.390845096,0.574096135
TP53I3,PDvsAD,-0.296849553,0.174911188,0.335056238
NSFL1C,PDvsAD,-0.040138303,0.483797535,0.657260465
PNPO,PDvsAD,-0.037081595,0.612413867,0.755979568
TMEM35A,PDvsAD,0.514758728,3.18e-05,0.000581251
NFS1,PDvsAD,0.449087278,1.37e-07,1.59e-05
COMMD9,PDvsAD,-0.131775853,0.03355607,0.103458556
HIKESHI,PDvsAD,-0.138674095,0.323026605,0.504676448
PDLIM3,PDvsAD,-0.397228008,0.002371747,0.01434817
RALY,PDvsAD,-0.047907217,0.571510334,0.725892155
HSD17B12,PDvsAD,-0.120878027,0.150656325,0.303922952
KLHL22,PDvsAD,0.201832409,0.032436948,0.100742212
AFTPH,PDvsAD,0.2536712,0.002122363,0.013217453
MRPS30,PDvsAD,0.120535897,0.549939824,0.710820692
CCDC92,PDvsAD,0.359419303,0.000168635,0.001895304
CTTN,PDvsAD,0.062649968,0.418880317,0.598874751
UCKL1,PDvsAD,0.20198664,0.242694773,0.419842112
AIG1,PDvsAD,0.229258354,0.241024157,0.417655205
RDH14,PDvsAD,0.128017651,0.047872372,0.133778545
GPN1,PDvsAD,0.338640609,0.119222317,0.258465439
BOLA3,PDvsAD,0.395365372,0.007294143,0.032820477
HS1BP3,PDvsAD,-0.158842844,0.148745113,0.301132451
CYBRD1,PDvsAD,-0.323193753,0.139099121,0.287634131
ATP6V0A1,PDvsAD,0.384986746,6.86e-05,0.000998759
UFD1,PDvsAD,-0.067960394,0.361975833,0.544363823
TMEM9B,PDvsAD,-0.026106016,0.858145766,0.917319437
VPS28,PDvsAD,0.193679942,0.187678811,0.351372641
TOMM22,PDvsAD,0.327082418,0.000218154,0.002351185
PKIG,PDvsAD,-0.24971802,0.429690247,0.609455931
AHSP,PDvsAD,-0.457988179,0.111507106,0.247247415
CFL2,PDvsAD,-0.287578662,0.057214448,0.152423528
SRPRB,PDvsAD,0.211775723,0.000685528,0.005503351
ACTBL2,PDvsAD,0.403689039,0.231188343,0.405100548
AKT3,PDvsAD,0.156582048,0.010321321,0.043088371
OCIAD2,PDvsAD,0.342636867,0.013913551,0.05420172
SDK2,PDvsAD,0.06928631,0.723430741,0.832023811
HSP90AB4P,PDvsAD,0.018119442,0.833312834,0.90108527
HSP90AB2P,PDvsAD,0.20561445,0.2334959,0.408095361
DCAF6,PDvsAD,0.231270719,0.322945415,0.504659215
CAPN2,PDvsAD,-0.384869171,1.71e-05,0.000374644
RUNDC3A,PDvsAD,0.124340685,0.112135296,0.24853797
ANXA11,PDvsAD,1.235104087,0.072540455,0.181174824
GIT1,PDvsAD,0.150045334,0.001087937,0.00782553
SCLY,PDvsAD,0.190223737,0.865782059,0.921920111
PTPRS,PDvsAD,-0.833075829,0.219409818,0.391422327
DLG3,PDvsAD,0.294708237,4.14e-05,0.000703653
APBA2,PDvsAD,0.195944947,0.01434489,0.055325893
MAN1C1,PDvsAD,0.146647645,0.78299583,0.869176957
STRN4,PDvsAD,0.112616989,0.143924217,0.293952872
CAST,PDvsAD,-0.225876931,0.6445976,0.779520937
YIF1B,PDvsAD,0.178941513,0.334609481,0.517267569
OXLD1,PDvsAD,0.063312229,0.646424119,0.780679766
ZNF326,PDvsAD,-0.083518531,0.767074214,0.860829992
DKFZp686E0870,PDvsAD,0.323078766,0.007130105,0.032276175
DKFZp686M0430,PDvsAD,0.937766334,0.104115531,0.236247009
PDZD11,PDvsAD,-0.220832744,0.248144172,0.4251999
CMPK2,PDvsAD,0.207957663,0.237443556,0.41244419
PRRT3,PDvsAD,0.307378772,0.003417481,0.018721963
XKR7,PDvsAD,-0.238867151,0.245692259,0.422083692
XKR4,PDvsAD,0.187675018,0.431197095,0.610912095
TCEAL5,PDvsAD,0.223913144,0.004453731,0.022640063
MTX3,PDvsAD,0.38428649,0.001445946,0.009765906
RABL3,PDvsAD,-0.011207745,0.933692571,0.96190929
COQ5,PDvsAD,0.163731311,0.062125204,0.161849545
DKFZp686E1893,PDvsAD,0.07218818,0.732295935,0.83840072
DKFZp686E1899,PDvsAD,-0.320399489,0.000286799,0.002885242
DAZAP1/MEF2D,PDvsAD,0.043683798,0.851001711,0.912530607
NOMO2,PDvsAD,0.085432097,0.035735521,0.108386926
EARS2,PDvsAD,0.127009452,0.164505179,0.322230639
SH3KBP1,PDvsAD,0.014537985,0.790392661,0.872309825
PABPC1L2B,PDvsAD,0.193100047,0.03077899,0.097102313
PPM1J,PDvsAD,0.005107781,0.973315366,0.983594957
MIA3,PDvsAD,0.146283585,0.014980751,0.057165276
TSC22D3,PDvsAD,-0.015031322,0.889026073,0.936138859
PITRM1,PDvsAD,0.298474337,0.026766958,0.087915401
RALGPS1,PDvsAD,0.084938198,0.578819638,0.731584899
WDR44,PDvsAD,-0.038361384,0.518699463,0.685090936
PRRC2B,PDvsAD,-0.084400319,0.643787011,0.778671594
LRRC73,PDvsAD,0.347845293,0.011855655,0.047694479
COA6,PDvsAD,0.108161443,0.277657515,0.458176303
TOR1AIP1,PDvsAD,-0.032186215,0.538288303,0.700417468
AARS2,PDvsAD,0.249647169,0.046337628,0.130708453
IQSEC2,PDvsAD,0.305588545,0.000671288,0.005425368
DLG3,PDvsAD,0.265756181,0.412421933,0.593191554
HABP4,PDvsAD,0.416074179,0.003762929,0.020115116
DKFZp564C0482,PDvsAD,0.063433821,0.806080928,0.883324211
GPRASP1,PDvsAD,0.331541675,0.401357631,0.583933139
SNX21,PDvsAD,-0.124987516,0.797135499,0.877550959
SLC27A3,PDvsAD,0.203541517,0.308473791,0.490029147
COLEC12,PDvsAD,-0.37562289,0.085496119,0.203836123
UCHL5,PDvsAD,-0.039034873,0.67670869,0.802434159
EOGT,PDvsAD,0.347183687,0.104624774,0.237103338
DNTTIP2,PDvsAD,0.067197266,0.760711705,0.857514385
CPEB3,PDvsAD,0.144260609,0.088028671,0.208305747
MRPS18A,PDvsAD,-0.046329802,0.829747103,0.899257332
RABGAP1L,PDvsAD,0.141914715,0.008602475,0.037417924
ELFN2,PDvsAD,0.244118152,0.017187058,0.063300822
ERICH3,PDvsAD,0.082811996,0.678575293,0.802817175
EXOSC6,PDvsAD,-0.518624391,0.065830191,0.169223718
PPM1L,PDvsAD,-0.013014528,0.868379744,0.923847467
ATAT1,PDvsAD,-0.011196889,0.789125795,0.871545158
CAMK1D,PDvsAD,0.172237237,0.000270351,0.00276619
SAR1A,PDvsAD,-0.004782941,0.919358869,0.954387119
NUP188,PDvsAD,-0.352983901,0.049741373,0.13787657
PHYHD1,PDvsAD,-0.10650974,0.413188437,0.593581871
HP1BP3,PDvsAD,-0.204152272,0.047495226,0.132931192
ABCF1,PDvsAD,-0.377460926,0.188939834,0.35281522
CEP170,PDvsAD,0.022726203,0.618580386,0.760979771
ODR4,PDvsAD,-0.256569497,0.000391103,0.003615941
DNLZ,PDvsAD,-0.16227309,0.456907012,0.634465664
CLVS2,PDvsAD,0.201690161,0.001709787,0.011211028
SZT2,PDvsAD,-0.196388756,0.307055462,0.489180495
TPRG1L,PDvsAD,0.253057245,0.009047391,0.038898916
CC2D1B,PDvsAD,-0.344288722,0.007092015,0.03214421
FNBP1L,PDvsAD,-0.11316564,0.509083437,0.677688691
MARCHF8,PDvsAD,0.023439465,0.903123253,0.947012249
THEM4,PDvsAD,-0.060216465,0.669731449,0.797975536
SLC35F1,PDvsAD,0.499381991,0.033500225,0.103330668
ZC3H13,PDvsAD,-0.120600868,0.258123365,0.43594303
ARMH3,PDvsAD,-0.137561943,0.025477794,0.085000823
MPP7,PDvsAD,0.128706963,0.06958923,0.175880298
IBA57,PDvsAD,0.064192164,0.424928775,0.604977111
GJC2,PDvsAD,-0.099749928,0.692206264,0.812007082
HECTD3,PDvsAD,0.06180734,0.468471149,0.644921144
ZFYVE27,PDvsAD,0.231188708,0.050145421,0.138622604
UBR4,PDvsAD,0.001207734,0.96813757,0.980845828
FAM219A,PDvsAD,0.497507505,0.00394984,0.02077726
SARS1,PDvsAD,0.026012276,0.592927677,0.740310499
GOLPH3L,PDvsAD,0.02033595,0.915729034,0.952268171
KIAA1217,PDvsAD,0.153514847,0.048329575,0.134951331
ARHGAP21,PDvsAD,-0.028510339,0.573306145,0.726915406
CAMSAP1,PDvsAD,0.129045006,0.027995703,0.09053781
ZNF648,PDvsAD,-0.269464046,0.179349001,0.340654176
C9orf64,PDvsAD,-0.146812514,0.03017866,0.095754346
FAM162B,PDvsAD,0.230162384,0.497583801,0.668619517
GPR158,PDvsAD,0.379604341,0.000125647,0.001521516
FAM102B,PDvsAD,0.238640351,0.082276323,0.197798659
WASF3,PDvsAD,0.049282469,0.759838542,0.857067372
FAM102A,PDvsAD,-0.17513183,0.252679148,0.430440795
PIP5KL1,PDvsAD,0.284516128,0.173976815,0.33397791
CPTP,PDvsAD,-0.091629144,0.480455043,0.654033521
UQCC2,PDvsAD,0.041089225,0.646577689,0.780734148
FRY,PDvsAD,0.1762767,0.022540085,0.077611694
LSM14B,PDvsAD,0.218079967,0.379705839,0.563940685
OGFRL1,PDvsAD,-0.320453906,0.002570542,0.01515566
DKFZp686D04248,PDvsAD,0.370967431,0.226112348,0.399417023
TTBK1,PDvsAD,0.08511891,0.297562607,0.478593338
SH3PXD2A,PDvsAD,0.044815655,0.398629793,0.581965517
FHL5,PDvsAD,0.580828602,0.024041663,0.08126489
NTPCR,PDvsAD,-0.168555993,0.13059433,0.275070283
WDR3,PDvsAD,0.220010982,0.731871913,0.838139574
DDI2,PDvsAD,0.059537051,0.433397205,0.613183732
NDUFAF5,PDvsAD,0.300062179,0.005219624,0.025505947
NT5DC1,PDvsAD,-0.164811928,0.102021971,0.232670907
FAXC,PDvsAD,0.206711386,0.476636536,0.651795932
ARFGEF3,PDvsAD,-0.175231877,0.034587336,0.105911754
VPS13D,PDvsAD,-0.000393843,0.992915429,0.995267654
CROCC,PDvsAD,-0.148000531,0.048711222,0.135806131
PACSIN1,PDvsAD,0.445053384,1.1e-07,1.41e-05
TREX1,PDvsAD,0.096101343,0.428407156,0.608157227
ASPHD1,PDvsAD,0.222464477,0.278860826,0.459526902
LYRM7,PDvsAD,0.149938747,0.158666812,0.314838726
PNMA2,PDvsAD,-0.032567143,0.749239022,0.850043578
RAB33B,PDvsAD,-0.030341863,0.707122847,0.821701881
RASIP1,PDvsAD,-0.04973828,0.771649562,0.863882066
VPS53,PDvsAD,0.078879129,0.092974125,0.217201326
ABHD17B,PDvsAD,-0.161832162,0.206116563,0.37335594
GKAP1,PDvsAD,-0.188520753,0.589593067,0.737985589
CDC42BPA,PDvsAD,0.036287883,0.466084869,0.642373723
RPRD2,PDvsAD,-0.132374473,0.287856723,0.469406803
MTARC1,PDvsAD,0.185847395,0.068062864,0.173301302
PRPF38B,PDvsAD,-0.853019993,0.04054966,0.118953387
TTC39B,PDvsAD,0.234544044,0.211637314,0.380767183
RNF20,PDvsAD,0.030119324,0.730730785,0.837366025
NRSN1,PDvsAD,0.466670735,0.021732551,0.07551338
SERBP1,PDvsAD,-0.06910568,0.711929902,0.824490708
FAM171A1,PDvsAD,-0.049558226,0.363099234,0.545485232
ATRNL1,PDvsAD,0.361316085,0.007872303,0.034932433
PLEKHM2,PDvsAD,0.036494283,0.635522094,0.772359062
YOD1,PDvsAD,0.116764995,0.186623975,0.350309564
BROX,PDvsAD,-0.212516682,0.018089829,0.065883615
FOCAD,PDvsAD,0.015240458,0.923447716,0.956423243
SNX30,PDvsAD,0.179488784,0.001073584,0.007745529
MLIP,PDvsAD,0.226788346,0.340197107,0.522424806
DAB2IP,PDvsAD,0.157080861,0.032656164,0.101335542
PARD3,PDvsAD,-0.210022273,0.203205199,0.36975841
C1QL3,PDvsAD,0.16891794,0.128700562,0.272277396
LYPLAL1,PDvsAD,-0.227662287,0.034305416,0.105257119
ECPAS,PDvsAD,-0.018141028,0.662043741,0.792227688
JAKMIP3,PDvsAD,-0.012416314,0.903279042,0.947012249
DENND4C,PDvsAD,0.025850132,0.891272506,0.937817896
CARMIL1,PDvsAD,-0.066119461,0.283498324,0.46514677
RBM17,PDvsAD,-0.242578933,0.040831499,0.119468763
FAM160B1,PDvsAD,0.122487627,0.034030801,0.10469784
RNF123,PDvsAD,-0.010082016,0.833474722,0.901095661
FBXW9,PDvsAD,0.423617457,0.093564309,0.218154966
PLCXD3,PDvsAD,0.182282303,0.034870364,0.106642233
KANK2,PDvsAD,-0.285545717,0.091921938,0.215762233
WASHC2A,PDvsAD,-0.305327136,3.61e-05,0.000637832
LPCAT4,PDvsAD,0.277800232,0.001352803,0.009285028
TXNDC5,PDvsAD,0.013675058,0.837922254,0.903709822
DKFZp666L2010,PDvsAD,-0.009283702,0.947310233,0.969274894
MAP1S,PDvsAD,0.117526423,0.116940324,0.254662957
PPP2R2D,PDvsAD,-0.110520545,0.18417196,0.346430154
LRG1,PDvsAD,0.183771543,0.488155419,0.66117454
DKFZp434I2435,PDvsAD,-0.212040869,0.053676349,0.145640882
MBLAC2,PDvsAD,-0.10140474,0.205956457,0.373264593
DKFZp781D1722,PDvsAD,-0.153957871,0.346559323,0.528583801
KCTD16,PDvsAD,0.256451507,0.014101795,0.054829303
DKFZp781K06126,PDvsAD,0.085917747,0.669996886,0.798083192
INTS3,PDvsAD,-0.202428491,0.253489838,0.430860238
GALNT16,PDvsAD,-0.233551922,0.068288886,0.173590483
DKFZp667H197,PDvsAD,0.10042917,0.177005578,0.337540064
VIRMA,PDvsAD,-0.755314185,0.041201319,0.120227622
ANKRD34A,PDvsAD,0.170458044,0.056620417,0.151176934
CYB5R2,PDvsAD,-0.567336082,0.010699834,0.044206725
UHRF1BP1,PDvsAD,0.220077609,0.031071751,0.097768636
ATL3,PDvsAD,-0.31142303,0.000133035,0.001597526
NXN,PDvsAD,-0.104197516,0.619377651,0.761355846
MCTP1,PDvsAD,0.274764754,0.000486157,0.004259347
VASN,PDvsAD,-0.39081197,0.184039994,0.346272476
CARMIL2,PDvsAD,0.370383563,0.009470786,0.040405317
RPLP1,PDvsAD,0.220417534,0.120164933,0.259797525
SH3GL1,PDvsAD,0.240784379,0.011619348,0.046848636
NAPG,PDvsAD,0.212227185,4.65e-06,0.000161646
CIAPIN1,PDvsAD,0.042963466,0.649052923,0.782671865
PACSIN2,PDvsAD,0.057784371,0.188163839,0.351822848
CLIC4,PDvsAD,-0.866455613,7.16e-05,0.001032311
TOLLIP,PDvsAD,0.179028457,0.000414078,0.003779774
SMYD5,PDvsAD,-0.06774434,0.374476481,0.558615874
PTRHD1,PDvsAD,-0.175193464,0.107612646,0.241461527
OTUD7B,PDvsAD,-0.321990841,0.004328269,0.022190478
SELENOS,PDvsAD,-0.301659103,0.129681118,0.27386855
RALGAPA1,PDvsAD,0.087893207,0.096140272,0.222645517
ABLIM2,PDvsAD,0.361433301,6.05e-06,0.000187456
NADSYN1,PDvsAD,-0.13706994,0.48921,0.66156938
ELP2,PDvsAD,-0.007622844,0.949637665,0.970551823
LAMTOR1,PDvsAD,-0.04262792,0.491931358,0.663378751
DNAJC12,PDvsAD,-0.085049847,0.447818551,0.625224929
PIPOX,PDvsAD,-0.251023781,0.080147227,0.194294474
HYAL3,PDvsAD,0.11753383,0.513694216,0.681584162
PNMA1,PDvsAD,-0.372062013,0.318055041,0.499731305
FARSA,PDvsAD,0.350604978,1.89e-05,0.000401108
TWF2,PDvsAD,0.145503015,0.001048189,0.0075699
GRAMD4,PDvsAD,0.27970509,0.02495672,0.083728398
KIAA0930,PDvsAD,-0.46381295,0.005717972,0.027183987
OLFM3,PDvsAD,0.852940682,2.38e-07,2.23e-05
RPL14,PDvsAD,0.221931938,0.163036793,0.320766863
TCEAL6,PDvsAD,0.336131338,0.00017748,0.001982323
CCSAP,PDvsAD,-0.050584276,0.674938218,0.800730761
NAPEPLD,PDvsAD,-0.13906016,0.110760984,0.246124113
RAB12,PDvsAD,0.127017433,0.034320421,0.105257119
SDE2,PDvsAD,-0.447948051,0.003997121,0.020955754
SLC25A25,PDvsAD,0.222698013,0.001198958,0.008445966
PDE12,PDvsAD,-0.057388119,0.196662948,0.361512033
STX12,PDvsAD,0.119192939,0.012819206,0.050915819
STAG2,PDvsAD,-0.156063257,0.22560833,0.398787902
DKFZp686G11190,PDvsAD,1.983290825,0.007922592,0.035069047
RGS7BP,PDvsAD,0.249755803,0.038616608,0.114970722
DKFZp686C11235,PDvsAD,0.170854444,0.649039063,0.782671865
DKFZp686M08189,PDvsAD,-0.377381218,0.579862249,0.732108261
TENM4,PDvsAD,0.202655935,0.015892514,0.059882059
DKFZp686P15220,PDvsAD,-0.597123064,0.077836837,0.190340614
DKFZp686I04196,PDvsAD,0.328023677,0.262052748,0.439996597
IGL@,PDvsAD,0.173108413,0.544597861,0.706200183
SLC18B1,PDvsAD,0.196042327,0.573762481,0.727140201
RHBDD2,PDvsAD,0.089421774,0.365597027,0.548205006
SLC25A24,PDvsAD,0.217264889,0.004776493,0.023975793
RETSAT,PDvsAD,-0.033039497,0.747812098,0.849094305
PPP4R4,PDvsAD,-0.238908637,0.187627318,0.351372641
CLMN,PDvsAD,-0.266918833,0.082727405,0.198551293
CRACDL,PDvsAD,0.423508371,5.31e-06,0.000175512
LGALS3,PDvsAD,-0.21344281,0.336469541,0.518693829
EXOC4,PDvsAD,0.006301222,0.866241331,0.92227263
ARMC6,PDvsAD,-0.169921225,0.088770324,0.209283821
WDR13,PDvsAD,0.19295688,0.006486317,0.029946135
TAPT1,PDvsAD,-0.009135299,0.951319541,0.97089124
KANK3,PDvsAD,-0.740789007,0.02947632,0.094274418
MAP2,PDvsAD,-0.400977286,0.522395806,0.68719697
CAVIN1,PDvsAD,0.113756656,0.571476244,0.725892155
DHX57,PDvsAD,-0.744917405,0.065550567,0.168778246
MRPL54,PDvsAD,-0.284493877,0.031699912,0.099228308
LPCAT3,PDvsAD,-0.556930617,0.235369477,0.409930424
FAM117B,PDvsAD,0.041706975,0.76368676,0.859386556
CC2D1A,PDvsAD,-0.156507572,0.014867629,0.056853259
C8orf82,PDvsAD,0.078962204,0.278509934,0.459056361
EDC4,PDvsAD,0.160625607,0.030310026,0.096068667
PNCK,PDvsAD,0.112296945,0.627408376,0.76621374
PRPF8,PDvsAD,-0.096197071,0.072754499,0.181583314
NIPAL3,PDvsAD,0.309838801,0.012883788,0.051115878
SFXN4,PDvsAD,0.16749223,0.108049888,0.242043864
CNNM4,PDvsAD,0.26140126,0.107247617,0.240921958
PCDHAC2,PDvsAD,0.354997653,0.163558066,0.321484457
FAHD1,PDvsAD,0.265528561,0.000746722,0.005876556
CGNL1,PDvsAD,-0.733246177,0.013181263,0.052094957
ANKRD16,PDvsAD,-0.066590417,0.678916388,0.802817175
ALKBH5,PDvsAD,-0.086581268,0.68337663,0.806065872
LRRC8B,PDvsAD,0.297698956,0.002026638,0.012798604
ABHD17C,PDvsAD,0.027280238,0.888933675,0.936138859
PGM2L1,PDvsAD,0.142896206,0.058165527,0.154271621
TTC37,PDvsAD,-0.211305932,0.000185447,0.002058521
TMEM65,PDvsAD,0.237814493,0.005429194,0.026209527
TTC33,PDvsAD,0.525871014,0.012034951,0.048280762
HAGHL,PDvsAD,-0.010097447,0.908190413,0.949205985
KCNIP4,PDvsAD,0.638871338,0.004086461,0.021299939
HEL-213,PDvsAD,0.08845176,0.760389608,0.857434838
BTF3L4,PDvsAD,0.024078911,0.710777987,0.823819862
WDR59,PDvsAD,-0.550942506,0.000476644,0.004212092
LARP1,PDvsAD,0.12765874,0.020984053,0.07356112
TMED8,PDvsAD,0.177684909,0.079237023,0.192567006
CPLX2,PDvsAD,0.565257502,1.31e-06,6.97e-05
TRAF7,PDvsAD,0.05613498,0.935995155,0.962902338
CORO6,PDvsAD,0.411332637,0.016365753,0.061152654
GNE,PDvsAD,0.049922944,0.715048018,0.82679276
RICTOR,PDvsAD,-0.055925463,0.715618626,0.827297457
POTEE,PDvsAD,0.461695544,0.000535428,0.004579465
SLC4A10,PDvsAD,0.513767719,2.98e-05,0.000555435
ANKRD11,PDvsAD,0.171788845,0.589876854,0.737985589
FIP1L1,PDvsAD,-0.04601346,0.717293808,0.82843519
CRTC3,PDvsAD,-0.362517823,0.143006713,0.292645033
CRTC1,PDvsAD,0.066350434,0.491389728,0.663248472
CSPG4,PDvsAD,-0.465868025,0.000946633,0.007041502
MOXD1,PDvsAD,-0.015189646,0.907718664,0.949142474
UQCC3,PDvsAD,1.546545291,0.1732185,0.333144565
ENPP6,PDvsAD,-0.965763354,0.001656892,0.010913945
OLFML1,PDvsAD,0.187105177,0.745597902,0.847438953
CWC27,PDvsAD,0.397502016,0.027313233,0.08885757
SEZ6L2,PDvsAD,0.231834251,0.006691688,0.030756112
CRELD2,PDvsAD,0.154778849,0.387494707,0.570337725
ISLR2,PDvsAD,-0.006683376,0.965119778,0.979337975
KSR2,PDvsAD,0.203819604,0.040033896,0.117950904
HBB,PDvsAD,-0.091983898,0.654931051,0.786989484
NSMF,PDvsAD,-0.371471857,0.162560913,0.319986799
NAPRT,PDvsAD,-0.127059427,0.38076222,0.564705701
DSTYK,PDvsAD,-0.002436486,0.986743563,0.991845507
HACD2,PDvsAD,-0.195542284,0.009788087,0.041366459
B3GLCT,PDvsAD,-0.096477777,0.49725111,0.668297316
CD109,PDvsAD,-0.766015404,1.62e-06,7.89e-05
HSDL2,PDvsAD,-0.174847054,0.000173808,0.001947359
PPP1R21,PDvsAD,0.043270454,0.400124134,0.583090652
THSD4,PDvsAD,-0.353203741,0.299186748,0.480392524
EML6,PDvsAD,0.303063946,0.10657969,0.2400212
TPM1,PDvsAD,0.236809426,0.057098604,0.152227673
UNC5A,PDvsAD,0.246169768,0.037522926,0.112835454
ATG14,PDvsAD,0.060642791,0.739643787,0.844351335
C1orf122,PDvsAD,-0.175410642,0.402137864,0.584949982
MFSD6,PDvsAD,0.154100391,0.027935709,0.090473459
PPP1R3F,PDvsAD,0.17274105,0.033406446,0.103174139
TBC1D9,PDvsAD,-0.161805137,0.674621309,0.800486815
UBR3,PDvsAD,0.129467674,0.065982027,0.169442598
BARGIN,PDvsAD,0.091935611,0.516260721,0.683249929
ANKRD13D,PDvsAD,-0.054272477,0.498443776,0.669150071
TPGS1,PDvsAD,0.256006804,0.692938098,0.812305042
PNPLA7,PDvsAD,0.383868729,0.374481543,0.558615874
SH2D5,PDvsAD,0.319983271,0.002552302,0.015072829
NYAP1,PDvsAD,0.071985482,0.658418742,0.789992662
NUDT18,PDvsAD,0.279624644,0.034687756,0.106128893
KIAA1549L,PDvsAD,0.352298401,0.00051526,0.004449294
KCTD8,PDvsAD,0.16365448,0.15489715,0.310145331
VPS13C,PDvsAD,-0.09088478,0.019602012,0.069829301
USP34,PDvsAD,0.207336244,0.305255547,0.487392487
USP31,PDvsAD,0.12115823,0.266848026,0.445966044
USP54,PDvsAD,-0.59316484,0.007276874,0.032796088
ZNF365,PDvsAD,0.273226871,0.031899334,0.099690219
PREX2,PDvsAD,0.096794161,0.721590485,0.831528413
UBE2R2,PDvsAD,-0.250177465,0.026454365,0.087149533
TMUB2,PDvsAD,0.17494341,0.080480406,0.194908541
TUBA1A,PDvsAD,-0.300063317,0.00029235,0.00292066
PGAP1,PDvsAD,0.251706698,0.163297665,0.321192262
KNDC1,PDvsAD,0.353282578,0.003415196,0.018721963
BTN2A1,PDvsAD,0.204171899,0.100018907,0.22970498
SUPT6H,PDvsAD,-0.107680287,0.505115758,0.674538058
COX15,PDvsAD,0.148620422,0.112772561,0.249179871
TRMT10C,PDvsAD,0.059579173,0.480067706,0.654001328
EIF3M,PDvsAD,-0.132375134,0.005387097,0.026106609
PARS2,PDvsAD,0.173737738,0.019966866,0.070924279
MIGA2,PDvsAD,0.074651786,0.843858516,0.907169975
RSRC2,PDvsAD,0.197384624,0.168554343,0.326795522
RRAGA,PDvsAD,-0.188446955,0.019030463,0.06827238
CYFIP1,PDvsAD,-0.124560219,0.022419445,0.077344398
GET4,PDvsAD,0.15553581,0.439005166,0.617230636
LPCAT2,PDvsAD,-0.394436253,0.048663708,0.135726269
EPM2AIP1,PDvsAD,-0.012633025,0.860059388,0.918561837
RAB11FIP2,PDvsAD,0.224416228,0.074688751,0.185062413
FASTKD5,PDvsAD,0.292942178,0.104036677,0.236142575
MOB1A,PDvsAD,-0.271224577,0.000149264,0.001723361
KDM3B,PDvsAD,0.021664688,0.94482212,0.968402375
ARC,PDvsAD,0.535533255,0.024210914,0.081721776
CAMK2A,PDvsAD,0.312680735,0.000477287,0.004212092
RASGRP2,PDvsAD,0.115855746,0.286564871,0.468468435
SYNE1,PDvsAD,0.282861512,0.028826512,0.092607907
NIPA1,PDvsAD,-0.118670911,0.704106483,0.819958276
MICAL3,PDvsAD,0.062568062,0.297106954,0.478593338
KLC1,PDvsAD,0.000736405,0.983685091,0.989519061
GPRIN1,PDvsAD,0.207520283,0.043283529,0.124635077
EFL1,PDvsAD,0.184723619,0.355825624,0.537700361
NEGR1,PDvsAD,0.343542449,2.65e-05,0.000508024
POGZ,PDvsAD,0.038451033,0.674587789,0.800486815
MON2,PDvsAD,-0.13531385,0.023357597,0.079768042
MYH14,PDvsAD,-0.209313714,0.011533203,0.046684486
NUFIP2,PDvsAD,0.129662863,0.236566544,0.411417589
SZRD1,PDvsAD,-0.50502419,0.220881141,0.393055232
MAVS,PDvsAD,-0.393541112,0.013707728,0.053674298
COMMD6,PDvsAD,-0.229105677,0.046648705,0.131123149
TTC21B,PDvsAD,0.153063595,0.311694462,0.493330256
HDGFL2,PDvsAD,-0.078304255,0.562966464,0.720162646
DCXR,PDvsAD,0.119470861,0.04781678,0.133675126
AK3,PDvsAD,-0.183231365,0.013605681,0.053390978
MDGA2,PDvsAD,0.201945907,0.244556304,0.42123256
GOLGA7,PDvsAD,-0.207076064,0.088367587,0.208607829
IRF2BP2,PDvsAD,-0.602550542,0.000459581,0.004111653
SPRED1,PDvsAD,0.015823308,0.840009515,0.905196771
RBBP6,PDvsAD,0.058705001,0.763143823,0.859044369
NECAB2,PDvsAD,0.414909048,0.008437698,0.036962463
HBA2,PDvsAD,1.03497997,0.132341648,0.277774576
SH3RF1,PDvsAD,-0.018972274,0.926480445,0.957909133
TAMALIN,PDvsAD,0.187499458,0.164976871,0.322730114
FRMD5,PDvsAD,-0.286349889,0.00849937,0.037142142
PTAR1,PDvsAD,-0.113939811,0.515655118,0.682860922
PRRT2,PDvsAD,0.497984356,1.39e-07,1.59e-05
TECPR1,PDvsAD,0.274195005,0.004988285,0.02467099
PXK,PDvsAD,-0.32908035,0.015496366,0.058820772
UBE2Q1,PDvsAD,0.061362504,0.685466996,0.807565066
TMED4,PDvsAD,-0.165143741,0.107934987,0.241861795
CAMK2N1,PDvsAD,-0.091656602,0.79742866,0.877678328
CMC1,PDvsAD,0.275952624,0.026589103,0.087531083
CENPV,PDvsAD,-0.251266933,0.018150216,0.066036675
MEGF8,PDvsAD,0.160765012,0.044732494,0.127409377
SCD5,PDvsAD,-0.38877422,6.74e-05,0.000990557
ADGRA1,PDvsAD,0.278435134,0.019429935,0.069394005
GLRX5,PDvsAD,0.207586625,0.033087894,0.102278134
TRAPPC6B,PDvsAD,0.22362115,0.025505043,0.085052282
PIP4P1,PDvsAD,0.093647085,0.237752809,0.412682421
CLEC14A,PDvsAD,-0.011946149,0.963431308,0.978393534
BCL2L13,PDvsAD,0.239503778,0.75619685,0.854165192
MOB3B,PDvsAD,-0.620594716,0.044734946,0.127409377
DPP9,PDvsAD,-0.000641319,0.992682426,0.995231934
PRUNE1,PDvsAD,-0.014940826,0.786220125,0.87075541
TTC7B,PDvsAD,0.170527873,0.025192937,0.084324242
ADCK1,PDvsAD,0.079767039,0.648363652,0.782234107
ISCA2,PDvsAD,0.10044209,0.338962087,0.521084482
METTL3,PDvsAD,0.078070709,0.88062293,0.931100741
LDB1,PDvsAD,0.01837061,0.958444009,0.9753707
C12orf10,PDvsAD,-0.110948309,0.34875111,0.530688964
ZNF598,PDvsAD,0.145781611,0.308225587,0.489811624
MAGI2,PDvsAD,0.212217087,0.000285383,0.002875016
RIMS1,PDvsAD,0.346467107,0.001422207,0.009678275
SMG6,PDvsAD,-0.214815758,0.285596438,0.467416424
NLRX1,PDvsAD,0.013887132,0.865732156,0.921920111
HAPLN4,PDvsAD,0.484598397,0.000345564,0.003287884
FERMT3,PDvsAD,-0.593985582,0.000322636,0.003150173
NT5DC3,PDvsAD,0.330784517,0.001688272,0.011110465
FAM124A,PDvsAD,0.334139837,0.519962215,0.685428268
PNMA8A,PDvsAD,0.071584855,0.762950355,0.858961012
GPR180,PDvsAD,0.103131425,0.336149052,0.518644386
FAM160B2,PDvsAD,0.017980106,0.951003069,0.970843752
KBTBD6,PDvsAD,-0.202118677,0.182806849,0.345125897
KIF27,PDvsAD,0.498929865,0.055153944,0.148251987
LRRTM3,PDvsAD,0.167490141,0.210110588,0.378699709
VPS36,PDvsAD,0.139325066,0.065656896,0.168969607
GLCCI1,PDvsAD,0.155178895,0.252954142,0.430553232
RETREG3,PDvsAD,0.291811485,0.042640049,0.123176656
HOOK3,PDvsAD,0.058444316,0.158332432,0.314609167
RTTN,PDvsAD,0.115043644,0.519849207,0.685428268
COMMD7,PDvsAD,-0.045474596,0.767289423,0.860829992
TSPYL5,PDvsAD,-0.050915722,0.811386459,0.886571898
THOC6,PDvsAD,0.040847269,0.86160801,0.919108174
PPFIBP1,PDvsAD,-0.253147242,0.233538412,0.408095361
LONP2,PDvsAD,-0.998367437,0.075418303,0.186228357
OSTM1,PDvsAD,-0.137440024,0.243257759,0.420380541
SBF2,PDvsAD,-0.310151508,1.18e-05,0.000303417
PKHD1L1,PDvsAD,0.535348236,0.190240667,0.353957867
CCDC25,PDvsAD,0.182007644,0.382766065,0.566362883
LDHD,PDvsAD,-0.179976066,0.18367403,0.34577633
CCDC43,PDvsAD,-0.017751234,0.801979992,0.881225439
RALGAPB,PDvsAD,-0.053168524,0.417727823,0.598072498
CARM1,PDvsAD,0.156624351,0.005830128,0.027644105
NIT1,PDvsAD,0.122445401,0.060728541,0.159249142
COMMD2,PDvsAD,0.091460471,0.294037438,0.47602251
FAM131B,PDvsAD,0.241647834,0.002114838,0.013193432
SNX32,PDvsAD,0.518922975,0.000878762,0.006667652
MICU3,PDvsAD,0.365202761,0.000115274,0.001439527
HOGA1,PDvsAD,0.376711663,0.149900322,0.302789389
ANKLE2,PDvsAD,0.034925703,0.854330602,0.914192207
NDUFA11,PDvsAD,0.416357532,4.75e-07,3.45e-05
LYPD6,PDvsAD,-0.135695116,0.539347316,0.701288005
HOMER1,PDvsAD,0.370264635,0.000606474,0.00501521
HZGJ,PDvsAD,-0.113912806,0.356772196,0.538904327
CPNE8,PDvsAD,0.220143858,0.043187293,0.124457611
MCF2L2,PDvsAD,-0.16168173,0.604157819,0.749978539
SLC13A5,PDvsAD,0.35828928,0.085226972,0.203396685
MIB1,PDvsAD,-0.007213556,0.940899158,0.966064739
PRAG1,PDvsAD,0.093405757,0.602243123,0.748046068
HPS6,PDvsAD,-0.125371964,0.804824734,0.882899189
CRLF3,PDvsAD,-0.133965388,0.469810286,0.645804365
CLVS1,PDvsAD,0.114038167,0.493347743,0.664220142
TRAPPC5,PDvsAD,0.016856093,0.78665762,0.870902967
ARMC8,PDvsAD,-0.12815328,0.032262724,0.100461374
EPHX4,PDvsAD,0.237077437,0.004167546,0.021592668
AEBP1,PDvsAD,-0.30219735,0.3991196,0.582145777
HID1,PDvsAD,-0.017332782,0.834263987,0.901649894
LYSMD2,PDvsAD,0.321471731,0.004291293,0.022048051
NUDCD3,PDvsAD,0.242139465,0.001241838,0.008680796
AHNAK2,PDvsAD,-0.100288019,0.400960287,0.583683927
NAV3,PDvsAD,0.210817983,0.260208232,0.43792181
CCDC50,PDvsAD,0.396529865,0.091670005,0.215273375
MUSTN1,PDvsAD,0.126800715,0.405614874,0.587512644
SBSPON,PDvsAD,-0.04581882,0.872384911,0.925525048
FUNDC1,PDvsAD,0.607820149,0.001808222,0.011683988
MCAT,PDvsAD,0.603626727,0.007792108,0.034705035
KSR1,PDvsAD,0.260131127,0.172265301,0.331754834
NAXD,PDvsAD,-0.026252713,0.606267631,0.750604349
SLITRK4,PDvsAD,0.182930527,0.092400665,0.21642396
TMEM151B,PDvsAD,-0.313611969,0.351834699,0.533575161
DCUN1D3,PDvsAD,0.059779834,0.60554006,0.750198011
GCC2,PDvsAD,0.143837051,0.023784742,0.080604963
BRSK2,PDvsAD,0.180776899,0.000782484,0.006071634
ZC3H7A,PDvsAD,-0.057533091,0.681119605,0.804745946
LMTK2,PDvsAD,0.297935452,0.026832504,0.088010124
UBR1,PDvsAD,0.016863033,0.667026242,0.795806893
UBR2,PDvsAD,0.199595255,0.082006871,0.197448855
ANKHD1,PDvsAD,-0.260531356,0.220375153,0.392560296
UEVLD,PDvsAD,-0.430267495,0.000885421,0.006707729
CCAR1,PDvsAD,-0.200155299,0.015917082,0.059943232
DNAJC10,PDvsAD,0.104507245,0.197100861,0.361947024
RHOT2,PDvsAD,-0.166011285,0.350878999,0.532912298
RHOT1,PDvsAD,0.148574952,0.003219744,0.01795319
SIRT2,PDvsAD,-0.701644316,0.010222025,0.042773137
MRPL41,PDvsAD,-0.112898468,0.582041371,0.733209033
PALM2AKAP2,PDvsAD,0.196951806,0.112487337,0.248730837
FAM126B,PDvsAD,0.220926637,0.004257076,0.02191922
PNPLA6,PDvsAD,0.15532723,0.011191663,0.045739563
PLPP6,PDvsAD,0.648741264,0.00150601,0.010076959
MICALL2,PDvsAD,-0.439853576,0.00224085,0.013741204
AMN1,PDvsAD,0.043840691,0.625099748,0.7647257
TMEM192,PDvsAD,0.479567471,0.000831824,0.006385605
PEX5L,PDvsAD,0.032088903,0.560780304,0.718653318
DIS3L2,PDvsAD,0.024938297,0.702141447,0.819221967
SUPV3L1,PDvsAD,0.087215668,0.157009387,0.313017883
GSPT2,PDvsAD,-0.177511456,0.428012973,0.607837575
EXOC8,PDvsAD,-0.00566397,0.894629244,0.940937002
CPNE9,PDvsAD,0.208840572,0.459107418,0.636138216
COLGALT2,PDvsAD,-0.055001753,0.932441463,0.96117103
THNSL1,PDvsAD,0.160178588,0.002049128,0.012925151
HACE1,PDvsAD,0.047162334,0.365896251,0.548425034
DDX20,PDvsAD,-0.101246012,0.663359383,0.793142294
ELMOD2,PDvsAD,0.03462477,0.783878578,0.869176957
ALDH16A1,PDvsAD,-0.407165759,0.002458536,0.014655525
DOCK3,PDvsAD,0.197673162,0.002532013,0.014996018
XRN1,PDvsAD,0.115334863,0.279895188,0.460811647
UNC5B,PDvsAD,-0.326370635,0.112318224,0.24858615
WDFY3,PDvsAD,-0.18966325,0.006015233,0.028197567
CACNA2D3,PDvsAD,0.170840948,0.00279495,0.016186855
FAM185A,PDvsAD,0.235488145,0.021462102,0.074976639
FCSK,PDvsAD,-0.327048562,0.004820362,0.024111864
TTC5,PDvsAD,0.198148967,0.087695279,0.207976307
PUSL1,PDvsAD,-0.005621026,0.972249892,0.983173159
CEND1,PDvsAD,0.49613302,6.74e-08,1.1e-05
CYP4X1,PDvsAD,0.309394393,0.052078871,0.142869305
RPTOR,PDvsAD,0.115445173,0.026267631,0.086750721
CADM3,PDvsAD,0.409961869,1.24e-09,9.92e-07
FAM177A1,PDvsAD,-0.190707059,0.223076158,0.395901013
CNPY4,PDvsAD,0.322131054,0.139220812,0.287634131
LGI4,PDvsAD,-0.180190527,0.110558159,0.245899968
ADSS1,PDvsAD,-0.193378822,0.287932316,0.469423651
LGI3,PDvsAD,-0.125295008,0.506434142,0.675339411
NUP93,PDvsAD,-0.06550165,0.190483222,0.354317512
CMTR1,PDvsAD,-0.233486005,0.184740262,0.34729904
H2BU1,PDvsAD,0.046782373,0.708841492,0.823259165
UNC80,PDvsAD,0.312640238,0.026235698,0.086685061
ABHD12,PDvsAD,0.20332462,0.000858736,0.006529477
GPD1L,PDvsAD,0.22304499,0.00013656,0.001619884
TMEM106B,PDvsAD,0.389738567,0.177639839,0.338465296
IGL@,PDvsAD,-0.269976899,0.290882451,0.47254309
SLC35F6,PDvsAD,-0.175205794,0.295920074,0.477789695
ASCC3,PDvsAD,-0.380839465,0.025303191,0.084575212
EHBP1L1,PDvsAD,-0.272012585,0.173490139,0.333359306
DKFZp761L1023,PDvsAD,0.419187045,0.003090632,0.017395081
PLCD3,PDvsAD,-0.557245945,4.9e-08,9.05e-06
MTURN,PDvsAD,-0.296383598,0.443469578,0.620961004
SRR,PDvsAD,-0.650575289,4.74e-05,0.000765204
MICALL1,PDvsAD,-0.643569008,0.000246685,0.002579073
DKFZp761K058,PDvsAD,-0.229341798,0.053721079,0.145707286
TMEM132C,PDvsAD,0.558203509,0.137425741,0.285364711
SYNPO,PDvsAD,0.61192147,0.000387927,0.003591191
FBXL16,PDvsAD,0.053557019,0.774455203,0.864894478
D2HGDH,PDvsAD,0.057303882,0.705925359,0.820973502
PNKD,PDvsAD,0.198323148,0.092203154,0.216102082
ATP13A2,PDvsAD,-0.008717366,0.953806024,0.972187435
RBP7,PDvsAD,-0.702270147,0.02537734,0.084744292
HDDC3,PDvsAD,-0.089936991,0.281408123,0.462667115
SPARCL1,PDvsAD,-1.253498627,0.190099769,0.353879234
CBR4,PDvsAD,0.013467375,0.874243503,0.926814077
MMGT1,PDvsAD,0.041211788,0.699825715,0.818112525
SVOP,PDvsAD,0.292543208,0.00014175,0.001666022
AFAP1,PDvsAD,-0.099687343,0.615070875,0.7579368
DCLK2,PDvsAD,0.051810183,0.400127107,0.583090652
OXR1,PDvsAD,0.29451272,6.49e-05,0.000968025
TTC39C,PDvsAD,0.308911823,0.000405586,0.003716406
TAB3,PDvsAD,0.119925827,0.601541327,0.747949311
WDTC1,PDvsAD,-0.247149997,0.029784797,0.094797365
SMIM20,PDvsAD,-0.110099528,0.618831088,0.761027871
MACO1,PDvsAD,-0.05528907,0.645095018,0.779629133
MINDY1,PDvsAD,-0.274700059,0.253396146,0.430860238
CISD2,PDvsAD,0.018345995,0.78410806,0.869176957
ATPAF2,PDvsAD,0.17147403,0.161595745,0.318279901
JAGN1,PDvsAD,0.006551257,0.94359372,0.96781258
MRPL50,PDvsAD,-0.203567783,0.200185297,0.366022583
CAMKK1,PDvsAD,0.216884015,0.001368126,0.009367306
NGEF,PDvsAD,0.479616127,3.35e-07,2.81e-05
DPP10,PDvsAD,0.239202659,0.00065172,0.005302963
IGSF1,PDvsAD,-0.295310933,0.018112122,0.065931424
ANKRD29,PDvsAD,-0.082572788,0.35272324,0.534359366
TTC9B,PDvsAD,0.117937079,0.323874997,0.505672424
ACBD7,PDvsAD,0.070254382,0.65024927,0.783195411
LRRC17,PDvsAD,-0.061173412,0.923209845,0.956423243
EMC1,PDvsAD,0.307702556,3.78e-07,3.06e-05
AMER2,PDvsAD,-0.373909629,0.002461264,0.014655525
CCNYL1,PDvsAD,-0.191779856,0.518307553,0.684724322
ANKRD44,PDvsAD,-0.099247509,0.39428665,0.578046665
ARL10,PDvsAD,-0.026476216,0.860484279,0.918590594
PTGR2,PDvsAD,-0.30580792,0.001534951,0.01022306
SLC25A29,PDvsAD,0.268122672,0.353423744,0.534945537
C2orf69,PDvsAD,-0.068624211,0.423675285,0.603942989
ENAH,PDvsAD,-0.115434691,0.04562795,0.129366119
NECAB1,PDvsAD,0.514339627,1.11e-09,9.92e-07
JMY,PDvsAD,0.149257867,0.133929336,0.280044685
NAT8L,PDvsAD,0.404124723,0.000343247,0.003274504
GDPD1,PDvsAD,0.252762152,6.62e-05,0.000975141
SCAI,PDvsAD,0.320556777,0.002140276,0.01331082
UNC13C,PDvsAD,0.351335881,0.191806712,0.355950899
SPATA5,PDvsAD,-0.521077988,0.164476477,0.322230639
NHLRC2,PDvsAD,-0.216775264,0.004090769,0.021306954
COLGALT1,PDvsAD,0.10545067,0.760855766,0.857542389
PCYOX1L,PDvsAD,0.749727164,0.000316449,0.003109583
ATAD1,PDvsAD,0.140939213,0.029177311,0.09344274
SCCPDH,PDvsAD,0.147289615,0.008826511,0.038246227
RETREG2,PDvsAD,0.250717524,0.012392196,0.049422725
SERBP1,PDvsAD,0.014816553,0.851994938,0.912916672
KCNH5,PDvsAD,0.77276481,0.003392135,0.018654147
SMG8,PDvsAD,0.069507361,0.437139617,0.61593443
LSM14A,PDvsAD,-0.212106245,0.01891936,0.068043477
MAPK1IP1L,PDvsAD,0.170653147,0.537729791,0.700206663
NPEPL1,PDvsAD,-0.293301842,9.88e-05,0.001273871
EHBP1,PDvsAD,0.065890227,0.145036406,0.295370007
RCBTB1,PDvsAD,-0.012287409,0.960503414,0.976523118
RBM15B,PDvsAD,0.085661363,0.788831215,0.871545158
TNRC6A,PDvsAD,0.219072849,0.444892919,0.622227253
CNNM3,PDvsAD,-0.193800109,0.006038292,0.028276977
MCU,PDvsAD,0.42011956,2.77e-08,9.01e-06
SRFBP1,PDvsAD,-0.464965797,0.025594845,0.085312195
DENND6B,PDvsAD,-0.022535116,0.888777355,0.936138859
DDHD1,PDvsAD,0.379689468,0.000847483,0.006485048
PDZD8,PDvsAD,0.0344483,0.691692126,0.811638085
VPS37A,PDvsAD,0.120197485,0.619730244,0.761355846
LPCAT1,PDvsAD,0.124535231,0.048906078,0.136191025
SYNE1,PDvsAD,0.134575507,0.005582531,0.026787956
USP32,PDvsAD,0.039046906,0.54760185,0.708876342
BOD1L1,PDvsAD,0.172503993,0.804593524,0.882899189
FLAD1,PDvsAD,-0.255356489,0.043804018,0.125652407
FLCN,PDvsAD,0.047187215,0.823839348,0.895688698
REPS2,PDvsAD,-0.010291351,0.856235239,0.915821572
BBS1,PDvsAD,-0.227261614,0.475944484,0.651344877
TSTD1,PDvsAD,0.17622077,0.210288458,0.378909037
ABHD11,PDvsAD,0.33352525,0.028341699,0.091376889
CMAS,PDvsAD,-0.101218593,0.098740557,0.227495461
MYRIP,PDvsAD,-0.167478842,0.377335435,0.561824422
STXBP6,PDvsAD,-0.018330577,0.836177088,0.902665234
NLGN2,PDvsAD,0.347319809,1.77e-05,0.000382914
CADM4,PDvsAD,-0.211857368,0.055486626,0.148868071
TTL,PDvsAD,0.008482052,0.940949473,0.966064739
SVIP,PDvsAD,0.050545905,0.557369906,0.716939345
MOSPD2,PDvsAD,-0.547204406,0.000404082,0.00370735
PLBD2,PDvsAD,-0.199986127,0.047124298,0.13209958
THOC2,PDvsAD,0.106082773,0.388003966,0.570738758
PPTC7,PDvsAD,0.159881552,0.44394657,0.621507917
PCDH19,PDvsAD,0.385387344,0.011610613,0.046848636
PPP1R14C,PDvsAD,0.461848744,0.022999064,0.078852368
ERMN,PDvsAD,-0.946321601,0.000340294,0.003259776
ICAM5,PDvsAD,0.258074337,0.033936447,0.104496946
LMO3,PDvsAD,0.172863134,0.548842029,0.709771563
GDAP1,PDvsAD,0.370683633,4.41e-06,0.000156834
NUBPL,PDvsAD,0.169355474,0.014453107,0.055683554
DEPTOR,PDvsAD,-0.35769549,0.039802252,0.117576015
ITFG1,PDvsAD,0.159974661,0.017091158,0.063076808
SLC7A14,PDvsAD,0.025150721,0.724917361,0.83335953
CNIH3,PDvsAD,-0.020756148,0.881016965,0.931112992
NANP,PDvsAD,0.140479359,0.729630978,0.836905697
FAM81A,PDvsAD,0.398276755,0.003242804,0.018067769
SYNPR,PDvsAD,0.054788084,0.627001244,0.76621374
DNAJB14,PDvsAD,0.032795965,0.723112758,0.832023811
SLC25A40,PDvsAD,0.348386662,0.036170358,0.10954669
TMEM167A,PDvsAD,-0.082528901,0.288874262,0.470426209
PIP4K2C,PDvsAD,0.212324961,7.29e-05,0.001040871
MDM1,PDvsAD,0.154121562,0.595989856,0.7428444
TBC1D15,PDvsAD,-0.059850959,0.310558948,0.49214596
TMEM163,PDvsAD,0.412408868,0.001655253,0.010913138
C18orf32,PDvsAD,-0.141669515,0.457121375,0.634518342
NT5C,PDvsAD,-0.275080385,0.081124755,0.196078751
DENND10,PDvsAD,-0.025525934,0.745982602,0.847686075
STT3B,PDvsAD,-0.044846563,0.728709622,0.836115539
PNPT1,PDvsAD,0.134008172,0.052400357,0.143532281
PREX1,PDvsAD,-0.427359633,2.88e-06,0.000121864
BICD2,PDvsAD,-0.034229276,0.832902879,0.901048339
SLC2A12,PDvsAD,0.213890727,0.178489178,0.339559021
SFXN5,PDvsAD,-0.129488113,0.023175954,0.079269919
PLEKHO2,PDvsAD,-0.355494534,0.011287939,0.046028426
BRSK1,PDvsAD,0.2222073,0.000899711,0.006793941
TFG/ALK,PDvsAD,0.114258265,0.029565179,0.094348861
DLG5,PDvsAD,0.072725094,0.630243868,0.768623964
TRAF3IP1,PDvsAD,0.281172769,0.074294878,0.184527411
LRRC8C,PDvsAD,0.127928597,0.381421346,0.565272458
FAT3,PDvsAD,0.127533001,0.389571273,0.572730061
RB1CC1,PDvsAD,0.09031762,0.093721593,0.218450881
OTUD7A,PDvsAD,0.108026504,0.369244643,0.552752699
DENND1A,PDvsAD,0.185121307,0.046805086,0.131511323
NUP210,PDvsAD,-0.234426179,0.170759545,0.330211203
FLJ00144,PDvsAD,-2.317048664,0.073049548,0.182003949
SNX29,PDvsAD,-0.513193725,0.08802167,0.208305747
PIGO,PDvsAD,0.151461197,0.418688102,0.598732309
SMCR8,PDvsAD,0.274517354,0.000208547,0.002276297
ANKRD24,PDvsAD,0.061417037,0.557857978,0.717060836
UBASH3B,PDvsAD,0.525334475,0.20142849,0.36742465
C2CD4C,PDvsAD,0.475869564,1.14e-05,0.000295793
FBXO41,PDvsAD,0.261493609,0.014792215,0.05662608
GIPC2,PDvsAD,-0.03937458,0.70279321,0.819429834
WIPF2,PDvsAD,0.27690457,0.001248721,0.00869916
SETD7,PDvsAD,-0.171284424,0.044443448,0.126857827
NPRL2,PDvsAD,-0.160100192,0.160037973,0.316511723
SCFD2,PDvsAD,-0.078631585,0.333281326,0.515990654
SMAP2,PDvsAD,0.208314073,0.013231641,0.052265345
RAB2B,PDvsAD,0.100804911,0.127503468,0.270620373
TGFBRAP1,PDvsAD,0.17370984,0.001840424,0.011840939
TMEM263,PDvsAD,0.034142232,0.711881848,0.824490708
PTPMT1,PDvsAD,0.080791327,0.620937629,0.76196633
BRK1,PDvsAD,0.025517488,0.762791703,0.858916831
THEM6,PDvsAD,0.181235478,0.058206874,0.15432438
PRUNE2,PDvsAD,0.184740117,0.000926036,0.006945751
NAT14,PDvsAD,-0.057974533,0.782182445,0.869176957
AFG1L,PDvsAD,0.29231586,0.007819906,0.034742793
DVL3,PDvsAD,0.12985171,0.418037092,0.598277119
OSCP1,PDvsAD,-0.115414064,0.157433625,0.313429301
KCTD4,PDvsAD,-0.613458893,0.069879357,0.17644777
CPLX3,PDvsAD,0.00057767,0.996982061,0.998370036
NUDCD2,PDvsAD,-0.351531459,0.001034249,0.007491796
SCFD1,PDvsAD,0.027808215,0.673853981,0.800385364
MAP11,PDvsAD,0.171063089,0.146910258,0.298510025
TRAPPC12,PDvsAD,0.079476554,0.25937329,0.437117929
UBLCP1,PDvsAD,-0.211079223,0.081180528,0.196147646
PCNP,PDvsAD,0.024703437,0.833572992,0.901095661
DNAJA4,PDvsAD,0.233657673,0.011369832,0.046231397
SPRYD4,PDvsAD,0.177423149,0.002880674,0.01655007
TRUB1,PDvsAD,0.129363292,0.442567545,0.62006006
SPIRE2,PDvsAD,0.142192523,0.414730484,0.594846733
ATXN2L,PDvsAD,0.094118759,0.164286263,0.322167691
PHIP,PDvsAD,-0.219259946,0.121924031,0.262574717
ABCA5,PDvsAD,0.045497521,0.681284826,0.804808959
PALLD,PDvsAD,-0.274388541,0.007914155,0.035053273
RUFY2,PDvsAD,-0.077904269,0.839547858,0.904834843
SCG3,PDvsAD,0.19318031,0.039547356,0.11696716
CASKIN1,PDvsAD,0.30451423,8.79e-05,0.001179395
CASKIN2,PDvsAD,-0.189378394,0.284751115,0.466139001
SYNE2,PDvsAD,-0.06866224,0.690347801,0.811216834
CNKSR2,PDvsAD,0.141923413,0.015556007,0.058953825
ACOT11,PDvsAD,0.202009952,0.287272916,0.468879984
BAALC,PDvsAD,0.191910202,0.167776408,0.326078277
BRI3BP,PDvsAD,0.315736955,0.011619278,0.046848636
CNTNAP5,PDvsAD,0.241530744,0.013765734,0.053784316
SSH1,PDvsAD,-0.013131079,0.925816178,0.957497594
AHCTF1,PDvsAD,0.342092948,0.297423078,0.478593338
ARAP2,PDvsAD,0.056056911,0.453372416,0.631630407
OVCA2,PDvsAD,-0.439236228,0.159689249,0.316082766
IRGQ,PDvsAD,0.181706143,0.021631456,0.075283623
FAM3C,PDvsAD,0.15974284,0.01413928,0.054908656
H1-10,PDvsAD,0.063983761,0.627844002,0.766216815
SHC3,PDvsAD,0.22987793,0.000681927,0.005486688
GBF1,PDvsAD,0.055615948,0.417927731,0.598239636
LPIN2,PDvsAD,-0.109762875,0.59915488,0.745675332
NCSTN,PDvsAD,-0.163523615,0.084218003,0.201590714
WASF1,PDvsAD,0.341477005,5.99e-06,0.000186802
PHYHIP,PDvsAD,0.242893279,0.00134751,0.009266385
FIG4,PDvsAD,-0.04371106,0.637191975,0.773585243
FAM168A,PDvsAD,-0.155803316,0.672162505,0.799019153
AP3S1,PDvsAD,0.047829535,0.427402214,0.607329934
TSC1,PDvsAD,0.04492398,0.407279763,0.589567988
PHF3,PDvsAD,0.667810043,0.053770159,0.145785433
SEPTIN8,PDvsAD,-0.294169129,0.000103235,0.001314276
LPGAT1,PDvsAD,0.235157117,0.026107582,0.086561322
TBC1D5,PDvsAD,0.046546526,0.378858683,0.563276252
MYO18A,PDvsAD,-0.056712429,0.184827016,0.34729904
LARP4B,PDvsAD,0.2806656,0.25955226,0.437124656
NUP205,PDvsAD,-0.241214374,2.53e-05,0.00049016
ANKS1A,PDvsAD,-0.483000291,0.143931881,0.293952872
SGCD,PDvsAD,0.080203823,0.546283856,0.707621066
MRPS31,PDvsAD,-0.241516981,0.114896598,0.251813293
NECTIN2,PDvsAD,-0.213896616,0.049532134,0.137402483
RABGGTA,PDvsAD,-0.037548148,0.46983098,0.645804365
RYR2,PDvsAD,0.222128103,4.99e-05,0.000799987
HTRA1,PDvsAD,-0.809825212,9.53e-07,5.6e-05
ARPC1A,PDvsAD,0.049993643,0.359966382,0.542248835
STAM,PDvsAD,0.108892229,0.022441606,0.077357095
TAF15,PDvsAD,0.118897391,0.042514777,0.122960852
KCNJ9,PDvsAD,-0.246695807,0.290004795,0.471733263
NRCAM,PDvsAD,0.133272698,0.007464342,0.033535924
INPP5D,PDvsAD,0.134153991,0.427491193,0.607336392
BCL2L2,PDvsAD,0.105526849,0.038281742,0.114351041
KIFAP3,PDvsAD,0.052642136,0.488264263,0.66117454
NEO1,PDvsAD,-0.229964808,0.001857893,0.01190011
RAD50,PDvsAD,-0.248021445,0.026232786,0.086685061
GLG1,PDvsAD,0.077082044,0.190101821,0.353879234
GPKOW,PDvsAD,0.359103887,0.483965956,0.657320075
RAB8B,PDvsAD,0.050730447,0.424489403,0.604624213
KHSRP,PDvsAD,-0.097353273,0.097563371,0.225216087
NINJ1,PDvsAD,-0.573001168,6.53e-05,0.000968025
GLMN,PDvsAD,0.09129629,0.296508109,0.478593338
BRF1,PDvsAD,-0.135123476,0.210614041,0.379305658
USP9X,PDvsAD,-0.088898196,0.018754381,0.06761918
USP7,PDvsAD,0.218652957,3.86e-08,9.01e-06
CUL5,PDvsAD,-0.007036117,0.864889172,0.921242087
PHKB,PDvsAD,-0.183971029,0.003048441,0.017214904
SCAMP4,PDvsAD,-0.040779136,0.520092526,0.685428268
TCEAL3,PDvsAD,0.02109406,0.813942298,0.888285078
CAVIN3,PDvsAD,0.085276012,0.772548374,0.8640381
MYDGF,PDvsAD,0.091160651,0.038484312,0.11469786
RNF34,PDvsAD,0.257300051,0.037017652,0.111549214
TOMM40L,PDvsAD,0.409528656,0.00238558,0.014419728
IGSF8,PDvsAD,0.17901136,0.002581172,0.01519343
RAB24,PDvsAD,0.284950002,0.000339457,0.003259776
OSBP2,PDvsAD,-0.043707837,0.589745686,0.737985589
NT5C3B,PDvsAD,-0.895433876,0.049905178,0.138224083
GTPBP3,PDvsAD,0.173642245,0.174771772,0.334878359
MTARC2,PDvsAD,0.132676429,0.061924003,0.161500854
PPP1R14A,PDvsAD,-0.786067948,0.008355103,0.036667636
CPNE4,PDvsAD,0.284956215,0.002929733,0.016751642
CCDC47,PDvsAD,0.066695389,0.275734117,0.455943794
MRPL24,PDvsAD,0.094502955,0.631765418,0.769574351
COL26A1,PDvsAD,0.932431056,0.212066094,0.381347853
JAKMIP2,PDvsAD,0.040297313,0.527571013,0.691990277
ISOC2,PDvsAD,0.118649718,0.166812003,0.32499424
KIFC2,PDvsAD,0.148821513,0.252103217,0.429914281
SLC25A46,PDvsAD,0.160946938,0.079938835,0.193929188
LRRC59,PDvsAD,0.126923332,0.004936268,0.024539841
VTI1A,PDvsAD,0.281648365,0.000101864,0.001301441
ESAM,PDvsAD,-0.456352742,0.200522655,0.366546241
PBXIP1,PDvsAD,-0.397869939,0.00033586,0.003235512
MCUR1,PDvsAD,0.102274961,0.273798255,0.453681375
RPE,PDvsAD,-0.184878188,0.037293938,0.112287691
C18orf25,PDvsAD,0.286739111,0.174700418,0.334878359
BORCS7,PDvsAD,0.100637439,0.29216241,0.473636288
TOMM6,PDvsAD,0.355303027,0.041571308,0.120948225
TMEM186,PDvsAD,0.311213033,0.245051653,0.421300365
RNF25,PDvsAD,0.135271961,0.161212968,0.317751825
CCDC127,PDvsAD,0.028822733,0.779174045,0.867737041
COA7,PDvsAD,0.385165884,0.000813577,0.006272301
TESC,PDvsAD,0.398755056,0.000100771,0.001290754
TAMM41,PDvsAD,0.314976681,0.003544999,0.019288332
MOB3A,PDvsAD,-0.152045167,0.127149022,0.270107181
DOCK10,PDvsAD,-0.346663588,0.005404153,0.026141275
ATG2B,PDvsAD,0.155239695,0.007411182,0.033317895
FAM136A,PDvsAD,0.312714349,0.000140462,0.001653594
GALM,PDvsAD,-0.57867865,0.002461149,0.014655525
DCPS,PDvsAD,-0.091494849,0.246298466,0.422750831
CTHRC1,PDvsAD,-1.269019646,0.000639993,0.005231219
ACSF2,PDvsAD,-0.187511524,0.038345267,0.114447098
EVI5L,PDvsAD,0.085812393,0.318989076,0.50043368
ISOC1,PDvsAD,-0.202181021,0.005479908,0.02640119
FAF2,PDvsAD,0.048562202,0.327416318,0.509542531
FOXRED1,PDvsAD,0.338012099,0.05864917,0.15526812
NTNG2,PDvsAD,0.200008062,0.566975024,0.722966025
CDH11,PDvsAD,-0.047509935,0.53678144,0.699215664
GPRASP2,PDvsAD,0.481121321,0.003833042,0.020347655
REPS1,PDvsAD,0.090483189,0.106886796,0.240562179
RAB39B,PDvsAD,0.271127659,1.43e-05,0.000335449
RMDN1,PDvsAD,-0.012096339,0.872512908,0.925525048
SHISA4,PDvsAD,-0.341233324,0.077000406,0.18896756
NUDT16,PDvsAD,-0.054440043,0.479041586,0.653103016
ESS2,PDvsAD,0.147784733,0.254024614,0.431655811
CMBL,PDvsAD,-0.081333361,0.09911267,0.2280606
ATG4C,PDvsAD,0.186051319,0.471882878,0.648146691
ERLEC1,PDvsAD,0.069509181,0.212653024,0.382307724
RAB3C,PDvsAD,0.317636192,0.011348924,0.046198535
EEF1A1,PDvsAD,0.506686003,0.034062799,0.104751481
SEH1L,PDvsAD,-0.048263669,0.650002176,0.783107775
TCEAL4,PDvsAD,0.044167292,0.783926059,0.869176957
MRPL53,PDvsAD,-0.107918381,0.488138684,0.66117454
L3HYPDH,PDvsAD,-0.901785041,0.002151541,0.013364454
SGTB,PDvsAD,0.326650565,5.73e-06,0.000184012
SGF29,PDvsAD,-0.165439239,0.464303526,0.641147104
PTCD3,PDvsAD,0.035379315,0.79700548,0.877550959
SAT2,PDvsAD,-0.493443351,0.01034649,0.043168388
NRBF2,PDvsAD,0.107472807,0.316337929,0.498230507
CNRIP1,PDvsAD,0.160877098,0.003951521,0.02077726
EDC3,PDvsAD,-0.019954191,0.811038274,0.886326087
POP1,PDvsAD,-0.006964977,0.976112978,0.985145923
LINGO1,PDvsAD,0.452425936,4.68e-06,0.000161766
BORCS8,PDvsAD,-0.093972263,0.432101564,0.611937191
STAMBPL1,PDvsAD,0.083733815,0.557369501,0.716939345
DYNLL2,PDvsAD,0.118295485,0.015537953,0.058916445
S100A16,PDvsAD,-0.448918814,2.45e-06,0.000106297
CHMP6,PDvsAD,0.099287051,0.19780504,0.362962157
PGM2,PDvsAD,-0.306673512,0.000464252,0.004122669
CFAP36,PDvsAD,0.069525734,0.457243277,0.634565096
NUDT11,PDvsAD,0.037725264,0.66117362,0.79166399
DMAC1,PDvsAD,0.193203809,0.183862349,0.346028747
DCUN1D1,PDvsAD,-0.104233166,0.136803454,0.284565426
BORCS6,PDvsAD,-0.276381405,0.010967586,0.045095456
ABHD17A,PDvsAD,0.235315205,0.097442171,0.225008518
MARS2,PDvsAD,0.296155929,0.251033885,0.428475649
ATXN7L3B,PDvsAD,-0.300370648,0.290284251,0.471974371
APIP,PDvsAD,0.240714421,0.602236882,0.748046068
SLC41A3,PDvsAD,0.134749584,0.107898467,0.241855306
SNF8,PDvsAD,-0.041753986,0.824844658,0.896375227
ERO1A,PDvsAD,0.274317503,8.4e-08,1.21e-05
GRAMD2B,PDvsAD,-0.391477649,0.001544202,0.010265659
PGAM5,PDvsAD,0.310277006,2.61e-05,0.000503631
DIRAS2,PDvsAD,0.164648238,0.019907098,0.070781886
TMEM41A,PDvsAD,0.017267478,0.933328266,0.961802263
TUBB2C,PDvsAD,0.057978931,0.836299332,0.902665234
DDRGK1,PDvsAD,-0.226225335,0.003366817,0.018557484
DHTKD1,PDvsAD,-0.224251508,0.098121897,0.22628753
PPP1R16A,PDvsAD,0.28746263,0.026319784,0.086843215
IGSF21,PDvsAD,0.192071876,0.023644091,0.080260476
NGLY1,PDvsAD,0.062331307,0.399106755,0.582145777
ATP5MD,PDvsAD,0.294232829,0.019516827,0.069600663
PAWR,PDvsAD,-0.267937338,0.136299636,0.283763613
THOC3,PDvsAD,0.148467827,0.308268764,0.489811624
ITCH,PDvsAD,-0.112269004,0.172757559,0.33246357
CELF6,PDvsAD,0.324346482,0.068017466,0.173247037
LRIG1,PDvsAD,-0.182920227,0.274888268,0.45512464
COG3,PDvsAD,0.031741136,0.700812701,0.818272472
CDK5RAP3,PDvsAD,-0.180730626,0.005700687,0.027119736
MAP6,PDvsAD,0.251224462,0.000901269,0.006795414
VCPIP1,PDvsAD,0.05165726,0.278479566,0.459056361
TMX3,PDvsAD,0.424254404,2.77e-08,9.01e-06
CHAMP1,PDvsAD,-0.012858662,0.90761598,0.949142474
DCHS1,PDvsAD,0.258730453,0.189545044,0.35357819
SERAC1,PDvsAD,0.272844518,0.321018622,0.502631029
RNF170,PDvsAD,0.063040504,0.461896849,0.638559299
USP47,PDvsAD,-0.006172022,0.885401837,0.933555565
MEGF10,PDvsAD,-0.334235213,0.024711678,0.083138961
ZNF512B,PDvsAD,0.343921554,0.074268829,0.184527411
CNDP2,PDvsAD,-0.333626922,0.001019867,0.007410006
PPP1R13B,PDvsAD,0.425311361,0.002600308,0.015281059
FAM210B,PDvsAD,0.436083321,0.005747767,0.027289564
MARK4,PDvsAD,0.056164792,0.316814077,0.498652879
SNX27,PDvsAD,-0.122160512,0.098441625,0.226879401
TRIM47,PDvsAD,-0.464510869,0.002175881,0.013457531
DHRS1,PDvsAD,-0.195422519,0.457539938,0.634620841
LURAP1,PDvsAD,-0.298490045,0.381458711,0.565272458
C9orf72,PDvsAD,0.277506122,0.019509066,0.069600663
RMDN2,PDvsAD,0.39532039,0.001707447,0.0112059
PRRC1,PDvsAD,-0.131374331,0.018785636,0.067697937
HSPA12B,PDvsAD,0.063104082,0.346829143,0.528801775
TLCD4-RWDD3,PDvsAD,0.564533315,0.000462195,0.004116059
GDAP1L1,PDvsAD,0.348139214,0.00021643,0.002344548
VSTM2L,PDvsAD,0.249480065,0.192771908,0.356913343
JAKMIP1,PDvsAD,-0.059694401,0.504999628,0.674538058
DOCK7,PDvsAD,-0.226520524,0.007505092,0.033676933
ZMAT2,PDvsAD,-0.200121561,0.476992197,0.652158311
LRFN5,PDvsAD,0.572949619,0.000968868,0.007152993
RUNDC3B,PDvsAD,-0.135350151,0.772320662,0.8640381
C8orf37,PDvsAD,-0.431028082,0.411027758,0.592469276
AIFM3,PDvsAD,0.075067755,0.272855273,0.452640216
NAP1L5,PDvsAD,0.087824332,0.137577087,0.285431782
ANKRD27,PDvsAD,0.268398304,0.010853428,0.044734352
ACAP3,PDvsAD,-0.025780482,0.84290249,0.906413157
IPO9,PDvsAD,-0.131443687,0.062370542,0.162277695
ARHGEF17,PDvsAD,-0.08007135,0.376302179,0.560750274
MCEE,PDvsAD,0.060260502,0.820267279,0.892884767
RCHY1,PDvsAD,0.23799607,0.419799784,0.599579333
SORCS2,PDvsAD,-0.183321022,0.055927709,0.149939623
NEDD4L,PDvsAD,0.207014205,0.005581923,0.026787956
QKI,PDvsAD,-0.493062928,0.000107227,0.001357896
CCDC85A,PDvsAD,0.381413945,0.016880755,0.062557069
TRAPPC9,PDvsAD,-0.021607761,0.668931623,0.797399087
ALS2,PDvsAD,0.135812352,0.165786606,0.323610056
SLC2A13,PDvsAD,-0.010484739,0.914575252,0.952031808
RAB3IP,PDvsAD,0.07311117,0.434304229,0.613742695
VPS35,PDvsAD,0.031185467,0.521754505,0.686855812
PURB,PDvsAD,0.115549577,0.146861429,0.298495129
MAGI1,PDvsAD,0.113880967,0.234903503,0.409496347
SNX18,PDvsAD,-0.156641781,0.147882154,0.299722833
IRS2,PDvsAD,-0.111985551,0.428192915,0.607973083
VPS13A,PDvsAD,0.075198552,0.115139105,0.252114332
NUDCD1,PDvsAD,0.156992206,0.276728742,0.457285464
ERBIN,PDvsAD,-0.59259953,2.58e-07,2.34e-05
PCNX1,PDvsAD,0.146690618,0.612133805,0.755865759
IFT140,PDvsAD,-0.190981783,0.584767431,0.73509824
LMF1,PDvsAD,0.666314219,0.114341514,0.251187053
IWS1,PDvsAD,-0.473283927,0.425290342,0.605285601
SIN3A,PDvsAD,-0.102515773,0.43795282,0.616717822
OSBPL9,PDvsAD,-0.021075537,0.926956313,0.958263403
ADO,PDvsAD,-0.147814998,0.340290983,0.522457426
RSF1,PDvsAD,-0.281662931,0.120931261,0.260827155
PPP1R16B,PDvsAD,0.285663554,0.027299483,0.08885757
RUFY1,PDvsAD,-0.092788008,0.175393748,0.335333004
NMNAT3,PDvsAD,-0.328030193,0.012811994,0.050915288
MMS19,PDvsAD,-0.057023667,0.290266829,0.471974371
SCN2A,PDvsAD,0.4066488,4.76e-08,9.01e-06
TBCB,PDvsAD,-0.2573679,0.000915408,0.006880383
PCYT2,PDvsAD,-0.004194287,0.930067564,0.959686701
PFDN5,PDvsAD,0.066954943,0.137328936,0.285364711
PARK7,PDvsAD,-0.021609028,0.618815159,0.761027871
NUP88,PDvsAD,-0.103471259,0.175866934,0.335813873
PKP4,PDvsAD,-0.079095193,0.076328855,0.187639595
RIT2,PDvsAD,0.205827738,0.261154224,0.439000312
S100A13,PDvsAD,-0.165225887,0.223540087,0.396235546
DNAJC7,PDvsAD,0.009327344,0.890314455,0.937083973
C12orf57,PDvsAD,0.029387703,0.670056012,0.798083192
PHB2,PDvsAD,0.273052474,8.03e-06,0.000228996
CGREF1,PDvsAD,0.110077848,0.445476248,0.622921977
MGLL,PDvsAD,0.194185254,0.015285239,0.058172869
LYST,PDvsAD,-0.05164028,0.543400622,0.705156175
SEPTIN5,PDvsAD,0.875816207,0.021633706,0.075283623
SLC30A3,PDvsAD,0.626633227,0.000291965,0.00292066
HNRNPAB,PDvsAD,-0.022721701,0.83856622,0.904183304
DMAC2L,PDvsAD,0.046168347,0.746702296,0.848101944
OLFM1,PDvsAD,0.687638092,1.29e-05,0.00031951
MIPEP,PDvsAD,-0.227134294,0.24558284,0.421996505
SLC29A1,PDvsAD,0.516224026,0.000416207,0.003794396
H2BC13,PDvsAD,-0.010862349,0.905983648,0.948309768
SLC6A7,PDvsAD,0.491371324,0.000935055,0.006984269
PKP2,PDvsAD,0.386279429,0.287435274,0.46903855
SH3GL2,PDvsAD,0.291400964,2.23e-05,0.000453827
SH3GL3,PDvsAD,0.155912376,0.023417067,0.079781511
DPYSL5,PDvsAD,-0.064786057,0.441678311,0.619659077
NIPSNAP1,PDvsAD,0.250428902,0.000496089,0.004341078
HOPX,PDvsAD,0.278737256,0.076284189,0.187639595
ZFYVE21,PDvsAD,-0.01626222,0.790645939,0.872390895
TRIR,PDvsAD,-0.325457193,0.006084388,0.028455787
MACROD1,PDvsAD,-0.085990981,0.47429106,0.650195463
TCF25,PDvsAD,-0.019812126,0.803647701,0.882405421
ECSIT,PDvsAD,0.195087916,0.176089237,0.336059932
DPH2,PDvsAD,-0.235575703,0.532402967,0.695186032
MYBBP1A,PDvsAD,-0.100805434,0.31842924,0.499991601
AIF1L,PDvsAD,-0.837529176,0.001192041,0.008406229
SGIP1,PDvsAD,0.347491468,0.000566192,0.00475218
PSD2,PDvsAD,-0.160400894,0.016551362,0.061590248
NRIP2,PDvsAD,-0.27511143,0.108781804,0.243077823
FYCO1,PDvsAD,0.153552798,0.641412718,0.777106566
SULT4A1,PDvsAD,0.10195155,0.096688387,0.223698799
FARSB,PDvsAD,0.288444977,0.000137145,0.001622511
CPPED1,PDvsAD,-0.309540847,0.029960346,0.095229682
PYM1,PDvsAD,0.141276109,0.160204399,0.316579738
LARP6,PDvsAD,-0.076173159,0.384889245,0.567810856
MIEN1,PDvsAD,0.034258617,0.716448161,0.827631169
TCEAL7,PDvsAD,-0.085487413,0.65760013,0.789405497
PRXL2A,PDvsAD,0.343545451,2.04e-10,2.93e-07
TRIM56,PDvsAD,-0.571932697,0.134672867,0.281272338
GANAB,PDvsAD,0.077463665,0.783873919,0.869176957
ERP44,PDvsAD,0.081942999,0.063467956,0.164513517
LXN,PDvsAD,0.005813977,0.974862433,0.984649542
NIPSNAP3B,PDvsAD,-0.506230537,0.070310117,0.17720416
C2orf88,PDvsAD,-0.762099201,0.005389728,0.026106609
TIMM29,PDvsAD,0.129627036,0.049926423,0.138229701
TACO1,PDvsAD,0.222837486,0.070355945,0.177257552
TUBGCP2,PDvsAD,0.045838297,0.412109685,0.593191554
RTKN,PDvsAD,-0.669151079,0.022279981,0.077011007
SYT17,PDvsAD,0.126898955,0.159854814,0.316323433
ALG1,PDvsAD,0.310650302,0.365891112,0.548425034
NDFIP1,PDvsAD,0.363340231,0.203762517,0.370397721
SYT11,PDvsAD,-0.106219402,0.144986002,0.295350981
WAC,PDvsAD,0.003415436,0.987517983,0.992224668
LRFN3,PDvsAD,0.098749499,0.514063798,0.681596479
PI4K2A,PDvsAD,0.055796344,0.456467469,0.633977699
FSD1,PDvsAD,0.229084037,0.000885909,0.006707729
CABLES2,PDvsAD,0.030550625,0.881254296,0.931226994
DHRS4,PDvsAD,-0.177777786,0.27512881,0.455152146
THTPA,PDvsAD,-0.143500678,0.129521341,0.273691834
LMF2,PDvsAD,-0.007367171,0.953175324,0.971682271
NDUFAF3,PDvsAD,0.337901671,0.002295248,0.013989906
C1orf35,PDvsAD,0.351647376,0.496041739,0.666921164
DOHH,PDvsAD,-0.211793431,0.217808203,0.389434353
ISCA1,PDvsAD,0.229404698,0.004077521,0.021299644
TUBB6,PDvsAD,-0.317348002,0.105768359,0.238671566
PAXX,PDvsAD,-0.340717076,0.005866646,0.027725876
CCDC28B,PDvsAD,0.125067849,0.66348043,0.793155182
EFHD1,PDvsAD,-0.573053517,0.019419632,0.06939166
HTATIP2,PDvsAD,-0.567078896,0.009817997,0.041395577
C9orf16,PDvsAD,0.218123172,0.314104356,0.496124864
C1orf50,PDvsAD,-0.003744361,0.971585247,0.982939892
MRI1,PDvsAD,-0.34516177,0.252397699,0.430212476
SLC25A23,PDvsAD,0.498299286,1.4e-05,0.000333853
CEP250,PDvsAD,0.237660781,0.488584835,0.66117454
MECR,PDvsAD,0.194044911,0.025968283,0.086224752
KATNB1,PDvsAD,0.099333443,0.220617239,0.392699778
TUBB2B,PDvsAD,-0.713534281,5.1e-08,9.16e-06
MLST8,PDvsAD,-0.10407735,0.145213437,0.295563172
PBDC1,PDvsAD,0.044981575,0.435311816,0.614683529
DPCD,PDvsAD,-0.105134065,0.526939738,0.691530293
GGACT,PDvsAD,-0.36277397,0.043811516,0.125652407
NUP85,PDvsAD,-0.201730073,0.063629442,0.164749157
IFT27,PDvsAD,-0.082560052,0.336141535,0.518644386
TARS2,PDvsAD,0.157903428,0.469685451,0.645804365
FUNDC2,PDvsAD,0.329348481,6.64e-07,4.22e-05
RPAP1,PDvsAD,-0.109004879,0.718484379,0.829077622
SF3B5,PDvsAD,-0.238081252,0.267207204,0.446358899
LSM14B,PDvsAD,0.685823213,0.116521651,0.254058878
SORBS1,PDvsAD,0.591233589,0.018676497,0.067451779
JAM3,PDvsAD,-0.468954614,0.023660648,0.080278794
BTBD2,PDvsAD,0.093656362,0.601417535,0.747924677
NT5C1A,PDvsAD,0.009935528,0.95292065,0.971560346
BCL2L13,PDvsAD,0.271169106,0.000855687,0.006526999
PRX,PDvsAD,0.171326381,0.548594489,0.709591829
FSD1L,PDvsAD,0.028641554,0.569991537,0.725141339
SRRT,PDvsAD,-0.128829141,0.109350373,0.244045061
TMEM121B,PDvsAD,0.600766419,0.00129016,0.008931781
COL25A1,PDvsAD,-1.996894695,0.00011752,0.001453877
GON7,PDvsAD,0.150032624,0.139843121,0.288382418
HDHD5,PDvsAD,-0.087031322,0.689356953,0.810617061
EMILIN2,PDvsAD,-0.278073776,0.165023871,0.322734286
SCAPER,PDvsAD,0.059515049,0.707299552,0.821774459
CHMP4A,PDvsAD,-0.272783926,0.110118581,0.245151022
PECR,PDvsAD,-0.117181523,0.53463477,0.697303336
KIAA1671,PDvsAD,0.254053825,0.002826179,0.016315171
GNB1L,PDvsAD,0.417172722,0.031441284,0.098629374
RBCK1,PDvsAD,-0.02849989,0.783842297,0.869176957
SRXN1,PDvsAD,0.135510727,0.272446466,0.452483821
MRPS26,PDvsAD,0.209446913,0.020985322,0.07356112
CEP41,PDvsAD,-0.037861573,0.754104422,0.852532422
PANK2,PDvsAD,-0.151608786,0.157477666,0.313430229
PITPNM2,PDvsAD,0.022765335,0.742712234,0.846080389
MRPL37,PDvsAD,-0.071843663,0.570351744,0.725471281
ASPSCR1,PDvsAD,-0.123646106,0.18641159,0.35009362
OSBPL6,PDvsAD,0.064833925,0.382015909,0.565655748
WDR11,PDvsAD,0.09618182,0.271590519,0.451688
UBXN6,PDvsAD,0.247823325,0.00010057,0.001290754
API5,PDvsAD,0.036546681,0.564827206,0.721600963
DPY30,PDvsAD,-0.108434188,0.155072775,0.310274956
TRIM9,PDvsAD,0.369466703,0.000268615,0.002756277
TRIM2,PDvsAD,-0.117638996,0.056259201,0.150447661
BRINP2,PDvsAD,0.220829674,0.088123785,0.208305747
SEMA4C,PDvsAD,-0.028713553,0.89979195,0.944601832
UBE2O,PDvsAD,0.103178263,0.01867982,0.067451779
PHACTR1,PDvsAD,0.392918472,0.000298314,0.002963775
ZYG11B,PDvsAD,-0.109491631,0.126394355,0.268821584
LNPK,PDvsAD,0.044211529,0.277464675,0.458104335
ARHGAP39,PDvsAD,0.17719366,0.001747579,0.011386175
MTMR12,PDvsAD,0.161094181,0.005514032,0.026547813
WDR33,PDvsAD,-0.057845202,0.861769129,0.919124132
HBB,PDvsAD,0.018788617,0.94943828,0.970485938
TINAGL1,PDvsAD,0.07943146,0.441822254,0.619676358
ROGDI,PDvsAD,0.315317831,6.75e-05,0.000990557
C20orf27,PDvsAD,0.189426046,0.384856194,0.567810856
PITHD1,PDvsAD,-0.010479288,0.896151829,0.94184981
COMMD5,PDvsAD,-0.10926058,0.160765994,0.317340779
ELOVL4,PDvsAD,0.298948966,0.213580905,0.383592371
WDR61,PDvsAD,-0.1368483,0.112794336,0.249179871
SLIRP,PDvsAD,0.274848678,0.004315635,0.022141488
EGLN1,PDvsAD,-0.206136143,0.002054528,0.012925151
HAPLN2,PDvsAD,-0.7626449,0.016736889,0.062119938
MFF,PDvsAD,0.188777645,0.379775988,0.563940685
UBA5,PDvsAD,-0.059429385,0.3520671,0.533702561
LHPP,PDvsAD,-0.099592199,0.339764918,0.521983993
TMEM126A,PDvsAD,0.331642513,0.00040961,0.0037485
CLPB,PDvsAD,0.128304415,0.384012485,0.567434922
LSG1,PDvsAD,-0.023751553,0.808546873,0.884756119
FAM107B,PDvsAD,-0.968480874,0.00182532,0.011764808
NAT10,PDvsAD,0.058107455,0.68209842,0.805249293
COMMD4,PDvsAD,-0.153851883,0.123431998,0.264318654
KLC2,PDvsAD,0.115531725,0.05314544,0.144856064
ILKAP,PDvsAD,-0.091694855,0.504043255,0.673774974
ARL6,PDvsAD,0.03599557,0.61940596,0.761355846
CSTF2T,PDvsAD,-0.176560382,0.248119893,0.4251999
NT5C3A,PDvsAD,0.222608641,0.093557273,0.218154966
CYRIA,PDvsAD,0.074409046,0.144311032,0.294225979
HDHD2,PDvsAD,-0.105162095,0.300251851,0.48154104
QRSL1,PDvsAD,0.297782549,0.043313767,0.124672239
RAB1B,PDvsAD,0.167075116,0.000837762,0.006424334
FAM234A,PDvsAD,-0.155069452,0.100795153,0.230824431
NAPB,PDvsAD,0.25623616,7.46e-06,0.000216498
DNTTIP1,PDvsAD,-0.198684481,0.20490619,0.372006619
SLITRK2,PDvsAD,0.030340854,0.881821645,0.931420028
ANAPC1,PDvsAD,0.208583742,0.074969118,0.185437712
IRF2BPL,PDvsAD,0.143354774,0.513794331,0.681584162
CYSTM1,PDvsAD,-0.084553174,0.568921574,0.724164375
NUCKS1,PDvsAD,-0.0169126,0.90647782,0.94868252
TMX4,PDvsAD,0.262195816,0.007014745,0.031874326
ISCU,PDvsAD,0.308508997,1.52e-05,0.000351813
TLNRD1,PDvsAD,-0.204700096,0.409338561,0.590931697
OSBPL2,PDvsAD,-0.092852346,0.258057761,0.43594303
MEGF9,PDvsAD,-0.28400319,4.55e-05,0.000750272
SLC6A17,PDvsAD,0.272339158,0.0111291,0.045561534
VPS16,PDvsAD,0.045193891,0.330576295,0.512685487
SLK,PDvsAD,0.089744042,0.0206954,0.072722039
PDCL3,PDvsAD,0.013140135,0.863307585,0.919918025
RAB3GAP2,PDvsAD,0.195992908,3.39e-05,0.000608742
DPH5,PDvsAD,0.045811159,0.665813654,0.794888446
DHX36,PDvsAD,0.087285396,0.158524004,0.314815893
PPA2,PDvsAD,0.112005511,0.060727954,0.159249142
MRPL46,PDvsAD,-0.074480377,0.511596133,0.680331111
TTYH1,PDvsAD,-0.02052969,0.769006187,0.861866859
EPB41L4B,PDvsAD,0.092742975,0.20571566,0.373099531
TMEM245,PDvsAD,-0.03710214,0.65461376,0.786739646
C11orf68,PDvsAD,0.0464248,0.772808003,0.8640381
TCEAL2,PDvsAD,0.479135812,0.009256347,0.039678726
BOLA2B,PDvsAD,-0.359007257,0.001928797,0.012277733
TMX1,PDvsAD,-0.222129066,0.00137118,0.00937538
PTPN23,PDvsAD,0.028115057,0.382551763,0.566226688
DNAJC5,PDvsAD,0.354038679,8.05e-06,0.000228996
CHMP4B,PDvsAD,0.107847428,0.026201855,0.086685061
CUEDC2,PDvsAD,0.144836501,0.545168746,0.706813048
RBKS,PDvsAD,-0.270623989,0.005575312,0.026787956
FN3K,PDvsAD,-0.20816605,0.009655335,0.040925647
POFUT1,PDvsAD,-0.187004639,0.006212679,0.028980413
MAP1LC3A,PDvsAD,0.206701082,0.001696578,0.011144738
RNPEP,PDvsAD,-0.290355164,0.000433329,0.003910836
GOLPH3,PDvsAD,-0.146456895,0.263710514,0.442263868
OSBPL3,PDvsAD,0.196498787,0.217607026,0.389225707
SMARCAD1,PDvsAD,-0.907238609,0.133806308,0.279868791
RGCC,PDvsAD,-0.068374789,0.674279399,0.800486815
SLC32A1,PDvsAD,0.014877265,0.880256937,0.930856828
POMK,PDvsAD,0.086344551,0.308178529,0.489811624
TMEM38A,PDvsAD,0.263577011,0.044742956,0.127409377
OPA3,PDvsAD,0.267233779,0.010797059,0.044582803
PRR36,PDvsAD,0.334575816,0.012395189,0.049422725
RETREG1,PDvsAD,-0.776192123,0.050303911,0.138942154
AZI2,PDvsAD,0.093424833,0.502218778,0.671960505
EPS8L2,PDvsAD,-0.155308708,0.512293881,0.681133066
RPAP3,PDvsAD,-0.004351701,0.938976973,0.965116021
BCAS3,PDvsAD,0.134430455,0.011454659,0.046422442
ANTXR1,PDvsAD,-0.338445059,0.26675318,0.445911137
RANBP3,PDvsAD,0.024174311,0.699648537,0.818112525
DCTPP1,PDvsAD,-0.32682018,0.214026973,0.38419697
PEAK1,PDvsAD,0.027320868,0.883206459,0.932552614
SMYD3,PDvsAD,-0.116589856,0.255898903,0.433918153
AAMDC,PDvsAD,-0.225714594,0.213966257,0.384188539
WDR26,PDvsAD,-0.13412556,0.109389644,0.244056982
TDRD3,PDvsAD,0.166536777,0.557082352,0.716832444
ATP13A3,PDvsAD,-0.103179887,0.788533324,0.871545158
PTGES2,PDvsAD,0.285554603,0.000564927,0.004748243
PHAX,PDvsAD,0.124054882,0.447505824,0.624990285
ACAD9,PDvsAD,0.040612238,0.632639035,0.770164575
RMND5A,PDvsAD,-0.095560652,0.677103871,0.802489451
CNNM2,PDvsAD,0.156983385,0.032904349,0.101943084
MINDY3,PDvsAD,-0.02333582,0.759034741,0.856401525
SLC25A22,PDvsAD,0.338732358,5.93e-06,0.000186276
QTRT2,PDvsAD,-0.283510293,0.187149287,0.350929307
WDR54,PDvsAD,0.187366431,0.220926221,0.393055232
ARMT1,PDvsAD,0.229328484,0.00342678,0.018758621
CNOT10,PDvsAD,0.038698052,0.667402923,0.79612425
SFXN1,PDvsAD,0.415836826,7.08e-08,1.13e-05
AGO3,PDvsAD,-0.243726434,0.112193355,0.24853797
MAP6D1,PDvsAD,-0.480750392,0.004917321,0.024477709
L2HGDH,PDvsAD,0.156130825,0.030692087,0.096913163
ELP3,PDvsAD,0.115208118,0.565001616,0.721600963
TBC1D17,PDvsAD,0.090397427,0.075886075,0.18693443
CARS2,PDvsAD,0.372762324,0.003439778,0.01880116
PPCS,PDvsAD,0.081830686,0.104745721,0.237227951
LIN7B,PDvsAD,0.334769314,0.024891567,0.083587787
SIAE,PDvsAD,0.079734337,0.234155392,0.408607408
CACNA1B,PDvsAD,-0.428971894,0.153641005,0.308009963
PLEKHA5,PDvsAD,-2.52e-05,0.999727601,0.999866606
UPF2,PDvsAD,-0.063491724,0.275065465,0.455152146
GNB4,PDvsAD,-0.064739615,0.311742464,0.493330256
GRPEL1,PDvsAD,0.205126579,0.000120825,0.001484202
SCPEP1,PDvsAD,-0.198701318,0.234400732,0.408936324
MKKS,PDvsAD,0.201956856,0.052828077,0.144373997
RRAGC,PDvsAD,-0.120727948,0.005937869,0.027970588
AS3MT,PDvsAD,-0.080889629,0.723602844,0.832023811
PLGRKT,PDvsAD,-0.081623508,0.635776173,0.772359062
NMRAL1,PDvsAD,-0.314996556,0.347782021,0.529438323
SLC38A10,PDvsAD,0.228076334,0.367288529,0.550167927
LRRC4,PDvsAD,0.058427786,0.848830282,0.911017043
EML4,PDvsAD,-0.126028025,0.037772532,0.113349112
MRM3,PDvsAD,0.210562582,0.381276524,0.565272458
GLOD4,PDvsAD,-0.075200433,0.089025452,0.209816539
SPON1,PDvsAD,-0.193824579,0.027799889,0.090114736
ZFYVE28,PDvsAD,0.067602514,0.550729936,0.711380063
NCOA5,PDvsAD,-0.077454931,0.548930794,0.709771563
TANC2,PDvsAD,0.165808365,0.009392641,0.040119519
EPG5,PDvsAD,0.244830805,0.28763145,0.469252216
ARHGEF10L,PDvsAD,0.152884555,0.617641855,0.760085178
ANO8,PDvsAD,-0.229986179,0.051549335,0.141524568
GBA2,PDvsAD,0.222900839,0.003666532,0.019770138
CPNE5,PDvsAD,0.443885279,5.23e-09,3.42e-06
KIAA1549,PDvsAD,0.567202553,0.018973344,0.068101428
EPB41L5,PDvsAD,-0.092356122,0.28070326,0.46182492
CELSR2,PDvsAD,0.028617207,0.710094961,0.823559022
PREB,PDvsAD,0.097810872,0.317283287,0.49895105
MRS2,PDvsAD,0.422277822,0.039977509,0.11794841
GOPC,PDvsAD,0.179122727,0.014116853,0.054858197
MRPL47,PDvsAD,-0.074084882,0.77832043,0.867440169
LYRM4,PDvsAD,0.407341826,2.51e-05,0.000490102
CHMP1A,PDvsAD,0.020491308,0.722535862,0.831951409
APMAP,PDvsAD,0.215021216,3.96e-05,0.000682579
RAB18,PDvsAD,0.182862945,0.000151967,0.001746161
RAB9B,PDvsAD,0.236920244,0.017291354,0.063652358
DYNLRB1,PDvsAD,-0.12343477,0.087640474,0.207914885
GPCPD1,PDvsAD,0.272351259,0.029067476,0.093257071
OSGEP,PDvsAD,0.140197273,0.10371819,0.235616124
ACOT13,PDvsAD,0.255695521,0.00021153,0.002301868
TIMMDC1,PDvsAD,0.218062836,0.265646308,0.444577453
NLRC4,PDvsAD,0.524565402,0.049526262,0.137402483
RIC8A,PDvsAD,-0.107698335,0.036664396,0.110763125
LZTFL1,PDvsAD,0.203790688,0.000149116,0.001723361
MRPL40,PDvsAD,0.089166637,0.440599715,0.618870093
TRIM36,PDvsAD,0.117197394,0.136074459,0.283376834
TIGAR,PDvsAD,0.019473889,0.778825538,0.867599829
C12orf4,PDvsAD,0.273191949,0.137357957,0.285364711
HINT3,PDvsAD,-0.160144489,0.037993058,0.113868362
RPRD1B,PDvsAD,-0.070690619,0.413159066,0.593581871
XPNPEP3,PDvsAD,0.197301034,0.371551141,0.555196567
RRAGD,PDvsAD,-0.253396115,0.076009636,0.187121534
PFDN4,PDvsAD,0.23887499,0.027050523,0.088422311
NIT2,PDvsAD,0.146049317,0.116510642,0.254058878
CCDC177,PDvsAD,0.488158158,1.02e-05,0.000270016
AVEN,PDvsAD,0.040593361,0.685526525,0.807565066
XPNPEP1,PDvsAD,-0.180200086,5.55e-05,0.000870189
GPHN,PDvsAD,0.196425371,0.001393476,0.009518775
BIRC6,PDvsAD,-0.107678703,0.169030231,0.327541609
PDLIM7,PDvsAD,0.49550413,0.14424751,0.294220496
PRMT8,PDvsAD,0.49861617,1.33e-05,0.000325248
DDX21,PDvsAD,-0.124807063,0.554710297,0.715179096
NANS,PDvsAD,0.038314515,0.360881582,0.543172467
SH3GLB2,PDvsAD,0.26370294,0.000940947,0.007013712
EIF2B3,PDvsAD,-0.120752967,0.055199406,0.148263378
FBXO6,PDvsAD,-0.089164316,0.464667097,0.641402885
PRTFDC1,PDvsAD,-0.284789891,0.010061816,0.042200959
SMYD2,PDvsAD,0.133510523,0.296912716,0.478593338
SDR39U1,PDvsAD,0.119551819,0.11702737,0.254775386
AASDHPPT,PDvsAD,-0.013186131,0.819032408,0.89235082
INPP5E,PDvsAD,-0.039316411,0.753695699,0.85238
CNNM1,PDvsAD,0.407565859,0.02316845,0.079269919
RAB6B,PDvsAD,0.131588703,0.009711543,0.041115436
VPS45,PDvsAD,0.082334498,0.047124638,0.13209958
MRPL17,PDvsAD,-0.050180948,0.680402612,0.80429515
PHPT1,PDvsAD,-0.148056082,0.030595571,0.096650831
SERINC1,PDvsAD,0.08104523,0.226925494,0.4001655
INIP,PDvsAD,-0.541863433,0.313303511,0.495332522
ARHGAP35,PDvsAD,0.057580335,0.077662503,0.190203058
AGPAT4,PDvsAD,-0.060458287,0.589083791,0.73762541
AGPAT3,PDvsAD,-0.015715813,0.740891305,0.845278395
LANCL2,PDvsAD,0.228359739,0.000109166,0.001375183
SEMA3G,PDvsAD,-1.044485249,0.179750686,0.341056894
HOMER2,PDvsAD,-0.081470996,0.340702599,0.522866182
IARS2,PDvsAD,0.280677318,7.1e-05,0.001028093
NRBP2,PDvsAD,-0.201666081,0.002419694,0.0145404
BMP2K,PDvsAD,-0.055775415,0.717798474,0.828884961
EMILIN3,PDvsAD,0.187548802,0.555951662,0.716146186
ATG3,PDvsAD,-0.121853855,0.051468968,0.14135788
TENM2,PDvsAD,-0.200185107,0.413718628,0.593987643
PDS5B,PDvsAD,-0.305453409,0.00017069,0.001915406
SACM1L,PDvsAD,0.098318753,0.022975617,0.078809545
CUTC,PDvsAD,-0.378483785,0.121449497,0.261709476
ECHDC1,PDvsAD,-0.34736386,0.000957055,0.007111667
RNF146,PDvsAD,0.136654044,0.178908931,0.340087722
TBC1D22B,PDvsAD,0.153767285,0.461159203,0.637784685
MDN1,PDvsAD,0.453564332,0.167748883,0.326078277
LYRM2,PDvsAD,0.338718065,0.017566661,0.064369329
ACSS1,PDvsAD,-0.122546989,0.095788353,0.222044997
ABHD10,PDvsAD,0.152338218,0.003579434,0.019425885
SHFL,PDvsAD,0.174659039,0.087878547,0.208205003
LMBRD1,PDvsAD,-0.083820201,0.678765724,0.802817175
TXLNG,PDvsAD,-0.112371834,0.483567535,0.657260465
UFSP2,PDvsAD,-0.284695874,0.010526843,0.043660809
TBC1D23,PDvsAD,-0.084267856,0.35110378,0.532993809
TMEM30A,PDvsAD,0.066491319,0.330353557,0.512561074
PANK4,PDvsAD,0.082087564,0.063559716,0.164672422
EXD2,PDvsAD,0.018486996,0.873231709,0.926119346
DNAJC11,PDvsAD,0.334797868,1.35e-06,7.04e-05
TMLHE,PDvsAD,0.00219613,0.983663955,0.989519061
ATAD3A,PDvsAD,0.23522911,2.36e-05,0.000470007
FGFR1OP2,PDvsAD,0.304080195,5.63e-05,0.000876783
DNAJC17,PDvsAD,0.094346831,0.871152284,0.924883387
ARMC1,PDvsAD,0.089157259,0.074592025,0.185013945
MTPAP,PDvsAD,-0.08953477,0.269761031,0.449476743
RBM22,PDvsAD,-0.092274489,0.338637668,0.521031176
BSDC1,PDvsAD,0.28218983,0.000700996,0.005577727
GPATCH2,PDvsAD,0.064176202,0.767133123,0.860829992
SLTM,PDvsAD,-0.078983454,0.340486245,0.52264566
PAG1,PDvsAD,-0.136876299,0.466910705,0.64338864
RMND1,PDvsAD,0.260347197,6.28e-05,0.000952547
GID8,PDvsAD,-0.049238055,0.467710575,0.643997352
CZIB,PDvsAD,-0.089544706,0.109987977,0.245010533
NMRK1,PDvsAD,-0.806688406,0.09878439,0.227523574
FAM120C,PDvsAD,-0.304337192,0.000687117,0.005506597
COMMD8,PDvsAD,-0.184335778,0.128054882,0.27155639
MRPL16,PDvsAD,-0.031001994,0.809473791,0.885535071
NHP2,PDvsAD,-0.339985108,0.107622085,0.241461527
ADPRS,PDvsAD,0.044918132,0.632153803,0.76977862
MARCHF5,PDvsAD,-0.140411602,0.588730686,0.73753233
GFOD1,PDvsAD,0.132179703,0.068297104,0.173590483
MTMR10,PDvsAD,-0.498795812,0.000315873,0.003109583
PGPEP1,PDvsAD,-0.319998251,0.182605538,0.344836345
SIDT1,PDvsAD,0.350738089,0.022336492,0.077132206
NDE1,PDvsAD,-0.347172296,0.10335972,0.235199767
BABAM2,PDvsAD,0.189877224,0.032277778,0.10046476
CDKN2AIP,PDvsAD,0.055480805,0.703255807,0.819591546
ALKBH4,PDvsAD,-0.041298471,0.736914127,0.842170847
PPP4R2,PDvsAD,-0.339756971,0.194644394,0.358902108
TUBA8,PDvsAD,0.377661733,0.335097098,0.517737084
TERF2IP,PDvsAD,0.149398837,0.05413096,0.146368265
SLCO1C1,PDvsAD,0.256828053,0.228398134,0.401679163
BCLAF1,PDvsAD,-0.010823243,0.845777397,0.908342469
MRPL39,PDvsAD,0.030275426,0.774717345,0.864898628
NKIRAS1,PDvsAD,0.099522742,0.172091412,0.331597516
WSB2,PDvsAD,0.197419983,0.30735169,0.489327292
UGGT1,PDvsAD,0.156342265,0.000182496,0.002028893
UBAP1,PDvsAD,0.022987182,0.787267335,0.871202145
ACTR10,PDvsAD,-0.088013745,0.23591996,0.410789705
GGA3,PDvsAD,0.329232889,2.76e-05,0.000522353
PODXL2,PDvsAD,-0.201326939,0.178270566,0.339232852
FMN2,PDvsAD,0.112474974,0.091938168,0.215762233
STMN3,PDvsAD,0.339974386,9.57e-05,0.001253614
FAM120A,PDvsAD,0.020587782,0.771823302,0.863882066
MOCS1,PDvsAD,0.265038846,0.000631313,0.005189751
SACS,PDvsAD,-0.10946863,0.170969263,0.330408895
COQ3,PDvsAD,0.373980358,0.000868347,0.006595585
HSPBP1,PDvsAD,-0.036788597,0.559955389,0.718220141
MYOF,PDvsAD,-0.108400657,0.487925169,0.66117454
EHD3,PDvsAD,0.326510345,9.98e-08,1.38e-05
ARHGEF12,PDvsAD,0.012237862,0.801426725,0.880773481
NCKIPSD,PDvsAD,0.169436149,0.034672491,0.106127332
LRP1B,PDvsAD,-0.071852935,0.515804283,0.682897148
LMCD1,PDvsAD,-0.11820302,0.315709351,0.49778548
CABP1,PDvsAD,0.371918763,0.000275086,0.002798723
CHMP5,PDvsAD,0.251942002,0.297854852,0.478657273
CWC15,PDvsAD,-0.095326734,0.753540658,0.852369547
NDUFAF4,PDvsAD,0.537976729,2.75e-07,2.45e-05
HACD3,PDvsAD,0.119113791,0.007136463,0.03228464
GRIA3,PDvsAD,0.332487871,0.007755954,0.034565413
EMC3,PDvsAD,0.163692729,0.060906318,0.159424725
NDUFA13,PDvsAD,0.369463004,5.87e-06,0.00018531
PDP1,PDvsAD,0.195467821,0.000327442,0.003191446
KCMF1,PDvsAD,0.137522254,0.057377306,0.152800799
ADAM22,PDvsAD,0.161484151,0.017931351,0.065438967
FRRS1L,PDvsAD,0.465103964,2.04e-05,0.000423653
VAPA,PDvsAD,0.141220258,0.000812463,0.006270433
CACNA1I,PDvsAD,0.365025352,0.071602699,0.179330855
DLGAP2,PDvsAD,0.407490475,0.000234418,0.002486976
ABRACL,PDvsAD,0.162892316,0.23363502,0.408095361
ACTR3B,PDvsAD,0.303711901,0.001439818,0.009733659
CAMSAP3,PDvsAD,0.243093187,0.000346336,0.003289074
KIAA1522,PDvsAD,-0.063590531,0.918726904,0.953868738
ARHGAP23,PDvsAD,-0.274217955,8.53e-05,0.001160177
CNTN3,PDvsAD,0.11282937,0.316318493,0.498230507
NYAP2,PDvsAD,-0.570858019,0.010314606,0.043085343
LRFN1,PDvsAD,0.296127577,0.121328205,0.261526455
DIP2B,PDvsAD,-0.039205858,0.403997468,0.586587361
JCAD,PDvsAD,0.116249061,0.240742751,0.417368669
FNIP2,PDvsAD,-0.058627992,0.826275487,0.897523343
PTGFRN,PDvsAD,0.14626449,0.059817549,0.157491811
TMEM181,PDvsAD,-0.140514606,0.297798863,0.478657273
ARHGAP20,PDvsAD,-0.08399319,0.742872672,0.846080389
ANKIB1,PDvsAD,-0.158463185,0.050140069,0.138622604
USP35,PDvsAD,0.473687838,0.480349794,0.654033521
EIF2AK4,PDvsAD,-0.015446205,0.906956288,0.948930497
WDR35,PDvsAD,0.035645281,0.87931861,0.930274858
HECW2,PDvsAD,0.109861676,0.126167022,0.268496861
FRMD4A,PDvsAD,0.19111126,0.010663409,0.044093651
ANKFY1,PDvsAD,-0.2128649,0.001465025,0.009866973
SLC17A7,PDvsAD,0.300954778,0.001124765,0.008054073
SLC17A6,PDvsAD,0.11314093,0.45251605,0.630803866
GNG13,PDvsAD,0.65269036,0.012629132,0.050271913
PLP,PDvsAD,-0.631064253,0.053283489,0.145067424
ATXN10,PDvsAD,-0.059913857,0.377682555,0.562160006
EPS15L1,PDvsAD,0.177756108,0.000363255,0.003415547
COMMD3,PDvsAD,-0.197175129,0.035006626,0.106922573
GNG12,PDvsAD,-0.55040951,1.05e-07,1.39e-05
HECA,PDvsAD,-0.942163469,0.092487677,0.216448993
ABCD2,PDvsAD,0.263063102,0.040043947,0.117950904
UXT,PDvsAD,0.436729417,0.036811633,0.111067986
ARPP21,PDvsAD,0.415805105,0.071113897,0.178486072
CPNE7,PDvsAD,0.075281065,0.397415006,0.580899439
VPS29,PDvsAD,0.074433713,0.092501627,0.216448993
EIF3K,PDvsAD,-0.117381122,0.113645291,0.250291054
GRHPR,PDvsAD,-0.161090552,0.049339518,0.137079627
DNAJB11,PDvsAD,0.168076071,0.00423606,0.021873639
UBA2,PDvsAD,-0.051728231,0.37232017,0.555968234
SEL1L,PDvsAD,0.016581968,0.813186548,0.887864426
PEF1,PDvsAD,0.009515073,0.902473671,0.946557759
COPS7A,PDvsAD,0.092601664,0.025959774,0.086224752
UQCR10,PDvsAD,0.465091036,6.8e-05,0.000996199
TJP2,PDvsAD,-0.811994984,2.8e-06,0.000119852
CFDP1,PDvsAD,-0.101927084,0.354858512,0.536577102
STK39,PDvsAD,0.011738465,0.846683193,0.908983912
ADD3,PDvsAD,-0.277128765,3.02e-06,0.000126416
FBXL17,PDvsAD,0.12301684,0.788388194,0.871545158
NIPSNAP3A,PDvsAD,-0.348609038,0.081284384,0.196200864
CGGBP1,PDvsAD,0.055466798,0.797536686,0.877678328
RGS17,PDvsAD,0.131006159,0.244037441,0.421050927
WARS2,PDvsAD,0.110453504,0.197439018,0.362475462
SLC2A6,PDvsAD,-0.116002703,0.613918282,0.757202511
ZC3H7B,PDvsAD,-0.067934785,0.515579323,0.682860922
TCF20,PDvsAD,-0.132750965,0.495453598,0.666254951
NDRG3,PDvsAD,-0.00772777,0.904258431,0.947462622
SEPTIN3,PDvsAD,0.193746506,0.002850918,0.016431612
SWAP70,PDvsAD,-0.377125067,3.33e-05,0.000599964
KLHL3,PDvsAD,0.033214868,0.876828527,0.928459826
LAMTOR3,PDvsAD,-0.063535163,0.559955337,0.718220141
AFF4,PDvsAD,-0.280997486,0.348622554,0.530605593
SRP68,PDvsAD,0.093687117,0.059102714,0.156139037
MKRN1,PDvsAD,0.114798102,0.251214119,0.428601318
TBK1,PDvsAD,0.071855429,0.183074428,0.345434049
PCSK1N,PDvsAD,0.137234311,0.409053746,0.59076158
PCYOX1,PDvsAD,0.158062502,0.000576455,0.004816147
DPP7,PDvsAD,-0.304087729,0.113260705,0.249903144
USP25,PDvsAD,0.516545725,0.133748422,0.279868791
CYB5R1,PDvsAD,0.032306646,0.66868269,0.79738637
NRBP1,PDvsAD,0.272707984,1.08e-05,0.000284456
ENOPH1,PDvsAD,-0.101196319,0.124364513,0.265761717
NDUFA12,PDvsAD,0.393052329,1.46e-05,0.000341632
TAGLN3,PDvsAD,0.337739053,5.25e-05,0.00083231
IPO11,PDvsAD,0.0737496,0.681838559,0.805198614
CTNNA3,PDvsAD,-0.497981163,0.060862736,0.15940555
XPO7,PDvsAD,8.14e-05,0.99830907,0.999088475
LCMT1,PDvsAD,0.087352648,0.174729094,0.334878359
VPS51,PDvsAD,0.100412007,0.017752492,0.064951005
BAZ1B,PDvsAD,-0.115278185,0.30069574,0.482037989
SLCO3A1,PDvsAD,-0.083879041,0.419652106,0.599514916
ATP5IF1,PDvsAD,0.411502594,7.16e-05,0.001032311
PLXNA1,PDvsAD,0.430216335,2.05e-07,2.14e-05
TSPYL4,PDvsAD,0.202977771,0.070868056,0.178111084
MSRA,PDvsAD,-0.018636245,0.805182829,0.882899189
HACL1,PDvsAD,0.284026816,0.128057733,0.27155639
HOOK1,PDvsAD,0.279056861,0.008456449,0.037001075
SH3BGRL2,PDvsAD,0.20174938,1.69e-05,0.000372284
RIMS3,PDvsAD,0.246122766,0.003176496,0.017767135
RASAL2,PDvsAD,0.214727715,0.003129931,0.017575013
TSR3,PDvsAD,-0.18206583,0.571047688,0.725714844
LAMP5,PDvsAD,0.401240026,0.258644456,0.436618064
CDC23,PDvsAD,0.157660035,0.44922105,0.626696473
ANAPC4,PDvsAD,-0.109698101,0.116126277,0.25373521
HSPB8,PDvsAD,-0.69172638,4.7e-08,9.01e-06
GGA2,PDvsAD,-0.007851763,0.97173766,0.982939892
GGA1,PDvsAD,0.175545244,0.004176267,0.021595896
STOML2,PDvsAD,0.210793132,0.000634605,0.005210864
GNG8,PDvsAD,-0.509822601,0.074134179,0.184259555
KCND3,PDvsAD,0.229854006,0.152344268,0.306178352
FBXO2,PDvsAD,-0.037137754,0.621050113,0.76196633
NOCT,PDvsAD,0.294465417,0.269338839,0.448939581
LSM7,PDvsAD,-0.233963377,0.742161573,0.845883092
HBB,PDvsAD,-0.169380195,0.550862711,0.711380063
CCNL1,PDvsAD,0.063859966,0.696102628,0.814554449
TASOR,PDvsAD,-0.160861675,0.441949078,0.619676358
FEM1B,PDvsAD,-0.045718931,0.797998091,0.877734238
JPT1,PDvsAD,0.073989473,0.670837805,0.798611955
FBXW11,PDvsAD,-0.381999459,0.008579272,0.037377774
AJAP1,PDvsAD,0.426347615,0.067140125,0.171681095
TNIK,PDvsAD,0.087094868,0.310083572,0.491657282
PITPNC1,PDvsAD,0.099204578,0.282130633,0.463608719
APPL1,PDvsAD,-0.088986007,0.050057894,0.138487088
GPATCH8,PDvsAD,-0.229391636,0.272367825,0.452457683
PARP4,PDvsAD,-0.328193604,0.288156589,0.469576426
NXT1,PDvsAD,-0.009163259,0.940088039,0.965731686
ACSL6,PDvsAD,0.167218941,0.00245539,0.014655525
TRHDE,PDvsAD,0.164786119,0.483805548,0.657260465
ACAD8,PDvsAD,0.101887305,0.442974304,0.620388273
AGO2,PDvsAD,-0.213466559,0.124184409,0.265534618
CDV3,PDvsAD,-0.080062938,0.477716735,0.652414927
CNOT11,PDvsAD,0.177367096,0.35888537,0.540960282
RAB22A,PDvsAD,0.013396752,0.783665522,0.869176957
HCN2,PDvsAD,0.197196568,0.038276207,0.114351041
TAOK2,PDvsAD,0.187853181,0.009576359,0.040710846
CDH9,PDvsAD,0.288200531,0.038758911,0.115191659
MCTS1,PDvsAD,0.135971994,0.027141327,0.088578751
ZDHHC8,PDvsAD,0.478752545,0.197881681,0.363010185
OGDHL,PDvsAD,0.345472555,5.37e-06,0.000175512
KIDINS220,PDvsAD,-0.119259768,0.205674999,0.373099531
MRTFB,PDvsAD,0.123144985,0.126480422,0.268845648
NWD2,PDvsAD,0.179969425,0.236864549,0.411736757
PNMA8B,PDvsAD,0.22235998,0.029168619,0.09344274
PPM1H,PDvsAD,0.25400754,0.000478155,0.004212092
CADPS,PDvsAD,0.2707167,1.25e-05,0.000315791
NFU1,PDvsAD,0.403985656,8.18e-06,0.000230647
PRPF19,PDvsAD,0.047323212,0.455503252,0.633127515
UBQLN1,PDvsAD,0.063005999,0.297302504,0.478593338
NENF,PDvsAD,0.000302296,0.997850983,0.998962021
SYNRG,PDvsAD,0.303496656,0.000153889,0.001762615
PCDHGC3,PDvsAD,-0.280551528,0.004426047,0.022515244
STUB1,PDvsAD,-0.051271318,0.221866228,0.394337479
SNX7,PDvsAD,0.081944364,0.459261192,0.636138216
STX8,PDvsAD,0.179190556,0.482886826,0.656735894
COPS3,PDvsAD,0.047622208,0.170865406,0.330296926
RABL2B,PDvsAD,0.090926584,0.48480054,0.658205036
MINPP1,PDvsAD,0.269637147,0.640201118,0.776203162
NOVA2,PDvsAD,0.202971128,0.003922372,0.020690924
NSFL1C,PDvsAD,-0.661680223,0.218786946,0.390720079
BSN,PDvsAD,1.76894578,0.088483645,0.208813275
MACF1,PDvsAD,0.217763258,0.078916974,0.192228173
PPP6R1,PDvsAD,-0.159169937,0.114972373,0.251825908
BTBD8,PDvsAD,0.228317869,0.014334337,0.055314853
LIMCH1,PDvsAD,-0.238882902,0.001368697,0.009367306
PLCL2,PDvsAD,0.269130615,0.001758656,0.011437625
SLC8A2,PDvsAD,0.295166742,6.41e-05,0.000965213
ZC3H4,PDvsAD,0.096403175,0.585605091,0.735765488
USP22,PDvsAD,0.286369684,0.026313078,0.086843215
USP24,PDvsAD,-0.106130371,0.116421588,0.254058878
TBC1D2B,PDvsAD,-0.188867329,0.575973726,0.729140974
SAMD4A,PDvsAD,0.05884744,0.844089344,0.907282524
PHF24,PDvsAD,0.391567582,2.49e-05,0.000489993
IGSF9B,PDvsAD,0.495572733,2.69e-05,0.000511629
SHANK2,PDvsAD,0.378845605,0.000555229,0.004698543
DICER1,PDvsAD,-0.438170205,0.091233864,0.214459212
SLC7A11,PDvsAD,-0.270641981,0.092110601,0.216025938
WASF3,PDvsAD,-0.097734879,0.360603889,0.54298174
CORO2B,PDvsAD,0.069743564,0.11685389,0.254648029
SHOC2,PDvsAD,0.029282408,0.806542612,0.883695508
DNM3,PDvsAD,0.185827983,7.43e-05,0.001055686
RIMS2,PDvsAD,0.233996661,0.017431025,0.063973489
SPG7,PDvsAD,0.362411907,1.42e-06,7.26e-05
CTNND2,PDvsAD,-0.104127666,0.037727334,0.113260732
BAIAP2,PDvsAD,0.338879425,9.11e-05,0.001211519
GAB2,PDvsAD,-0.073355815,0.464759341,0.641407126
SCN8A,PDvsAD,0.195076862,0.120538209,0.260291605
MTMR6,PDvsAD,0.240707497,0.013825393,0.053929531
RUVBL2,PDvsAD,-0.124935047,0.003915255,0.020690924
PIN4,PDvsAD,-0.304453013,0.007596711,0.034024373
LZTS1,PDvsAD,0.351883257,0.002201593,0.013593184
EIF3L,PDvsAD,-0.051240813,0.189061334,0.352950474
PLAA,PDvsAD,-0.055898081,0.294875087,0.476659499
NUDC,PDvsAD,0.054280543,0.25950313,0.437124656
VSIG4,PDvsAD,-0.49103583,0.019184791,0.068689
ASF1A,PDvsAD,0.025840161,0.914008028,0.952031808
DRG1,PDvsAD,-0.046184529,0.730398429,0.837251936
TRAPPC4,PDvsAD,0.072080955,0.071116514,0.178486072
NCKAP1,PDvsAD,0.123339247,0.00890536,0.038445606
VPS9D1,PDvsAD,0.277647019,0.097846364,0.225796886
DIP2C,PDvsAD,0.086066036,0.167835585,0.326105177
EFR3B,PDvsAD,0.230937755,0.000852811,0.006516997
STK38L,PDvsAD,0.028307163,0.605480207,0.750198011
INPP5F,PDvsAD,-0.090777734,0.604215993,0.749978539
MAST1,PDvsAD,0.176641968,0.000425084,0.003846074
HEL37,PDvsAD,-0.310307611,0.110873182,0.246297342
WDR37,PDvsAD,0.25678101,2.65e-05,0.000508024
RPH3A,PDvsAD,0.812373674,4.29e-08,9.01e-06
STXBP5L,PDvsAD,0.425654676,3.67e-06,0.000141841
DIS3,PDvsAD,-0.039668863,0.772865444,0.8640381
ATP8A1,PDvsAD,0.073419283,0.292277728,0.473716471
LAMTOR2,PDvsAD,-0.099917714,0.395452717,0.579208185
CRYL1,PDvsAD,-0.311295148,0.000509491,0.004420713
POLDIP2,PDvsAD,0.240844511,0.008265138,0.036383804
PPP2R2C,PDvsAD,0.12061063,0.188662722,0.352572345
CARHSP1,PDvsAD,-0.102341591,0.325832371,0.507626651
THRAP3,PDvsAD,-0.057359591,0.580256916,0.732243508
NOP58,PDvsAD,-0.119158604,0.015686034,0.059228159
COQ6,PDvsAD,-0.039352066,0.741684315,0.845607114
AMDHD2,PDvsAD,-0.23650497,0.38729181,0.570337725
ACOT9,PDvsAD,0.176866874,0.004649761,0.023454232
DERA,PDvsAD,-0.537854881,0.000349015,0.00330014
LSM2,PDvsAD,-0.066227389,0.41309104,0.593581871
SH3GLB1,PDvsAD,-0.13167488,0.020539976,0.072388068
LUC7L2,PDvsAD,-0.091008052,0.157739436,0.313864387
DHRS7,PDvsAD,-0.061082371,0.317460219,0.49901472
TMED5,PDvsAD,-0.371039788,0.008961133,0.038642069
SF3B6,PDvsAD,-0.09215546,0.326322387,0.508169936
RNF11,PDvsAD,0.139072303,0.325758782,0.507626651
UFC1,PDvsAD,-0.1093687,0.068342558,0.173644656
CIAO2B,PDvsAD,-0.073099566,0.405541162,0.587512644
MSRB2,PDvsAD,0.021597543,0.772561269,0.8640381
MRPS16,PDvsAD,0.083729517,0.38577433,0.568790972
FIS1,PDvsAD,0.132848908,0.006494815,0.029966135
MRPS23,PDvsAD,0.119643788,0.324897483,0.5068288
BOLA1,PDvsAD,-0.270863801,0.37941469,0.56375333
CHMP3,PDvsAD,-0.127333554,0.054396737,0.146820162
STRAP,PDvsAD,0.075084359,0.054470864,0.146909982
RTCB,PDvsAD,-0.052302208,0.22049277,0.392619141
RAP2C,PDvsAD,0.182906122,0.043670626,0.125448407
RABGAP1,PDvsAD,0.011844905,0.744512889,0.846928213
HCN4,PDvsAD,0.415205933,0.081371511,0.196279435
DOP1B,PDvsAD,0.144359949,0.335129134,0.517737084
RPL36,PDvsAD,0.206885054,0.056085293,0.150194159
SAMHD1,PDvsAD,-0.385731902,0.00016536,0.001867239
C2CD2,PDvsAD,0.207968635,0.003910907,0.020690924
TLN1,PDvsAD,-0.261694193,0.000478213,0.004212092
MTCL1,PDvsAD,0.264300997,0.040999127,0.119798144
DCAF1,PDvsAD,0.10116788,0.470645501,0.646800361
TCAF1,PDvsAD,-0.043146479,0.752420187,0.851905935
DAAM1,PDvsAD,0.038952885,0.479337022,0.653253354
PLXND1,PDvsAD,-0.1096175,0.487974496,0.66117454
WDR7,PDvsAD,0.263986745,8e-05,0.001121807
USP15,PDvsAD,0.110657762,0.015666055,0.059228159
TLN2,PDvsAD,0.186549911,0.000537123,0.004588509
DTNA,PDvsAD,0.033564041,0.894556678,0.940937002
TRAF6,PDvsAD,-0.583365612,0.022326382,0.077132206
HYOU1,PDvsAD,0.191472026,0.000329313,0.003196691
TELO2,PDvsAD,0.644415107,0.262025435,0.439996597
ARIH1,PDvsAD,-0.026836363,0.742752307,0.846080389
LSM4,PDvsAD,-0.032396378,0.641591244,0.777155858
VH3,PDvsAD,-0.033123155,0.915114294,0.952092733
SAMM50,PDvsAD,0.238369158,3.37e-05,0.000605807
HSPB11,PDvsAD,-0.37838482,0.01208584,0.048403924
TIMM22,PDvsAD,0.16914954,0.182557856,0.344836345
AP4S1,PDvsAD,0.060225036,0.442064566,0.619717487
YTHDF2,PDvsAD,0.470556527,0.012022961,0.048259576
CTDP1,PDvsAD,0.187139504,0.662765819,0.792827962
PAXBP1,PDvsAD,0.076352023,0.805959992,0.883324211
NME7,PDvsAD,0.001030148,0.98942499,0.993160154
SUPT16H,PDvsAD,0.009747364,0.90973742,0.949882605
PCDHB14,PDvsAD,-0.575974017,0.009725971,0.041152299
PCDHGC5,PDvsAD,0.304153119,0.082686639,0.198519692
PHLDA3,PDvsAD,-0.674982735,0.034463036,0.105621057
TIMM8B,PDvsAD,0.03483612,0.571691792,0.725892155
PCYT1B,PDvsAD,-0.092859017,0.547120006,0.708449002
CD2AP,PDvsAD,-0.208116606,0.061693521,0.161133441
ENTPD2,PDvsAD,-0.518909945,0.009025401,0.038850815
TIMM13,PDvsAD,0.309826109,2.49e-05,0.000489993
TRPV2,PDvsAD,0.127812173,0.361562405,0.543855788
RBM8A,PDvsAD,-0.144747364,0.144043432,0.294013735
COPG1,PDvsAD,-0.156623163,0.003786038,0.020209819
ARL5A,PDvsAD,-0.160651286,0.129479001,0.273682766
CACNG2,PDvsAD,0.407904844,0.000439807,0.003959364
CYP46A1,PDvsAD,0.142646389,0.105617911,0.238527357
CFAP20,PDvsAD,0.140446554,0.079168246,0.192551209
EMILIN1,PDvsAD,-0.04279118,0.862552066,0.919681805
MTCH2,PDvsAD,0.166103206,0.005357275,0.026001943
ARFGEF2,PDvsAD,0.164262862,0.00145358,0.009799067
DYNC1LI1,PDvsAD,0.113937154,0.099910555,0.229529422
CHCHD2,PDvsAD,-0.043264558,0.675566555,0.801344036
EPN1,PDvsAD,0.321606653,0.000735387,0.005806413
AK5,PDvsAD,0.0822148,0.2007887,0.366939308
SLC30A1,PDvsAD,-0.10162942,0.135140578,0.281921746
NDUFB9,PDvsAD,0.338333356,8.06e-05,0.00112732
LAMC3,PDvsAD,-0.270026097,0.059979986,0.157861704
CDH10,PDvsAD,0.359601659,0.003923595,0.020690924
SCIN,PDvsAD,-0.61800496,0.01396433,0.054353584
PCLO,PDvsAD,0.384663651,0.000199845,0.00220473
WASF2,PDvsAD,-0.282202712,0.009939634,0.041810403
FAM169A,PDvsAD,-0.039240801,0.643058508,0.778157222
ENPP4,PDvsAD,-0.149013763,0.167711814,0.326078277
IVNS1ABP,PDvsAD,-0.083885453,0.593575752,0.740477001
PSMC3,PDvsAD,-0.009975895,0.789572712,0.871741599
HSPE1-MOB4,PDvsAD,0.115100237,0.003805475,0.020246141
HBA2,PDvsAD,-0.047595743,0.861069091,0.918805811
Mprip-Ntrk1,PDvsAD,-0.211938399,0.411307626,0.592536703
CD74-Ntrk1,PDvsAD,0.010559363,0.951174076,0.970880535
HEL-176,PDvsAD,-0.311391895,0.05690559,0.151825634
HEL-214,PDvsAD,-0.228848831,0.390653994,0.573932634
QPRT,PDvsAD,-0.217991831,0.139461584,0.287847108
CADPS2,PDvsAD,0.203018044,0.00314407,0.017640637
RAPGEF4,PDvsAD,0.276338821,0.001746674,0.011386175
ALDH5A1,PDvsAD,0.218169987,0.001007609,0.007350641
GPX1,PDvsAD,-0.582934688,0.53532236,0.698073557
SLIT2,PDvsAD,-0.368653927,0.004096033,0.021318931
RAP1GAP,PDvsAD,0.221033125,6.33e-05,0.000956892
NFASC,PDvsAD,0.05329835,0.49219225,0.663606158
ATP6,PDvsCTL,-0.069911236,0.574929253,0.900973011
ND2,PDvsCTL,0.170709893,0.06812808,0.514537377
ND5,PDvsCTL,0.224723568,0.087606331,0.55937766
ND6,PDvsCTL,0.351459128,0.209111543,0.701169813
COX1,PDvsCTL,0.123237991,0.296761745,0.763105124
ND4,PDvsCTL,0.069541287,0.48655392,0.857459536
COX3,PDvsCTL,-0.010304298,0.916980368,0.985415021
ND3,PDvsCTL,0.190452092,0.46042626,0.85047059
ATP8,PDvsCTL,-0.130907487,0.167771093,0.660658683
MAGOHB,PDvsCTL,-0.0301267,0.539062339,0.884197794
HLA-DRB1,PDvsCTL,0.45231016,0.401497191,0.817151428
TM9SF4,PDvsCTL,-0.25296254,0.094635862,0.57072933
PTEN,PDvsCTL,-0.017809541,0.870256717,0.974767052
TM9SF2,PDvsCTL,-0.148672721,0.138336947,0.624643853
TM9SF3,PDvsCTL,-0.251923851,0.002282413,0.173427036
AP1S1,PDvsCTL,0.024386601,0.79567323,0.959645775
EIF3C,PDvsCTL,-0.010325344,0.768274051,0.954767666
CP110,PDvsCTL,0.016069966,0.926834317,0.987194231
PLP2,PDvsCTL,0.034585939,0.803632588,0.962298853
WDR45,PDvsCTL,0.022667443,0.845089674,0.969481858
SPECC1,PDvsCTL,0.082928074,0.148589131,0.635930742
EXOC3,PDvsCTL,-0.032754109,0.399516271,0.815833305
CCDC22,PDvsCTL,0.009741836,0.856268388,0.973158362
TFE3,PDvsCTL,-0.144527364,0.228460367,0.714664544
HDAC6,PDvsCTL,-0.129171349,0.255656185,0.732008668
SDHA,PDvsCTL,0.035549551,0.528590625,0.879117124
APPBP2,PDvsCTL,-0.330230778,0.051688573,0.477677524
FLOT2,PDvsCTL,0.083949757,0.411048425,0.823002938
ALDOC,PDvsCTL,0.088898686,0.056786042,0.486264282
RAB34,PDvsCTL,0.012510609,0.889600689,0.978424734
TAOK1,PDvsCTL,-0.056205085,0.116044727,0.6039482
EFHD2,PDvsCTL,0.214323317,0.029729217,0.409421899
NECAP2,PDvsCTL,0.090633136,0.478372065,0.852968781
COG4,PDvsCTL,0.003110582,0.983406655,0.99875356
SH2B1,PDvsCTL,-0.019940113,0.795676967,0.959645775
PCDH8,PDvsCTL,0.013840821,0.928670916,0.987194231
BCKDK,PDvsCTL,0.002996897,0.98145751,0.99875356
FBXO42,PDvsCTL,-0.080565681,0.795380297,0.959645775
hCG_1993905,PDvsCTL,-0.157382725,0.585167757,0.905536924
CD2BP2,PDvsCTL,-0.055188707,0.708397102,0.94132126
RPL18,PDvsCTL,0.031848192,0.638494968,0.91992743
CPT1C,PDvsCTL,-0.315903582,0.191749702,0.688902426
RUSF1,PDvsCTL,0.064901625,0.145784603,0.63314653
TGFB1I1,PDvsCTL,0.521884447,0.022655299,0.386009926
FLJ20643,PDvsCTL,-0.368895568,0.04067463,0.459374371
NUP62,PDvsCTL,0.030753979,0.520387,0.876542076
RRAS,PDvsCTL,0.010620125,0.895485383,0.979070091
AKT1S1,PDvsCTL,-0.265816928,0.166190988,0.660658683
RNF40,PDvsCTL,-0.070830703,0.822942626,0.965982002
SPHK2,PDvsCTL,0.033387657,0.734183676,0.944362593
SR-A1,PDvsCTL,-0.021867893,0.780163978,0.957752101
BMERB1,PDvsCTL,0.112758901,0.327520573,0.782156535
UBE2D1,PDvsCTL,-0.41347143,5.76e-06,0.020718596
MYH11,PDvsCTL,0.236299472,0.517872831,0.874950932
MYH11,PDvsCTL,-0.025869695,0.930047519,0.987283324
CCDC6,PDvsCTL,0.119031999,0.030541393,0.414498565
PHYHIPL,PDvsCTL,-0.024929808,0.608971787,0.913711736
PBLD,PDvsCTL,-0.13548366,0.605984089,0.912627525
HNRNPH3,PDvsCTL,0.129054346,0.013977415,0.325259399
FAM241B,PDvsCTL,-0.043376865,0.734920228,0.944552143
LRRC20,PDvsCTL,0.102937732,0.198527787,0.691471792
EIF4EBP2,PDvsCTL,-0.004548713,0.990388445,0.99875356
PALD1,PDvsCTL,0.035848229,0.749992657,0.948905295
SEC24C,PDvsCTL,-0.071384112,0.132966549,0.619869221
DNAJC9,PDvsCTL,0.037187412,0.752818196,0.950401167
VCL,PDvsCTL,-0.006424877,0.946025089,0.992748973
CISD1,PDvsCTL,0.060613859,0.316539683,0.776480672
HERC4,PDvsCTL,-0.130070942,0.038219949,0.450638176
MACROH2A2,PDvsCTL,0.052295104,0.732210295,0.944362593
AP3M1,PDvsCTL,-0.090596694,0.306677071,0.772745101
MOCS2,PDvsCTL,-0.010801872,0.890689151,0.978743202
PLPP1,PDvsCTL,-0.524413541,0.076527973,0.53531995
VDAC2,PDvsCTL,0.115203483,0.042064704,0.461941097
EXOC2,PDvsCTL,-0.011773207,0.713326284,0.94132126
SERPINB9,PDvsCTL,-0.035820412,0.843682331,0.969250372
NQO2,PDvsCTL,0.255017424,0.122552403,0.610484114
TPMT,PDvsCTL,0.281065957,0.018056604,0.351030145
RANBP9,PDvsCTL,-0.029723631,0.548883385,0.888845829
NUP153,PDvsCTL,0.116415407,0.200836871,0.692748609
TBC1D7,PDvsCTL,0.030453188,0.703686802,0.940471789
SERPINB6,PDvsCTL,0.279481939,0.346015277,0.789309323
LOC221955,PDvsCTL,-0.095081417,0.228083716,0.714549724
BPHL,PDvsCTL,-0.139085564,0.3347211,0.787025807
RIPOR2,PDvsCTL,0.019623764,0.885661045,0.976630369
CCDC115,PDvsCTL,0.040279301,0.80261642,0.96188269
TMEM14C,PDvsCTL,0.193719115,0.489617391,0.859030591
FAM8A1,PDvsCTL,-0.134880889,0.628109744,0.917545367
SIRT5,PDvsCTL,0.082393048,0.214797893,0.705498284
C9,PDvsCTL,0.112215528,0.471483144,0.852968781
OXCT1,PDvsCTL,-0.046875543,0.450515781,0.846337892
HMGN4,PDvsCTL,0.244217331,0.14756449,0.635587653
SLC1A3,PDvsCTL,-0.048631453,0.421688527,0.826988493
VAMP7,PDvsCTL,0.012140946,0.862216746,0.973419552
NUP155,PDvsCTL,0.03819373,0.438616573,0.836786943
SDF4,PDvsCTL,-0.263171755,0.159297385,0.65156401
VWA1,PDvsCTL,-0.091665982,0.55409663,0.8914375
AMPD2,PDvsCTL,0.279824281,1.91e-05,0.029011095
AHCYL1,PDvsCTL,-0.079609083,0.197550938,0.691471792
NNT,PDvsCTL,-0.047096592,0.346405547,0.789309323
CTTNBP2NL,PDvsCTL,0.082965044,0.626955553,0.917318915
AP4B1,PDvsCTL,-0.052320707,0.886840846,0.977233518
CSDE1,PDvsCTL,-0.063704075,0.072745555,0.527313989
CAPZA1,PDvsCTL,-0.041261957,0.303604564,0.768412256
MAGI3,PDvsCTL,0.047373702,0.540008468,0.884197794
TRIM33,PDvsCTL,0.218989264,0.190082284,0.687145203
CLCC1,PDvsCTL,0.034969184,0.621640828,0.916658975
WDR77,PDvsCTL,-0.2035521,0.176501366,0.669606711
RHOC,PDvsCTL,0.541838896,0.271497137,0.748378869
PAK4,PDvsCTL,0.13307557,0.471708273,0.852968781
HNRNPUL1,PDvsCTL,-0.066555194,0.412186847,0.823002938
BCKDHA,PDvsCTL,0.062445653,0.379926873,0.803565371
RAB4B,PDvsCTL,0.061346934,0.177057159,0.670072889
MGC20255,PDvsCTL,-0.000604865,0.996894833,0.999608014
GSK3A,PDvsCTL,-0.029732693,0.518733211,0.875003121
PAFAH1B3,PDvsCTL,0.120484609,0.174635119,0.667604074
TIMM50,PDvsCTL,0.028538155,0.598374358,0.911217644
SPTBN4,PDvsCTL,-0.036681928,0.457348202,0.85047059
SAMD4B,PDvsCTL,-0.144745249,0.206132573,0.697214738
SMG9,PDvsCTL,-0.446185747,0.343629424,0.788416068
PLD3,PDvsCTL,0.047147172,0.506916844,0.868169781
ERCC1,PDvsCTL,0.867215494,0.21499852,0.705651509
PPP5C,PDvsCTL,0.067823794,0.11556446,0.603233061
ARHGEF1,PDvsCTL,0.03712768,0.744205431,0.946867678
SAE1,PDvsCTL,-0.077088539,0.175845712,0.669115577
NAPA,PDvsCTL,-0.075784258,0.114025947,0.601752486
EHD2,PDvsCTL,-0.001082486,0.992918541,0.999367328
DHRS11,PDvsCTL,0.076248253,0.41323205,0.823002938
APOC1,PDvsCTL,-0.660189097,0.016798919,0.342780806
APOC2,PDvsCTL,-0.409679865,0.110145192,0.598024066
VASP,PDvsCTL,0.161246254,0.374749984,0.802225413
SEPW1,PDvsCTL,0.010549112,0.864032053,0.973966741
SLC25A18,PDvsCTL,0.108671091,0.25618917,0.732257728
NELL2,PDvsCTL,0.290819857,0.003574496,0.207945764
ACACA,PDvsCTL,0.02756826,0.549469205,0.888963561
PFKM,PDvsCTL,0.088465482,0.014418426,0.326830462
ARF3,PDvsCTL,-0.028367096,0.882405042,0.975016244
DDX23,PDvsCTL,0.031772352,0.64667915,0.923458872
SPATS2,PDvsCTL,0.01924524,0.892271241,0.978966906
SMARCD1,PDvsCTL,-0.551129851,0.222542191,0.709716357
CNTN1,PDvsCTL,-0.030207467,0.441026377,0.838612574
METTL7A,PDvsCTL,0.09211081,0.18128317,0.676072912
TFCP2,PDvsCTL,-0.074307076,0.475054864,0.852968781
SLC38A1,PDvsCTL,0.12483865,0.341978455,0.788076282
PRKAG1,PDvsCTL,0.070965631,0.123252338,0.610484114
ATG101,PDvsCTL,0.473114414,0.095765952,0.572305833
GPD1,PDvsCTL,-0.128632598,0.423318389,0.827080454
CORO2A,PDvsCTL,0.080782836,0.496300053,0.862916674
SLC44A1,PDvsCTL,-0.083107377,0.699718304,0.939060895
hCG_28765,PDvsCTL,-0.030577175,0.5444618,0.886471995
GNG10,PDvsCTL,-0.188658876,0.119505029,0.608396051
PTBP3,PDvsCTL,0.149273539,0.177700767,0.670072889
TEX10,PDvsCTL,-0.166971391,0.562662715,0.895603653
LTB4DH,PDvsCTL,0.283022722,0.013495923,0.322512198
SLC9A7,PDvsCTL,0.147521544,0.177211648,0.670072889
ARAF,PDvsCTL,-0.038483017,0.829387215,0.967871303
NCBP1,PDvsCTL,-0.008654324,0.94898564,0.992959485
CDK16,PDvsCTL,-0.060509349,0.453959329,0.848357873
ALG2,PDvsCTL,-0.101498297,0.363475914,0.797812197
PGAP4,PDvsCTL,0.066780622,0.730419809,0.944362593
UBA1,PDvsCTL,-0.00557774,0.8845786,0.976484634
UBE2L3,PDvsCTL,0.249616311,0.001681303,0.162779313
XBP1,PDvsCTL,-0.213610638,0.392651269,0.810677801
MTMR3,PDvsCTL,0.198175278,0.529572431,0.879117124
PDXP,PDvsCTL,0.065575292,0.243372901,0.723212931
TFIP11,PDvsCTL,0.077425046,0.71175389,0.94132126
SYN3,PDvsCTL,0.16981442,0.0454028,0.475502257
CDC42EP1,PDvsCTL,0.048515828,0.784180778,0.958515672
NF2,PDvsCTL,0.168760893,0.045723746,0.475502257
EIF4ENIF1,PDvsCTL,0.257530619,0.182352423,0.676113906
PISD,PDvsCTL,-0.2158334,0.029763728,0.409421899
YWHAH,PDvsCTL,0.022388373,0.717798462,0.943340698
SF3A1,PDvsCTL,0.093910915,0.066623378,0.514297414
PVALB,PDvsCTL,0.130388738,0.414358464,0.823211343
MIEF1,PDvsCTL,-0.148353317,0.107937616,0.594483362
KCNJ4,PDvsCTL,-0.110849869,0.424424747,0.827080454
APOL2,PDvsCTL,-0.003427921,0.972369128,0.998466092
MYH9,PDvsCTL,-0.050898631,0.276669217,0.748382178
XRCC6,PDvsCTL,-0.02077842,0.729992834,0.944362593
SOX10,PDvsCTL,-0.044983898,0.929492535,0.987280085
JOSD1,PDvsCTL,-0.186719106,0.317709799,0.776515999
SUN2,PDvsCTL,-0.025028774,0.862325264,0.973419552
NPTXR,PDvsCTL,0.093886676,0.490949182,0.859124837
NAGA,PDvsCTL,-0.56562648,0.09251042,0.568253976
SMARCE1,PDvsCTL,-0.055358671,0.528148361,0.879117124
LASP1,PDvsCTL,0.192329831,0.052339998,0.477768539
TNRC6B,PDvsCTL,0.284318988,0.128543113,0.615311439
KLHL11,PDvsCTL,-0.307034276,0.187134668,0.685017736
ACLY,PDvsCTL,0.022945754,0.609320499,0.914044286
RANGAP1,PDvsCTL,0.138073315,0.007549081,0.263594841
PHF5A,PDvsCTL,-0.08607737,0.54474317,0.886471995
RAB5C,PDvsCTL,-0.053422787,0.13178688,0.619165925
PMM1,PDvsCTL,-0.112419061,0.166798684,0.660658683
RPL27,PDvsCTL,-0.055210138,0.555595953,0.892452364
ORMDL3,PDvsCTL,0.024234526,0.831018785,0.967871303
VPS25,PDvsCTL,0.181210904,0.001052008,0.148374389
COA3,PDvsCTL,-0.012308551,0.879768696,0.974913799
JUP,PDvsCTL,0.088206443,0.529429747,0.879117124
PALM,PDvsCTL,0.166160113,0.065195641,0.513076856
GHDC,PDvsCTL,0.189218587,0.138200356,0.624419071
CDC34,PDvsCTL,-0.040931063,0.723074177,0.944362593
VAT1,PDvsCTL,0.015554562,0.891931279,0.978743202
PSMD13,PDvsCTL,-0.021167882,0.570419992,0.898540652
PSME3,PDvsCTL,-0.057300816,0.412239135,0.823002938
RNF126,PDvsCTL,0.065449014,0.859340404,0.973419552
IFITM1,PDvsCTL,0.138818151,0.742938126,0.946867678
HDGFL3,PDvsCTL,0.111860699,0.119838149,0.608396051
ZFAND5,PDvsCTL,0.182842998,0.52017292,0.876459081
PSAT1,PDvsCTL,0.030695435,0.678981275,0.931688728
TJP2,PDvsCTL,-0.112692506,0.525107682,0.878803992
HNRPK,PDvsCTL,0.095624765,0.033075029,0.427125111
NTRK2,PDvsCTL,-0.004655991,0.930617047,0.987742131
GDA,PDvsCTL,0.018224053,0.828382709,0.967871303
TJP2,PDvsCTL,-0.192971457,0.742954776,0.946867678
GNAQ,PDvsCTL,0.055754527,0.274268275,0.748382178
CARD19,PDvsCTL,-0.17888161,0.288646928,0.756821637
FLJ00163,PDvsCTL,-0.28072203,0.292108179,0.760993924
CTIF,PDvsCTL,-0.052631662,0.539157674,0.884197794
RPL17,PDvsCTL,-0.097565916,0.022726747,0.386009926
SMAD4,PDvsCTL,-0.179635595,0.389303007,0.809044942
RFK,PDvsCTL,-0.102070986,0.367540924,0.798530652
SPTLC1,PDvsCTL,-0.012323586,0.901133255,0.980251142
KDSR,PDvsCTL,0.100082061,0.321739069,0.778775282
SPIN1,PDvsCTL,0.057746409,0.69671609,0.937601279
MAGED4,PDvsCTL,0.152345773,0.202894391,0.694074586
BCL2,PDvsCTL,-0.40834883,0.163173039,0.656188822
VPS4B,PDvsCTL,-0.070414997,0.281741295,0.750905037
TADA3,PDvsCTL,-0.155367421,0.653989476,0.924703885
CNTN4,PDvsCTL,0.113764931,0.39292684,0.810677801
ATG7,PDvsCTL,-0.020922346,0.763234844,0.952549632
CHCHD4,PDvsCTL,0.031327736,0.734395377,0.944362593
TMEM43,PDvsCTL,0.108976336,0.309469757,0.774535825
SLC6A1,PDvsCTL,-0.038880358,0.675637721,0.930117154
CRELD1,PDvsCTL,-0.047688888,0.467068624,0.852480237
RPL32,PDvsCTL,-0.111079405,0.518548008,0.874950932
ANKRD28,PDvsCTL,-0.083693335,0.232591048,0.719044476
OXNAD1,PDvsCTL,-0.254973792,0.119642019,0.608396051
RBSN,PDvsCTL,0.024042864,0.615397771,0.914966069
TRNT1,PDvsCTL,0.019597405,0.710801482,0.94132126
CRBN,PDvsCTL,-0.068057545,0.278541751,0.749289915
HDAC11,PDvsCTL,-0.209889695,0.248084742,0.727523224
UBP1,PDvsCTL,0.084402678,0.637837358,0.91992743
RAB5A,PDvsCTL,0.012319609,0.84201373,0.969250372
UBE2E1,PDvsCTL,-0.143079326,0.73009524,0.944362593
LRRFIP2,PDvsCTL,0.072361598,0.650129871,0.923458872
ATP2B2,PDvsCTL,0.008786898,0.902810732,0.981513098
WDR48,PDvsCTL,0.007059306,0.880879743,0.974926647
HHATL,PDvsCTL,-0.041646095,0.743003234,0.946867678
ACAA1,PDvsCTL,-0.006137607,0.902915636,0.981513098
OXSR1,PDvsCTL,0.033660294,0.462797757,0.85047059
MOBP,PDvsCTL,-0.380546153,0.244013675,0.72402669
POMGNT2,PDvsCTL,-0.07222971,0.624943893,0.917075874
UBE2E2,PDvsCTL,-0.106292891,0.33935368,0.787549298
CTNNB1,PDvsCTL,-0.092661037,0.015677532,0.34185428
RPL15,PDvsCTL,0.192470472,0.008944811,0.276362116
MYL1,PDvsCTL,0.079843294,0.698537638,0.9384724
CLEC3B,PDvsCTL,0.059295005,0.779680804,0.957538479
OXSM,PDvsCTL,0.101198866,0.165791186,0.660658683
ANO10,PDvsCTL,-0.013737585,0.814126947,0.963997689
KIAA1143,PDvsCTL,-0.074881805,0.616034084,0.914966069
DHX30,PDvsCTL,-0.038929908,0.532025345,0.88033421
GORASP1,PDvsCTL,-0.308216794,0.122793747,0.610484114
AMT,PDvsCTL,0.149209649,0.602186954,0.911709274
APEH,PDvsCTL,0.024874265,0.612220111,0.914504787
CCDC51,PDvsCTL,0.141742834,0.040969385,0.459374371
PRKAR2A,PDvsCTL,0.047205414,0.391502897,0.810149695
DAG1,PDvsCTL,0.016469008,0.802978808,0.96199643
IP6K1,PDvsCTL,-0.02753391,0.638601707,0.91992743
BSN,PDvsCTL,0.057379128,0.552351666,0.890223064
SNRK,PDvsCTL,0.109719158,0.209026772,0.701169813
CHDH,PDvsCTL,-0.152656366,0.364623413,0.797911838
LAMB2,PDvsCTL,-0.042395808,0.64441207,0.922439009
PCBP4,PDvsCTL,-0.801195304,0.10305348,0.586842844
ABHD6,PDvsCTL,-0.095344498,0.307056308,0.772951558
RHOA,PDvsCTL,-0.043126259,0.296349896,0.762952634
SUCLG2,PDvsCTL,0.068562832,0.489273745,0.859005626
RPL29,PDvsCTL,-0.031161038,0.811174448,0.963901736
FAM107A,PDvsCTL,0.575441706,0.005404019,0.239945104
PRKCD,PDvsCTL,0.005057974,0.974110132,0.99875356
CAMKV,PDvsCTL,0.047972235,0.569408082,0.898540652
THOC7,PDvsCTL,-0.107245179,0.0943316,0.57072933
WDR82,PDvsCTL,-0.002255713,0.975041314,0.99875356
FHIT,PDvsCTL,-0.051358429,0.283411255,0.753097025
PRICKLE2,PDvsCTL,-0.115131508,0.544770184,0.886471995
TMF1,PDvsCTL,0.139829265,0.200073977,0.692748609
CTSB,PDvsCTL,-0.059804757,0.379188075,0.803565371
NETO1,PDvsCTL,-0.02577752,0.881194506,0.974926647
CBLN2,PDvsCTL,0.055517748,0.773089322,0.955658139
MBP,PDvsCTL,-0.169735224,0.611894967,0.914504787
THUMPD1,PDvsCTL,0.200533462,0.008090495,0.270859398
CHORDC1,PDvsCTL,0.223030902,0.024021028,0.387845416
MRE11,PDvsCTL,0.325803594,0.003348695,0.205637117
C11orf54,PDvsCTL,-0.175192101,0.123956647,0.610880748
PANX1,PDvsCTL,0.027168784,0.834840111,0.967871303
DCUN1D5,PDvsCTL,0.007977228,0.954870969,0.993977841
LYRM1,PDvsCTL,-0.012915319,0.891669386,0.978743202
ZBTB16,PDvsCTL,-0.089824161,0.410555713,0.82294312
RNF214,PDvsCTL,0.163603144,0.00536123,0.239523765
BACE1,PDvsCTL,0.390214043,0.030471979,0.414338269
APOA1,PDvsCTL,-0.067671017,0.77377353,0.955658139
YAP1,PDvsCTL,0.090629861,0.570187606,0.898540652
PHLDB1,PDvsCTL,-0.176968642,0.169958558,0.660658683
C1QTNF5,PDvsCTL,0.23194096,0.661857467,0.927116019
SORL1,PDvsCTL,-0.016072834,0.760349956,0.952549632
VWA5A,PDvsCTL,-0.11298984,0.276597123,0.748382178
FEZ1,PDvsCTL,0.035313059,0.775855381,0.956691806
hCG_2032701,PDvsCTL,-0.031759623,0.508927226,0.869528157
FXYD6,PDvsCTL,0.0204736,0.877593275,0.974767052
FAM118B,PDvsCTL,0.073520924,0.587712339,0.90639255
VPS26B,PDvsCTL,0.018763198,0.734348689,0.944362593
THYN1,PDvsCTL,-0.021476831,0.785714307,0.959008827
GRAMD1B,PDvsCTL,-0.010344638,0.932958054,0.988896181
NRGN,PDvsCTL,0.38369331,0.050114414,0.475502257
APLP2,PDvsCTL,-0.080420544,0.406668874,0.820973435
DEGS1,PDvsCTL,0.13533354,0.286151497,0.755334943
ACBD3,PDvsCTL,-0.177178138,0.034788799,0.435650354
ARF1,PDvsCTL,0.069835178,0.084712606,0.551492681
MRPL55,PDvsCTL,-0.738737957,0.009978927,0.281484006
LBR,PDvsCTL,0.036477491,0.916328892,0.985415021
NUP133,PDvsCTL,-0.211715326,0.299610802,0.76493807
C1orf198,PDvsCTL,0.014257642,0.915865912,0.985415021
CHRM3,PDvsCTL,0.215595822,0.125907639,0.610880748
COQ8A,PDvsCTL,0.008435598,0.897068213,0.979613365
PARP1,PDvsCTL,-0.082919014,0.389114046,0.809044942
MAIP1,PDvsCTL,-0.028846374,0.664333588,0.928300505
RAB4A,PDvsCTL,0.055313692,0.263112976,0.739428563
SPATS2L,PDvsCTL,0.007505585,0.94485729,0.992702468
PPIL3,PDvsCTL,0.496512028,0.03286388,0.427093834
DKFZp762L015,PDvsCTL,0.13590186,0.074614305,0.532984946
TSNAX,PDvsCTL,-0.062964349,0.49706482,0.863271956
TOMM20,PDvsCTL,-0.1186207,0.539391749,0.884197794
ICA1L,PDvsCTL,0.021645937,0.758892734,0.95248917
GGPS1,PDvsCTL,0.048962078,0.458534001,0.85047059
SLC39A10,PDvsCTL,-0.028782831,0.743653694,0.946867678
NRP2,PDvsCTL,-0.135834715,0.627807935,0.917477139
EEF1B2,PDvsCTL,-0.04298137,0.365018722,0.798291173
ADAM23,PDvsCTL,0.096055696,0.156241743,0.645888999
HSPD1,PDvsCTL,0.031379988,0.503904595,0.867679795
GREM2,PDvsCTL,-0.701146055,0.018916172,0.358203726
SUMO1,PDvsCTL,0.11992133,0.339973573,0.787549298
LANCL1,PDvsCTL,0.026781682,0.693684008,0.93676876
BZW1,PDvsCTL,-0.156033605,0.010236705,0.285397745
MAP2,PDvsCTL,0.110871014,0.337054149,0.787025807
AAMP,PDvsCTL,0.118315544,0.082262192,0.546749304
NDUFB3,PDvsCTL,0.06195457,0.427568962,0.830095423
PNKD,PDvsCTL,0.138025486,0.2301311,0.71711582
IGFBP5,PDvsCTL,0.685064223,3.95e-05,0.040616893
ZFAND2B,PDvsCTL,0.27486635,0.168047778,0.660658683
ABCB6,PDvsCTL,-0.050659727,0.723528223,0.944362593
DNPEP,PDvsCTL,-0.052842057,0.437086362,0.836049831
EPHA4,PDvsCTL,0.071601623,0.312070881,0.774885071
CPS1,PDvsCTL,0.290113563,0.434549323,0.833745873
FN1,PDvsCTL,-0.056148702,0.732981477,0.944362593
ITM2C,PDvsCTL,-0.091301131,0.223383544,0.709716357
BCS1L,PDvsCTL,0.028284518,0.589614362,0.908352132
CHPF,PDvsCTL,0.090844884,0.728904543,0.944362593
COPS7B,PDvsCTL,0.065957268,0.342124993,0.788076282
MRPL44,PDvsCTL,-0.340042917,0.019153998,0.358203726
CUL3,PDvsCTL,-0.032187694,0.395580977,0.813678139
GMPPA,PDvsCTL,-0.066385602,0.375770558,0.802225413
ARMC9,PDvsCTL,-0.261663153,0.506736622,0.868169781
WDFY1,PDvsCTL,-0.16576925,0.063817608,0.508913587
MFF,PDvsCTL,0.035508474,0.526588025,0.879117124
DGKD,PDvsCTL,0.036224875,0.802790432,0.961930964
CAB39,PDvsCTL,0.099752346,0.049748846,0.475502257
IRS1,PDvsCTL,0.307164764,0.047452104,0.475502257
NCL,PDvsCTL,0.010334737,0.848342346,0.970596805
TNRC15,PDvsCTL,0.018490549,0.750628546,0.948905295
STK25,PDvsCTL,0.068512121,0.725953875,0.944362593
ARL4C,PDvsCTL,0.015329489,0.951158222,0.993275419
COPS8,PDvsCTL,0.004768868,0.91565441,0.985415021
CTNNBIP1,PDvsCTL,0.115401962,0.636969709,0.91992743
KCNAB2,PDvsCTL,0.054420428,0.356525197,0.796919125
HDLBP,PDvsCTL,-0.0798087,0.104463802,0.586842844
PEX11B,PDvsCTL,0.436466283,5.69e-06,0.020718596
ENO1,PDvsCTL,0.074931047,0.112116418,0.599205839
ICMT,PDvsCTL,0.424884823,0.26355129,0.73984392
LRRC47,PDvsCTL,-0.097299086,0.093075387,0.568811606
KIF1B,PDvsCTL,-0.164805534,0.28790413,0.75618683
LZIC,PDvsCTL,0.097194554,0.291549369,0.760993924
LRRC4B,PDvsCTL,-0.068240609,0.359518216,0.797140295
SYT3,PDvsCTL,0.004378786,0.959488594,0.996045816
KLK6,PDvsCTL,-0.303091548,0.218383838,0.707389205
MDH2,PDvsCTL,0.060518697,0.347791898,0.789581064
TMEM120A,PDvsCTL,-0.04422256,0.708548852,0.94132126
RPS9,PDvsCTL,-0.061360713,0.376953169,0.803177835
RDH13,PDvsCTL,0.063594186,0.60195747,0.911709274
SYT5,PDvsCTL,0.102170239,0.210281916,0.701855848
RPS5,PDvsCTL,-0.148480847,0.06620934,0.514297414
CNOT3,PDvsCTL,0.351425516,0.027189213,0.40225924
CHMP2A,PDvsCTL,0.054400713,0.438041839,0.836786943
ZSCAN18,PDvsCTL,-0.289977063,0.04188838,0.461941097
UBE2M,PDvsCTL,0.011722748,0.805456791,0.962595882
TTLL12,PDvsCTL,-0.100818324,0.263723038,0.73984392
ALG12,PDvsCTL,-0.495607838,0.232462248,0.719044476
FLJ20699,PDvsCTL,-0.384468441,0.122934077,0.610484114
CYB5R3,PDvsCTL,0.002237234,0.969707613,0.998466092
NUP50,PDvsCTL,-0.045482108,0.711379496,0.94132126
SLC43A3,PDvsCTL,-0.129250773,0.291621011,0.760993924
YPEL4,PDvsCTL,-0.256885737,0.455379009,0.849716782
SSRP1,PDvsCTL,0.018561292,0.804727766,0.962408324
SBF1,PDvsCTL,0.027484728,0.517101229,0.874811075
ARSA,PDvsCTL,0.152884263,0.232774365,0.719044476
DAGLA,PDvsCTL,-0.034357773,0.607394167,0.912867999
FTH1,PDvsCTL,-0.033751921,0.783098755,0.958515672
DAK,PDvsCTL,0.071381762,0.219681952,0.707774566
MTA2,PDvsCTL,-0.067008552,0.772286237,0.955546955
UBXN1,PDvsCTL,0.035130113,0.629801532,0.918560781
BSCL2,PDvsCTL,-0.003022847,0.966078311,0.998097875
TNKS1BP1,PDvsCTL,0.131163916,0.072787894,0.527313989
ZDHHC5,PDvsCTL,0.141187087,0.127753934,0.614260728
BSCL2,PDvsCTL,-0.070132324,0.836943697,0.967871303
PLAAT3,PDvsCTL,-0.268931581,0.424365355,0.827080454
PPP1R14B,PDvsCTL,0.081623289,0.599079002,0.911217644
TRMT112,PDvsCTL,-0.108472156,0.602843737,0.912015252
SF1,PDvsCTL,0.16105978,0.022389442,0.38443435
MAP4K2,PDvsCTL,-0.027145678,0.780262382,0.957752101
EHD1,PDvsCTL,0.172314116,0.004463324,0.229319225
ASRGL1,PDvsCTL,0.082480219,0.263266586,0.739428563
ZFPL1,PDvsCTL,-0.26249056,0.295843871,0.762452514
TM7SF2,PDvsCTL,-0.061793028,0.556894349,0.893414849
MRPL49,PDvsCTL,-0.307754852,0.007177618,0.258143022
DPF2,PDvsCTL,-0.019617036,0.942042093,0.991955441
PPP2R5B,PDvsCTL,-0.124418499,0.315243042,0.776480672
EIF1AD,PDvsCTL,-0.142946582,0.271593634,0.748378869
RTN3,PDvsCTL,-0.213677407,0.422666337,0.827080454
PC,PDvsCTL,-0.041273733,0.33688296,0.787025807
KCNK4,PDvsCTL,0.251738998,0.13958643,0.625713967
PPP6R3,PDvsCTL,0.014644208,0.72386171,0.944362593
CPT1A,PDvsCTL,0.049934331,0.444042015,0.841195109
EFEMP2,PDvsCTL,-0.081305468,0.604624677,0.912015252
CTSF,PDvsCTL,0.08344945,0.58678434,0.906127041
BANF1,PDvsCTL,-0.03612828,0.743769811,0.946867678
PACS1,PDvsCTL,-0.025925174,0.625509535,0.917075874
PLEKHB1,PDvsCTL,-0.139176642,0.568261936,0.898010668
RAB6A,PDvsCTL,-0.048745318,0.778819131,0.957538479
LRFN4,PDvsCTL,0.313291856,0.116842161,0.60463717
PITPNM1,PDvsCTL,0.024702361,0.630506127,0.918560781
SSH3,PDvsCTL,0.215098401,0.680785849,0.932876345
RAB6A,PDvsCTL,0.128557244,0.000897185,0.147629411
COA4,PDvsCTL,0.074310898,0.560865019,0.894628979
CORO1B,PDvsCTL,0.006400263,0.91468032,0.985415021
NDUFC2,PDvsCTL,0.087033774,0.31021993,0.774885071
PRCP,PDvsCTL,0.036877929,0.72041366,0.944230221
ACY3,PDvsCTL,-0.012349203,0.960927224,0.996158317
STARD10,PDvsCTL,-0.057831875,0.684534345,0.934140683
NUMA1,PDvsCTL,0.018422644,0.834401102,0.967871303
PAAF1,PDvsCTL,0.187069285,0.511647589,0.871208258
NEU3,PDvsCTL,-0.225141241,0.072374039,0.526788702
PAK1,PDvsCTL,-0.004898935,0.940536409,0.991091263
HYPK,PDvsCTL,-0.070854131,0.669141212,0.929535099
ADSS2,PDvsCTL,-0.048903224,0.505414359,0.868169781
SECISBP2L,PDvsCTL,0.079496263,0.636341834,0.91992743
GNB5,PDvsCTL,-0.036775849,0.577608478,0.902742462
USP8,PDvsCTL,-0.012296665,0.812128443,0.963901736
EIF3J,PDvsCTL,0.017944258,0.682274176,0.932876345
CCPG1,PDvsCTL,0.246229744,0.414054112,0.823211343
ARPP19,PDvsCTL,0.04582493,0.482037024,0.854352158
ADAM10,PDvsCTL,-0.128848863,0.440553888,0.838556262
C1orf71,PDvsCTL,-0.07312868,0.72005646,0.943934048
DMXL2,PDvsCTL,-0.006309566,0.924022546,0.986791046
HERC1,PDvsCTL,-0.091625337,0.051234604,0.477257596
MAP2K5,PDvsCTL,-0.155062755,0.280557746,0.749322648
DKFZp586J151,PDvsCTL,-0.045513216,0.712216702,0.94132126
SPG21,PDvsCTL,0.105059324,0.344972867,0.789309323
DPP8,PDvsCTL,-0.219774765,0.008464995,0.27216851
HEL-S-270,PDvsCTL,0.126179708,0.535856761,0.882808152
PKM,PDvsCTL,0.101265225,0.058951084,0.491350112
RPLP1,PDvsCTL,-0.07027738,0.090261645,0.564076467
CORO1A,PDvsCTL,-0.057242928,0.484878282,0.856412274
PPP4C,PDvsCTL,-0.221605901,0.031857639,0.418160584
DOC2A,PDvsCTL,-0.102496533,0.159550624,0.65156401
EDNRB,PDvsCTL,-0.059692363,0.745451189,0.947187847
AGPAT5,PDvsCTL,0.056107219,0.317587396,0.776480672
TIMM9,PDvsCTL,0.077038475,0.218599573,0.707389205
GNPNAT1,PDvsCTL,-0.276131258,0.308238299,0.773877166
MTHFD1,PDvsCTL,0.012643538,0.789358955,0.959645775
KTN1,PDvsCTL,-0.01060977,0.829559035,0.967871303
NUMB,PDvsCTL,0.084262042,0.384730957,0.806572182
VATD,PDvsCTL,0.022940183,0.600784663,0.911709274
FERMT2,PDvsCTL,-0.100540849,0.035285108,0.435759728
ARG2,PDvsCTL,0.606966506,0.250736723,0.728340096
PSEN1,PDvsCTL,-0.0614171,0.752612145,0.950401167
PPM1A,PDvsCTL,0.031224397,0.423077168,0.827080454
TTC9,PDvsCTL,0.107490409,0.220004117,0.707799059
ANGEL1,PDvsCTL,-0.011811975,0.919676905,0.98558343
TMEM63C,PDvsCTL,0.129905211,0.179105863,0.672394819
HSPA2,PDvsCTL,-0.124844899,0.583821704,0.905049464
DLST,PDvsCTL,0.036441598,0.516284163,0.874811075
NEK9,PDvsCTL,0.042301512,0.562373001,0.895538096
ERH,PDvsCTL,0.020496523,0.738439138,0.94622001
SRSF5,PDvsCTL,-0.042157109,0.816442877,0.964789489
SMOC1,PDvsCTL,0.091935227,0.589821157,0.908476142
GALC,PDvsCTL,-0.438183663,0.051126929,0.477257596
FBLN5,PDvsCTL,-0.269824505,0.470145696,0.852968781
ALDH6A1,PDvsCTL,0.029736259,0.568533095,0.898010668
NDUFB1,PDvsCTL,0.075596219,0.330434907,0.784552136
SPTLC2,PDvsCTL,-0.277799237,0.042514535,0.462273864
ITPK1,PDvsCTL,0.019316944,0.808770757,0.963678811
TMED10,PDvsCTL,-0.203695382,0.025035316,0.388315253
SERPINA1,PDvsCTL,-2.175736212,0.012683857,0.31582731
CCNK,PDvsCTL,0.408619229,0.04086752,0.459374371
SETD3,PDvsCTL,0.068952507,0.380638003,0.804217926
EVL,PDvsCTL,0.10700932,0.151168093,0.638492127
WARS1,PDvsCTL,-0.102295992,0.077111576,0.53531995
PPP4R3A,PDvsCTL,0.014204,0.921732329,0.98616996
PAPOLA,PDvsCTL,-0.173420701,0.573856259,0.900711952
BAG5,PDvsCTL,-0.014101134,0.750263806,0.948905295
CDC42BPB,PDvsCTL,-0.100025276,0.005679798,0.243183239
SERPINA3,PDvsCTL,0.093906236,0.709961389,0.94132126
GSKIP,PDvsCTL,0.211443409,0.182202911,0.676113906
EIF5,PDvsCTL,0.061864251,0.151079274,0.638491903
GPT2,PDvsCTL,-0.149854035,0.264158035,0.740486652
MT3,PDvsCTL,-0.055339715,0.638438564,0.91992743
DNAJA2,PDvsCTL,0.033075127,0.452213752,0.847297087
PLLP,PDvsCTL,0.002462836,0.989092692,0.99875356
MT1M,PDvsCTL,0.414391736,0.163688832,0.656672485
PSME3IP1,PDvsCTL,-0.087583341,0.695966632,0.937294136
COQ9,PDvsCTL,-0.104140719,0.169465714,0.660658683
BBS2,PDvsCTL,-0.099489475,0.447563089,0.843416637
ADGRG1,PDvsCTL,0.072860342,0.47874552,0.852968781
ARL2BP,PDvsCTL,0.136863909,0.416980883,0.825113089
NDRG4,PDvsCTL,0.204946065,0.04639382,0.475502257
GOT2,PDvsCTL,0.045174499,0.70206444,0.939409195
C16orf70,PDvsCTL,-0.1050145,0.069589156,0.518846029
NUTF2,PDvsCTL,0.019358581,0.689007775,0.935453553
PDF,PDvsCTL,0.070027061,0.570638886,0.898540652
DYNC1LI2,PDvsCTL,0.09282416,0.15459118,0.642759743
COG8,PDvsCTL,-0.370248564,0.010877697,0.290534095
TPPP3,PDvsCTL,0.010746548,0.946099571,0.992748973
SRPK2,PDvsCTL,-0.100437972,0.09860593,0.576644274
VPS4A,PDvsCTL,-0.003017025,0.945378481,0.992702468
PRKAR2B,PDvsCTL,0.124670534,0.083651725,0.549433825
DLD,PDvsCTL,0.036395899,0.521247766,0.876896824
NAMPT,PDvsCTL,-0.047133206,0.59323377,0.909928902
IMPDH1,PDvsCTL,0.137116426,0.33311012,0.787025807
CCDC136,PDvsCTL,-0.075246071,0.36289609,0.797812197
SNTB2,PDvsCTL,-0.204896276,0.004222498,0.22558041
NDUFA5,PDvsCTL,0.067098687,0.389624975,0.809044942
MEST,PDvsCTL,-0.306665171,0.104309612,0.586842844
CNOT4,PDvsCTL,0.103746336,0.188158728,0.685017736
PTN,PDvsCTL,-0.193916615,0.454961029,0.849415398
SLC44A2,PDvsCTL,0.217843568,0.113243449,0.600265385
PLXNA4,PDvsCTL,-0.043583859,0.475419238,0.852968781
AKR1B1,PDvsCTL,0.128921694,0.018638253,0.356555727
S1PR2,PDvsCTL,0.145982004,0.746953238,0.947714602
CDC37,PDvsCTL,0.062326585,0.195698858,0.689712274
MRPL4,PDvsCTL,-0.271241303,0.157809614,0.648387683
DHPS,PDvsCTL,0.009900185,0.973480148,0.998466092
TMEM205,PDvsCTL,0.045664877,0.661289958,0.926532259
NACC1,PDvsCTL,-0.070192174,0.596501371,0.911217644
PLPPR2,PDvsCTL,0.209946447,0.652143867,0.923945407
ELOF1,PDvsCTL,-0.281759099,0.203681979,0.694074586
GCDH,PDvsCTL,-0.249651282,0.01683923,0.342780806
RAB3D,PDvsCTL,0.071310784,0.392856106,0.810677801
RAD23A,PDvsCTL,0.097173738,0.081931159,0.546749304
BST2,PDvsCTL,0.019508365,0.928066033,0.987194231
BRD4,PDvsCTL,-0.431185068,0.227084925,0.713284659
GIPC1,PDvsCTL,0.011316765,0.836830824,0.967871303
RAB8A,PDvsCTL,0.065723558,0.149088272,0.635930742
RAB3A,PDvsCTL,0.048586714,0.58535309,0.905536924
PRKACA,PDvsCTL,0.183116223,0.024202442,0.387845416
DDA1,PDvsCTL,0.411584679,0.032934838,0.427093834
SLC25A42,PDvsCTL,-0.025970745,0.819649346,0.965590693
AP1M1,PDvsCTL,0.023260708,0.64887503,0.923458872
BABAM1,PDvsCTL,0.043643552,0.550151195,0.889266865
TMEM59L,PDvsCTL,-0.345699013,0.461648579,0.85047059
UPF1,PDvsCTL,0.064548333,0.054257899,0.482945682
MVB12A,PDvsCTL,0.38669909,0.021435961,0.379775541
KXD1,PDvsCTL,-0.044106607,0.849310598,0.970636233
CCDC124,PDvsCTL,0.20991385,0.016786327,0.342780806
ATP13A1,PDvsCTL,-0.052170065,0.253375006,0.730613348
RGS14,PDvsCTL,0.299959713,0.360038704,0.797140295
KLHL26,PDvsCTL,0.02916913,0.786344302,0.959008827
PIK3R2,PDvsCTL,0.105368934,0.287991965,0.75618683
IFI30,PDvsCTL,-0.085564747,0.835708307,0.967871303
FKBP8,PDvsCTL,-0.023870351,0.731382306,0.944362593
KIAA1191,PDvsCTL,-0.034604158,0.807229674,0.96294863
UIMC1,PDvsCTL,0.038742743,0.926045831,0.987194231
SNCB,PDvsCTL,0.434748885,0.015708855,0.34185428
PRR7,PDvsCTL,0.201788469,0.558371465,0.893916303
HNRNPF,PDvsCTL,0.125330392,0.169034046,0.660658683
ATP6V1H,PDvsCTL,-0.052068742,0.386014132,0.80715106
PENK,PDvsCTL,0.525157468,0.129909246,0.616790233
FAM110B,PDvsCTL,0.282691431,0.077085917,0.53531995
RAB2A,PDvsCTL,0.027039137,0.543019527,0.886102418
BPNT2,PDvsCTL,-0.163734823,0.203822465,0.694074586
YTHDF3,PDvsCTL,-0.033412618,0.620890037,0.91611529
COPS5,PDvsCTL,-0.069637367,0.083193746,0.549433825
ARFGEF1,PDvsCTL,-0.091739352,0.081395396,0.546146354
STAU2,PDvsCTL,0.088900267,0.365659851,0.798359152
TMEM68,PDvsCTL,-0.003564337,0.983155893,0.99875356
ELOC,PDvsCTL,-0.047568927,0.28463263,0.753143246
PKIA,PDvsCTL,0.294372655,0.016031041,0.342363943
SDCBP,PDvsCTL,0.210957014,0.00479759,0.234752697
PRKAR1B,PDvsCTL,-0.013306098,0.860981857,0.973419552
PSMG3,PDvsCTL,-0.04927228,0.581578399,0.903323995
LACTB2,PDvsCTL,-0.012260857,0.92106582,0.986153512
RPL7,PDvsCTL,-0.07233469,0.214493726,0.705273564
TTYH3,PDvsCTL,-0.107894705,0.277274921,0.748382178
NUDT1,PDvsCTL,-0.353224581,0.292844596,0.760993924
EIF3B,PDvsCTL,0.009171758,0.807548987,0.963140418
POLE3,PDvsCTL,0.041737159,0.927427439,0.987194231
IMPA1,PDvsCTL,0.049264996,0.529177057,0.879117124
HDHD3,PDvsCTL,-0.001547673,0.991001997,0.99875356
TRIM32,PDvsCTL,0.000226748,0.998220916,0.999608014
RAB14,PDvsCTL,0.073172457,0.056379067,0.485117421
MRRF,PDvsCTL,0.379303288,0.039298207,0.456659131
FBXL18,PDvsCTL,-0.021754431,0.708774397,0.94132126
PPP6C,PDvsCTL,-0.084948391,0.151055665,0.638491903
GAPVD1,PDvsCTL,-0.044258725,0.31555694,0.776480672
RPL35,PDvsCTL,-0.058926636,0.699758987,0.939060895
LRSAM1,PDvsCTL,0.059545001,0.118060925,0.608132575
NIBAN2,PDvsCTL,-0.181841271,0.217861264,0.707389205
ALAD,PDvsCTL,-0.049009275,0.65917031,0.926237945
CDK9,PDvsCTL,0.287240815,0.429576236,0.831076349
ATP6V1G1,PDvsCTL,0.073738249,0.406410682,0.820973435
LRRC8A,PDvsCTL,0.03916347,0.506879239,0.868169781
SH3GLB2,PDvsCTL,0.159800806,0.591507427,0.909320992
ARPC5L,PDvsCTL,0.138853723,0.02471024,0.38829274
RABEPK,PDvsCTL,0.039528011,0.572761606,0.900322166
FUBP3,PDvsCTL,-0.053355266,0.586243212,0.905901083
NCS1,PDvsCTL,0.171912214,0.015244721,0.335337236
DOLPP1,PDvsCTL,0.017779019,0.972334117,0.998466092
NUP214,PDvsCTL,0.097841925,0.385911448,0.80715106
MVB12B,PDvsCTL,-0.129083292,0.105946161,0.589838032
URM1,PDvsCTL,-0.258727799,0.155327739,0.644332425
TBC1D13,PDvsCTL,-0.208631619,0.021397769,0.379775541
SLC27A4,PDvsCTL,-0.01316553,0.821922627,0.965590693
MRPS2,PDvsCTL,-0.172238065,0.209729168,0.701169813
NTMT1,PDvsCTL,-0.319882695,0.244211271,0.72402669
UCK1,PDvsCTL,0.138302101,0.489765669,0.859030591
PTGDS,PDvsCTL,0.098685882,0.499739925,0.865341666
TRAF2,PDvsCTL,-0.107498922,0.129810384,0.616727935
BRD3,PDvsCTL,-0.048598116,0.83299045,0.967871303
UBADC1,PDvsCTL,-0.05788178,0.483468075,0.855442106
PTP4A1,PDvsCTL,0.187294628,0.1764424,0.669606711
CACNG4,PDvsCTL,-0.080646232,0.666235917,0.928924936
AMZ2,PDvsCTL,-0.274044758,0.114933942,0.602177396
ITGB4,PDvsCTL,-0.090768217,0.368044803,0.798530652
MRPS7,PDvsCTL,-0.21334301,0.123025837,0.610484114
WBP2,PDvsCTL,-0.009618304,0.864876666,0.974319256
GNA13,PDvsCTL,0.007186523,0.935703685,0.989573926
PRPSAP1,PDvsCTL,0.012129753,0.861951966,0.973419552
UNK,PDvsCTL,-0.269476912,0.259948874,0.735252188
RPL38,PDvsCTL,-0.067962402,0.31328003,0.774885071
GAA,PDvsCTL,0.005184538,0.961120356,0.996158317
SAP30BP,PDvsCTL,0.388480795,0.014449338,0.326830462
NPLOC4,PDvsCTL,-0.053313895,0.241833764,0.723072632
MCRIP1,PDvsCTL,-0.166104023,0.096584288,0.572455486
CDR2L,PDvsCTL,0.141868162,0.418372576,0.825128423
P4HB,PDvsCTL,0.01111735,0.732567924,0.944362593
TMEM94,PDvsCTL,0.047261255,0.502539718,0.86702775
SLC16A3,PDvsCTL,-0.087815333,0.689525361,0.935803004
WDR45L,PDvsCTL,0.151008434,0.101816909,0.584795926
SRSF2,PDvsCTL,0.051331488,0.464066214,0.85110359
SEPTIN9,PDvsCTL,0.085298178,0.124438802,0.610880748
TIMP2,PDvsCTL,0.170626079,0.149890972,0.637967908
EIF4A3,PDvsCTL,-0.009546403,0.888236238,0.977638406
CYBC1,PDvsCTL,-0.137436854,0.251718911,0.72882732
MPZL1,PDvsCTL,0.017324693,0.907810413,0.983860223
MPC2,PDvsCTL,0.02265414,0.833444748,0.967871303
CACYBP,PDvsCTL,0.184433133,0.012934746,0.31582731
XPR1,PDvsCTL,-0.167027617,0.364471495,0.797911838
HSD17B7,PDvsCTL,-0.300864821,0.136712497,0.6232532
ACBD6,PDvsCTL,-0.052692975,0.638336941,0.91992743
FAM20B,PDvsCTL,0.020468676,0.879576464,0.974913799
C1orf21,PDvsCTL,0.014212192,0.900538431,0.980113926
SERPINC1,PDvsCTL,0.011473173,0.936194991,0.989573926
TOR1AIP2,PDvsCTL,0.116806604,0.116840374,0.60463717
CFH,PDvsCTL,0.122692867,0.42437074,0.827080454
NEK7,PDvsCTL,0.005046714,0.966926807,0.998097875
TMEM9,PDvsCTL,0.307755321,0.168332547,0.660658683
CHI3L1,PDvsCTL,-0.687410206,0.07099669,0.521857658
FMOD,PDvsCTL,-0.039494719,0.956503695,0.994805711
LAMC1,PDvsCTL,-0.007943221,0.933595118,0.989045568
ARL8A,PDvsCTL,0.024220561,0.713772376,0.941357664
FAM129A,PDvsCTL,0.32012979,0.328691655,0.783008023
CDK18,PDvsCTL,-0.01757495,0.838616656,0.968556456
RO60,PDvsCTL,-0.150635532,0.025014726,0.388315253
ATP6V0D2,PDvsCTL,0.14174923,0.371498414,0.799747013
CPNE3,PDvsCTL,-0.025808078,0.690041148,0.936149751
DDX3Y,PDvsCTL,1.316966357,0.034823239,0.435650354
SYT2,PDvsCTL,0.430003873,0.052976278,0.480066129
CNTN2,PDvsCTL,-0.014902486,0.88496911,0.976598919
RBBP5,PDvsCTL,0.046436406,0.847098666,0.97009723
COX6C,PDvsCTL,-0.049864204,0.659907407,0.926368848
CPQ,PDvsCTL,-0.142672786,0.267626798,0.744696155
PABPC1,PDvsCTL,0.032630652,0.414524049,0.823211343
MTDH,PDvsCTL,0.084995041,0.181411654,0.676072912
RPL30,PDvsCTL,-0.192396484,0.020526511,0.370972846
MFSD4A,PDvsCTL,0.131980184,0.539984095,0.884197794
DECR1,PDvsCTL,0.136921215,0.160705135,0.652971057
SPAG1,PDvsCTL,0.156686722,0.127271711,0.613171745
ANKRD46,PDvsCTL,-0.146191059,0.365436692,0.798359152
MAL2,PDvsCTL,0.119895591,0.444169501,0.841195109
POLR2K,PDvsCTL,-0.461640304,0.017808051,0.349852404
CYRIB,PDvsCTL,-0.040454912,0.350303274,0.79286704
RIDA,PDvsCTL,0.164685324,0.076580021,0.53531995
ATP6V1C1,PDvsCTL,0.014428037,0.793616296,0.959645775
SCG5,PDvsCTL,0.339213263,0.008092333,0.270859398
RAD21,PDvsCTL,0.173620123,0.243850638,0.723903276
CCDC32,PDvsCTL,0.945864662,0.045590898,0.475502257
FYTTD1,PDvsCTL,0.073809863,0.411076997,0.823002938
C15orf24,PDvsCTL,0.081274952,0.219263295,0.707389205
NDUFAF1,PDvsCTL,0.053273383,0.64169347,0.921109422
VPS39,PDvsCTL,-0.0217781,0.651115002,0.923458872
LRRC57,PDvsCTL,-0.019552436,0.724472911,0.944362593
CHP1,PDvsCTL,-0.022708559,0.777799027,0.957242988
EMC4,PDvsCTL,0.33800217,0.042699247,0.463009018
EHD4,PDvsCTL,0.176568814,0.005939378,0.24494418
RMDN3,PDvsCTL,-0.06444355,0.22863648,0.714724989
THBS1,PDvsCTL,0.045436903,0.82621551,0.967594947
PAK6,PDvsCTL,-0.622169906,0.145783274,0.63314653
VPS18,PDvsCTL,-0.015779133,0.683789617,0.933478595
GUF1,PDvsCTL,-0.02197038,0.829414841,0.967871303
SLAIN2,PDvsCTL,0.119994735,0.326924669,0.781252206
OCIAD1,PDvsCTL,0.059624052,0.357348579,0.797140295
HUWE1,PDvsCTL,-0.029866413,0.408858045,0.822557634
TSR2,PDvsCTL,0.092647731,0.347784676,0.789581064
FAM114A1,PDvsCTL,0.252375851,0.251160099,0.728759416
LIAS,PDvsCTL,0.090564132,0.619461686,0.915540852
SHINC3,PDvsCTL,-0.091989967,0.279425853,0.749289915
GNPDA2,PDvsCTL,0.015660606,0.760417022,0.952549632
GABRA2,PDvsCTL,0.01388839,0.919139854,0.98558343
MAPT,PDvsCTL,0.325507567,0.011669524,0.305232318
MAPT,PDvsCTL,0.164201069,0.104516475,0.586842844
MAGED2,PDvsCTL,0.061973215,0.514626594,0.873675593
NDUFA4,PDvsCTL,-0.056035276,0.463764817,0.85110359
ANKMY2,PDvsCTL,-0.053153263,0.317161327,0.776480672
SNX13,PDvsCTL,-0.39350186,0.00641915,0.245672146
MPP6,PDvsCTL,0.086115174,0.231420928,0.719044476
ICA1,PDvsCTL,0.008421266,0.867463217,0.974767052
AVL9,PDvsCTL,-0.034484905,0.687466531,0.935453553
KBTBD2,PDvsCTL,0.341535233,0.183540649,0.678469474
CPVL,PDvsCTL,0.39344038,0.389728669,0.809044942
FAM221A,PDvsCTL,-0.168377137,0.315619918,0.776480672
GSDME,PDvsCTL,0.035567127,0.633588631,0.918560781
HIBADH,PDvsCTL,0.046902614,0.426077898,0.828318466
SEPT7,PDvsCTL,0.099834953,0.529133537,0.879117124
MFAP2,PDvsCTL,0.396933246,0.490284324,0.859124837
PADI2,PDvsCTL,-0.062827646,0.685499432,0.934683525
C1QC,PDvsCTL,0.709039716,0.03076983,0.415016864
ASAP3,PDvsCTL,0.15014388,0.475043591,0.852968781
RAP1GAP,PDvsCTL,0.316852435,0.081162726,0.545610739
HSPG2,PDvsCTL,-0.004094611,0.975544218,0.99875356
C1QB,PDvsCTL,0.326000829,0.040946861,0.459374371
LUZP1,PDvsCTL,0.100965209,0.190112381,0.687145203
RCC2,PDvsCTL,-0.035491536,0.61040604,0.914191997
ELOA,PDvsCTL,0.554526485,0.011750862,0.306246201
DDOST,PDvsCTL,0.033403726,0.594370177,0.91000949
ALDH4A1,PDvsCTL,-0.020625531,0.822958113,0.965982002
MRTO4,PDvsCTL,-0.299324359,0.126379621,0.610880748
CDC42,PDvsCTL,-0.080169771,0.050992933,0.477257596
CDC42,PDvsCTL,0.006020423,0.947122015,0.992959485
PTPN4,PDvsCTL,-0.225907101,0.192522877,0.688902426
BIN1,PDvsCTL,-0.065632091,0.56076546,0.894628979
ALPL,PDvsCTL,-0.338024133,0.079770671,0.542848097
RALB,PDvsCTL,0.0648621,0.523343424,0.877715118
C1QA,PDvsCTL,0.51348612,0.002130225,0.170841711
DDX18,PDvsCTL,-0.18433662,0.131514432,0.618613047
ACTR3,PDvsCTL,0.044465622,0.168071295,0.660658683
MRPS27,PDvsCTL,-0.50724159,0.002307163,0.173427036
CERT1,PDvsCTL,-0.078363972,0.506684551,0.868169781
HEXB,PDvsCTL,-0.024894297,0.666601613,0.928924936
ARSB,PDvsCTL,0.014915126,0.904315163,0.982143887
WDR41,PDvsCTL,0.220659936,0.131451006,0.618613047
GFM2,PDvsCTL,-0.329193944,0.24290942,0.723212931
HAPLN1,PDvsCTL,-0.033752061,0.682570305,0.932876345
ZFYVE16,PDvsCTL,-0.049631011,0.84478037,0.969294178
FAM172A,PDvsCTL,-0.070084566,0.566204792,0.897270559
TNPO1,PDvsCTL,-0.111068398,0.122573875,0.610484114
GLRX,PDvsCTL,0.298980401,2.18e-05,0.029011095
MAP1B,PDvsCTL,0.050824161,0.400145015,0.816059851
LHFPL2,PDvsCTL,-0.03710441,0.872275046,0.974767052
YBX3,PDvsCTL,-0.256073086,0.283861543,0.753143246
KLRC1,PDvsCTL,-0.624981,0.02472377,0.38829274
VCAN,PDvsCTL,-0.010108372,0.962832904,0.996497421
PTPRO,PDvsCTL,0.066450698,0.645365616,0.923157346
ARHGDIB,PDvsCTL,0.001513236,0.985506144,0.99875356
HEBP1,PDvsCTL,-0.064057717,0.475780417,0.852968781
FLJ22028,PDvsCTL,-0.362215697,0.052147938,0.477677524
RECQL,PDvsCTL,-0.062557909,0.397433152,0.815322483
KRAS,PDvsCTL,0.047652444,0.645883411,0.923206589
CCDC91,PDvsCTL,-0.054162401,0.374969204,0.802225413
MGST1,PDvsCTL,0.013803576,0.922570122,0.986479394
SPRYD3,PDvsCTL,0.491715042,0.08127059,0.545825724
MAP3K12,PDvsCTL,-0.236857215,0.070123196,0.518846029
CALCOCO1,PDvsCTL,-0.031210622,0.599377125,0.91129141
HNRNPA1,PDvsCTL,-0.097168333,0.08765992,0.55937766
RAB5B,PDvsCTL,0.003982511,0.917688467,0.985415021
RPS26,PDvsCTL,-0.030158832,0.651415309,0.923458872
ESYT1,PDvsCTL,0.133652563,0.008416732,0.27216851
DGKA,PDvsCTL,0.005632555,0.947758816,0.992959485
MYL6B,PDvsCTL,0.107221394,0.045224022,0.475502257
PTGES3,PDvsCTL,0.087254341,0.068721411,0.514909491
CAPRIN2,PDvsCTL,0.338101342,0.14912675,0.635930742
TAC3,PDvsCTL,0.18594717,0.185976378,0.684610074
B4GALNT1,PDvsCTL,0.294730708,0.134773174,0.621425281
PDE1B,PDvsCTL,0.221826134,0.089045533,0.561494319
CS,PDvsCTL,0.031546788,0.528500605,0.879117124
ERBB3,PDvsCTL,-0.210792753,0.289555158,0.75822921
PA2G4,PDvsCTL,-0.001852763,0.958121244,0.995488387
RAP1B,PDvsCTL,-0.03646633,0.46589632,0.851637161
DTX3,PDvsCTL,-0.137318646,0.25428182,0.730742761
SHMT2,PDvsCTL,-0.060846002,0.485830635,0.856934712
KCNC2,PDvsCTL,0.083759365,0.512889716,0.872361251
hCG_2015932,PDvsCTL,0.095862564,0.418374029,0.825128423
RAB21,PDvsCTL,-0.155112984,0.040184271,0.458356289
CSRP2,PDvsCTL,-0.115240425,0.473863789,0.852968781
NAP1L1,PDvsCTL,0.019928128,0.661132692,0.926532259
OSBPL8,PDvsCTL,-0.081144644,0.136158911,0.622637893
LEMD3,PDvsCTL,-0.084881866,0.236454477,0.719506203
NUDT4,PDvsCTL,-0.05793789,0.492798907,0.860587345
CNOT2,PDvsCTL,-0.037190542,0.566572697,0.897612335
NAP1L1,PDvsCTL,0.032415989,0.846428407,0.969947352
TMPO,PDvsCTL,0.127175982,0.06138165,0.49945499
SYT1,PDvsCTL,0.01420896,0.872698843,0.974767052
CKAP4,PDvsCTL,-0.163871203,0.003489537,0.207440009
PWP1,PDvsCTL,0.046303564,0.433782748,0.832943399
TMPO,PDvsCTL,0.755437005,0.125828016,0.610880748
UBE3B,PDvsCTL,0.020063256,0.873471122,0.974767052
GLTP,PDvsCTL,-0.309537055,0.232603736,0.719044476
IFT81,PDvsCTL,-0.584495045,0.137002507,0.6232532
KCTD10,PDvsCTL,0.046894299,0.764731043,0.952549632
RPL6,PDvsCTL,0.072346319,0.372357138,0.800001298
TRAFD1,PDvsCTL,-0.229957602,0.058738289,0.490277348
RASAL1,PDvsCTL,-0.080594766,0.476306647,0.852968781
SDSL,PDvsCTL,-0.042963429,0.722956318,0.944362593
NUAK1,PDvsCTL,-0.070888692,0.470761238,0.852968781
RBM19,PDvsCTL,0.007920089,0.991764845,0.998846896
FBXO21,PDvsCTL,-0.020873802,0.821723069,0.965590693
RNFT2,PDvsCTL,0.105061166,0.585395064,0.905536924
USP30,PDvsCTL,-0.163718202,0.068124855,0.514537377
PPP1CC,PDvsCTL,0.112659357,0.090016385,0.563522939
CAMKK2,PDvsCTL,-0.104768614,0.131384709,0.618613047
CLIP1,PDvsCTL,0.026957545,0.427693863,0.830113858
DENR,PDvsCTL,0.030169781,0.60659466,0.912627525
PUS1,PDvsCTL,0.038829276,0.825763852,0.967455416
VPS37B,PDvsCTL,-0.20209243,0.038772099,0.453498003
NLGN4X,PDvsCTL,-0.252755334,0.257466832,0.732393642
AACS,PDvsCTL,0.054024723,0.674741272,0.930086683
RAB9A,PDvsCTL,0.100678366,0.057134021,0.487502978
CA5B,PDvsCTL,-0.268607889,0.128064571,0.614521986
PIR,PDvsCTL,-0.070146755,0.577578627,0.902742462
PDHA1,PDvsCTL,-0.059861897,0.354209429,0.795553947
TMEM47,PDvsCTL,0.126448038,0.141219817,0.625778733
HCCS,PDvsCTL,0.034183586,0.737758953,0.94622001
CTPS2,PDvsCTL,-0.008192835,0.915906673,0.985415021
CD99L2,PDvsCTL,0.212015048,0.001708395,0.162779313
IMPACT,PDvsCTL,0.127500722,0.23100679,0.718388171
KIAA1012,PDvsCTL,-0.000102403,0.99859851,0.999608014
RPRD1A,PDvsCTL,0.132642269,0.252680769,0.730519604
SS18,PDvsCTL,-0.024154185,0.821982747,0.965590693
CDH2,PDvsCTL,0.015909492,0.738283413,0.94622001
MFGE8,PDvsCTL,0.157733589,0.546446149,0.887150024
ANPEP,PDvsCTL,0.146899717,0.455407486,0.849716782
IQGAP1,PDvsCTL,-0.069360891,0.545094625,0.886471995
GDPGP1,PDvsCTL,0.083109438,0.701021773,0.939268984
RCCD1,PDvsCTL,0.055741867,0.695551216,0.937294136
CHD2,PDvsCTL,-0.042784719,0.627572137,0.917318915
SEC11A,PDvsCTL,0.112405002,0.23774421,0.719506203
PTDSS2,PDvsCTL,0.428925882,0.191430234,0.688902426
RPLP2,PDvsCTL,-0.075178471,0.085199937,0.553107531
MRPL23,PDvsCTL,-0.704966482,0.005959298,0.24494418
CD151,PDvsCTL,-0.154395683,0.335928722,0.787025807
CD81,PDvsCTL,-0.063336705,0.521694724,0.876896824
NAP1L4,PDvsCTL,0.051672141,0.125793515,0.610880748
BRSK2,PDvsCTL,-0.159332593,0.242698774,0.723212931
ARMCX3,PDvsCTL,-0.080153005,0.356272005,0.796919125
CARS1,PDvsCTL,-0.056485096,0.55940142,0.894628979
ARMCX2,PDvsCTL,0.118817055,0.340362181,0.787549298
ARMCX1,PDvsCTL,-0.010222225,0.923613694,0.986713068
DDR1,PDvsCTL,-0.089717588,0.693151802,0.936527639
H2BC11,PDvsCTL,-0.069373365,0.528759778,0.879117124
H2BC4,PDvsCTL,0.009297651,0.928412891,0.987194231
DDX39B,PDvsCTL,-0.083215366,0.136748986,0.6232532
TAPBP,PDvsCTL,-0.20036762,0.07605235,0.53531995
MTCH1,PDvsCTL,-0.016435334,0.736755851,0.94616762
SLC39A7,PDvsCTL,-0.237104081,0.06777087,0.514537377
PPIL1,PDvsCTL,-0.032313891,0.674666545,0.930086683
VPS52,PDvsCTL,-0.050255675,0.433052761,0.832363619
TFEB,PDvsCTL,-0.515351429,0.217627872,0.707389205
LEMD2,PDvsCTL,0.007884429,0.954650055,0.993891714
KLC4,PDvsCTL,-0.04073236,0.532508571,0.88033421
TAF8,PDvsCTL,-0.385862887,0.633610446,0.918560781
MRPS10,PDvsCTL,-0.16735965,0.299070986,0.764382272
TNRC5,PDvsCTL,0.112936605,0.129320662,0.616457049
PPP2R5D,PDvsCTL,-0.017399343,0.665377724,0.928924936
MAPK14,PDvsCTL,-0.009699593,0.95831808,0.995549097
RAB23,PDvsCTL,-0.027977147,0.560492634,0.894628979
TJAP1,PDvsCTL,0.251698023,0.071818935,0.524993495
GSTA4,PDvsCTL,-0.371149457,0.065307219,0.51339325
MRPL14,PDvsCTL,0.013461816,0.898230736,0.979613365
HSP90AB1,PDvsCTL,0.100472037,0.124317103,0.610880748
MMUT,PDvsCTL,-0.220877263,0.010946022,0.290534095
TTC19,PDvsCTL,-0.353428479,0.001812999,0.162779313
PAICS,PDvsCTL,-0.016646002,0.774645636,0.95594349
SLC4A4,PDvsCTL,0.022540394,0.793761997,0.959645775
EXOC1,PDvsCTL,-0.070823007,0.065626307,0.514297414
UBA6,PDvsCTL,-0.092564135,0.096337497,0.572305833
ART3,PDvsCTL,-0.144782678,0.364581377,0.797911838
SEC31A,PDvsCTL,-0.085339404,0.076687075,0.53531995
ABCG2,PDvsCTL,0.012623239,0.93416682,0.989465755
GPRIN3,PDvsCTL,0.129311808,0.654232429,0.924718779
RUFY3,PDvsCTL,-0.078126944,0.187804096,0.685017736
MTHFD2L,PDvsCTL,0.086670633,0.593294391,0.909928902
SPARCL1,PDvsCTL,-0.009384847,0.897460706,0.979613365
G3BP2,PDvsCTL,0.046590928,0.520906122,0.876872861
PDLIM5,PDvsCTL,0.030072545,0.715981268,0.942370222
HNRNPD,PDvsCTL,0.014438885,0.78747402,0.959400512
HNRNPDL,PDvsCTL,-0.081661397,0.283735575,0.753143246
USO1,PDvsCTL,-0.000454527,0.989257768,0.99875356
SCARB2,PDvsCTL,-0.030061507,0.678942458,0.931688728
BDH2,PDvsCTL,0.142730427,0.193714118,0.689246675
UBE2D3,PDvsCTL,-0.216082618,0.085964681,0.554823608
TBCK,PDvsCTL,-0.085548178,0.194740494,0.689246675
RPL34,PDvsCTL,-0.123729328,0.355009375,0.795756446
ADH1B,PDvsCTL,0.021367157,0.931308724,0.988270555
NUDT9,PDvsCTL,-0.065936654,0.527057919,0.879117124
GAR1,PDvsCTL,0.192787989,0.083991008,0.549724584
NFKB1,PDvsCTL,0.067862442,0.405076926,0.820072708
SLC9B2,PDvsCTL,0.085221326,0.561296783,0.894686362
PSPH,PDvsCTL,0.021646434,0.831060126,0.967871303
PHKG1,PDvsCTL,-0.012975724,0.87904374,0.974846734
RABGEF1,PDvsCTL,0.043687726,0.29263509,0.760993924
ASL,PDvsCTL,0.045019649,0.466420518,0.851760725
MRPL57,PDvsCTL,-0.149956909,0.362969918,0.797812197
KCTD7,PDvsCTL,0.116829143,0.500449242,0.86592167
UBL3,PDvsCTL,-0.245712809,0.314575377,0.775617868
KATNAL1,PDvsCTL,0.029417906,0.712633241,0.94132126
MTIF3,PDvsCTL,0.019968131,0.812799935,0.963901736
HMGB1,PDvsCTL,-0.004359957,0.960553541,0.996063378
HSPH1,PDvsCTL,0.09583604,0.199151341,0.692322457
ZMYM2,PDvsCTL,-0.009611769,0.926712078,0.987194231
GJB6,PDvsCTL,-0.276774881,0.017874703,0.349852404
CAB39L,PDvsCTL,0.092191833,0.157914918,0.648387683
HEL-S-37,PDvsCTL,-0.006376064,0.949278292,0.992975646
FNDC3A,PDvsCTL,-0.077394987,0.402254202,0.817348721
GTF2F2,PDvsCTL,-0.035118197,0.734038912,0.944362593
KPNA3,PDvsCTL,-0.007598094,0.848881303,0.970636233
TSC22D1,PDvsCTL,0.051933809,0.719506396,0.94372894
SPART,PDvsCTL,0.187071269,0.000244686,0.112994965
ARGLU1,PDvsCTL,0.156024707,0.135786386,0.622637893
COG6,PDvsCTL,-0.030280449,0.731879828,0.944362593
COL4A2,PDvsCTL,0.035321089,0.769024022,0.954903131
RANBP5,PDvsCTL,-0.07090135,0.181581429,0.676072912
MED4,PDvsCTL,-0.053150242,0.710907753,0.94132126
CDC16,PDvsCTL,-0.089648438,0.377296292,0.803292501
CLYBL,PDvsCTL,-0.232180119,0.349924663,0.792738282
PDZD2,PDvsCTL,0.146044301,0.385037572,0.806572182
KCNIP3,PDvsCTL,-0.329666635,0.094885982,0.57114215
FAHD2A,PDvsCTL,0.034934455,0.55179252,0.890136752
COX2,PDvsCTL,0.041394742,0.525666557,0.879084071
COX1,PDvsCTL,0.272933439,0.524619786,0.878396211
GBA,PDvsCTL,-0.190368708,0.037459889,0.448334411
LRRC7,PDvsCTL,-0.036816009,0.729600414,0.944362593
DMD,PDvsCTL,-0.14730961,0.017376376,0.345271477
EPPK1,PDvsCTL,0.292400859,0.464358322,0.851422231
PDE4DIP,PDvsCTL,-0.031252094,0.761701417,0.952549632
PEX12,PDvsCTL,-0.102661774,0.418767582,0.825261202
SMN1,PDvsCTL,0.078088628,0.623010972,0.916923893
NUCB2,PDvsCTL,-0.110610714,0.283173421,0.753053668
GPX4,PDvsCTL,0.028786842,0.552666453,0.890368087
C12orf45,PDvsCTL,0.427906497,0.03542638,0.435759728
MBD3,PDvsCTL,-0.071573885,0.833151158,0.967871303
EIF2B4,PDvsCTL,0.034133334,0.62619798,0.917309318
COL1A2,PDvsCTL,-0.049561769,0.918176103,0.985415021
CBWD1,PDvsCTL,-0.23528587,0.406285791,0.820973435
HTD2,PDvsCTL,0.092885965,0.668090332,0.929165064
SRCIN1,PDvsCTL,-0.103757638,0.590519995,0.908579748
PTPDC1,PDvsCTL,-0.204718597,0.671236421,0.92969554
ANK3,PDvsCTL,-0.238324754,0.11948739,0.608396051
GIMAP1-GIMAP5,PDvsCTL,-0.249223465,0.317994256,0.776683423
PTPRJ,PDvsCTL,0.083845769,0.458754094,0.85047059
ROBO1,PDvsCTL,0.06397917,0.547685142,0.888675665
TMEM230,PDvsCTL,0.15959545,0.146720542,0.633326089
CNTN5,PDvsCTL,0.006025087,0.950517286,0.993275419
TEX264,PDvsCTL,-0.131740165,0.249879243,0.728340096
PYCR2,PDvsCTL,-0.424792014,0.094552594,0.57072933
GYPA,PDvsCTL,0.000344163,0.999610213,0.999749203
CLCN3,PDvsCTL,-0.034135194,0.688720677,0.935453553
MRPL45,PDvsCTL,-0.409429439,0.001203531,0.156397195
NHS,PDvsCTL,-0.02765198,0.907057608,0.983785491
CTNNBL1,PDvsCTL,-0.071685794,0.47177807,0.852968781
SPCS2,PDvsCTL,-0.010010747,0.86646935,0.974767052
FGF2,PDvsCTL,-0.073908516,0.450878187,0.846337892
TRIM46,PDvsCTL,0.044070442,0.801083959,0.960946092
LIME1,PDvsCTL,0.413636276,0.35144287,0.794463077
PEG10,PDvsCTL,0.048742248,0.678562608,0.931688728
SYNJ2BP-COX16,PDvsCTL,-0.078872015,0.277024003,0.748382178
GPX1,PDvsCTL,0.095549646,0.184981177,0.681295243
RPS24,PDvsCTL,-0.063944789,0.349346301,0.792196703
EIF5B,PDvsCTL,-0.043419275,0.340284282,0.787549298
MYCBP,PDvsCTL,0.080553766,0.355469699,0.79629389
SELENOT,PDvsCTL,0.165084284,0.443846902,0.841195109
TEX2,PDvsCTL,0.076060728,0.182034527,0.676072912
ANK3,PDvsCTL,-0.537906068,0.031216103,0.415016864
ARNT2,PDvsCTL,-0.120525399,0.615385372,0.914966069
ITSN2,PDvsCTL,0.07964476,0.129540226,0.616694014
COG1,PDvsCTL,-0.195601385,0.110336467,0.598078527
PDLIM2,PDvsCTL,-0.188850595,0.630583351,0.918560781
MTHFD1L,PDvsCTL,-0.013940458,0.871813324,0.974767052
CLTC,PDvsCTL,0.040403733,0.422328747,0.827080454
MPC1,PDvsCTL,-0.032926153,0.841931727,0.969250372
ZMYND8,PDvsCTL,0.359017811,0.345207029,0.789309323
POLR2E,PDvsCTL,-0.086960147,0.664380786,0.928300505
TTC28,PDvsCTL,-0.291063444,0.650841591,0.923458872
ALOX5AP,PDvsCTL,-0.000808744,0.997989695,0.999608014
SYN2,PDvsCTL,0.136671478,0.181664646,0.676072912
SELENOM,PDvsCTL,0.051976489,0.567888766,0.898010668
ABRAXAS1,PDvsCTL,-0.082116171,0.808230181,0.963465991
IQSEC1,PDvsCTL,0.053273237,0.312854669,0.774885071
GMPR2,PDvsCTL,0.040415395,0.551518777,0.890117459
ROBO2,PDvsCTL,-0.280145235,0.241795817,0.723072632
PRODH,PDvsCTL,-0.128394888,0.38404891,0.806572182
RBM15,PDvsCTL,0.408223405,0.044189908,0.469509618
ARR3,PDvsCTL,0.043876703,0.673755566,0.930086683
NRN1,PDvsCTL,-0.279010621,0.00952195,0.279023428
CDH4,PDvsCTL,0.501368543,0.0149773,0.332505301
FCGBP,PDvsCTL,0.2010018,0.481066362,0.853770165
GPR155,PDvsCTL,0.140256671,0.277771811,0.748599713
ABCA2,PDvsCTL,-0.179856948,0.176018352,0.669186051
VPS11,PDvsCTL,-0.020277636,0.760649997,0.952549632
MTSS2,PDvsCTL,-0.004920304,0.938020674,0.990194116
HEATR6,PDvsCTL,-0.35063322,0.142878432,0.628637865
THSD7A,PDvsCTL,-0.020659205,0.835908978,0.967871303
VTA1,PDvsCTL,-0.180856322,0.002645475,0.179517923
GSTT2B,PDvsCTL,0.069732436,0.875458465,0.974767052
AP2M1,PDvsCTL,0.012832895,0.81020346,0.963901736
F11R,PDvsCTL,0.087010645,0.568122733,0.898010668
TAP2,PDvsCTL,0.05560157,0.587551303,0.906338521
APOOL,PDvsCTL,0.152573192,0.063504925,0.507545475
MAPK8IP3,PDvsCTL,-0.004055374,0.937267234,0.989979914
LYNX1,PDvsCTL,-0.237309465,0.040232434,0.458356289
SPATA33,PDvsCTL,0.104287342,0.522972845,0.87759507
KCNN3,PDvsCTL,0.101633784,0.637097911,0.91992743
ALS2CR19,PDvsCTL,0.334643217,0.240857228,0.723072632
DHX29,PDvsCTL,0.036322618,0.592590886,0.909928902
SELENOH,PDvsCTL,0.11160883,0.165504901,0.660658683
DTNBP1,PDvsCTL,0.160426416,0.170100356,0.660658683
METTL26,PDvsCTL,-0.08151639,0.254771844,0.730783343
FRMPD4,PDvsCTL,0.139452854,0.462991704,0.85047059
RAVER1,PDvsCTL,0.000421973,0.998417845,0.999608014
PLEKHA2,PDvsCTL,0.086341752,0.200071605,0.692748609
MAP7,PDvsCTL,0.021781248,0.843970062,0.969250372
DIPK1A,PDvsCTL,-0.236226696,0.475417312,0.852968781
HMGN3,PDvsCTL,0.326359798,0.00518516,0.238296368
RNASET2,PDvsCTL,0.026045673,0.852878004,0.971764848
IDH3B,PDvsCTL,0.065967736,0.353248216,0.795527369
PPIP5K2,PDvsCTL,-0.034696027,0.774038797,0.955779835
KIF3A,PDvsCTL,-0.033368643,0.450537232,0.846337892
SBDS,PDvsCTL,-0.006868812,0.936714565,0.989832211
SNAP47,PDvsCTL,0.080105246,0.65042144,0.923458872
CTSH,PDvsCTL,0.012453224,0.940940744,0.991094856
RBM26,PDvsCTL,-0.059033113,0.328747981,0.783008023
MARK1,PDvsCTL,-0.128492922,0.054361928,0.482945682
PRKCQ,PDvsCTL,0.013455071,0.961890151,0.99634948
CSMD2,PDvsCTL,0.018374738,0.875648788,0.974767052
SLC4A1AP,PDvsCTL,0.055848463,0.656957212,0.925496037
FAM13C,PDvsCTL,-0.096345245,0.41520369,0.823810368
CHL1,PDvsCTL,0.690800809,0.170832597,0.662068355
dJ402G11.5,PDvsCTL,-0.387931459,0.040773326,0.459374371
SNX12,PDvsCTL,-0.015671516,0.707083114,0.94132126
MYH7B,PDvsCTL,0.347388979,0.166544061,0.660658683
ACOT2,PDvsCTL,0.16219675,0.325231608,0.780453848
RELA,PDvsCTL,0.052384756,0.659101341,0.926237945
OTUD6B,PDvsCTL,0.062880586,0.487525228,0.858658796
NOMO1,PDvsCTL,-0.088947826,0.670836807,0.92969554
ZMIZ2,PDvsCTL,-0.107834866,0.815375118,0.964637043
UNC5C,PDvsCTL,0.062614554,0.610395796,0.914191997
SRCIN1,PDvsCTL,-0.006297748,0.878634738,0.974767052
ADORA1,PDvsCTL,-0.011557262,0.918508266,0.985415021
STAU1,PDvsCTL,-0.067517721,0.208181757,0.700070771
ATXN3,PDvsCTL,0.016798766,0.9296327,0.987280085
IKBKG,PDvsCTL,0.032879103,0.618516742,0.915325868
CHTOP,PDvsCTL,1.067389524,0.052506578,0.478075715
ARFIP2,PDvsCTL,0.113606995,0.143711421,0.63068899
SELENOF,PDvsCTL,-0.075272791,0.291692119,0.760993924
GPX3,PDvsCTL,0.643424616,0.020502598,0.370972846
NEB,PDvsCTL,-0.001365907,0.995881456,0.999608014
PSME2,PDvsCTL,0.048079107,0.582485974,0.904011375
C1S,PDvsCTL,0.174213276,0.191673274,0.688902426
CNN2,PDvsCTL,-0.019784284,0.939683901,0.990910785
IFIT2,PDvsCTL,-0.136966465,0.337681472,0.787025807
PAK3,PDvsCTL,0.149094169,0.067167203,0.514297414
SPAG9,PDvsCTL,-0.002885245,0.952364694,0.993501102
SYN2,PDvsCTL,-0.230221001,0.439779468,0.837969196
HECTD1,PDvsCTL,-0.206742168,0.109289087,0.597107488
HEL-S-73,PDvsCTL,-0.034428693,0.317446719,0.776480672
WDR20,PDvsCTL,-0.06642609,0.33628316,0.787025807
DOCK9,PDvsCTL,-0.015080173,0.782635804,0.958515672
CNTNAP2,PDvsCTL,0.055725347,0.280446574,0.749322648
SCRN1,PDvsCTL,0.107200508,0.013355408,0.321289134
CUL1,PDvsCTL,0.039114201,0.395822501,0.813936892
RARRES2,PDvsCTL,0.506406756,0.002576359,0.17649287
GGCT,PDvsCTL,0.038186132,0.577078624,0.902742462
BBS9,PDvsCTL,0.11919571,0.343279463,0.78814795
CDK5,PDvsCTL,-0.023243977,0.700825001,0.939268984
ABCF2,PDvsCTL,0.115173905,0.036314331,0.440987543
AGAP3,PDvsCTL,0.029824271,0.640189744,0.920792807
GARS1,PDvsCTL,0.129577796,0.000878688,0.147629411
TMUB1,PDvsCTL,0.244939749,0.028536745,0.409421899
NUB1,PDvsCTL,-0.054705253,0.563503123,0.896323059
PRKAG2,PDvsCTL,0.093200073,0.024408211,0.387845416
TPK1,PDvsCTL,0.149823154,0.133667156,0.620406777
PDIA4,PDvsCTL,-0.027122152,0.662104333,0.927281244
GIMAP1,PDvsCTL,-0.181446001,0.10986293,0.59791064
RHEB,PDvsCTL,-0.074403154,0.194420607,0.689246675
DOCK1,PDvsCTL,-0.156178692,0.195297206,0.68962828
SMTN,PDvsCTL,-0.191124206,0.640733842,0.921109422
GET1,PDvsCTL,0.124209117,0.154085677,0.642511052
RNF114,PDvsCTL,0.162623531,0.121862217,0.610484114
ISG15,PDvsCTL,0.007041582,0.984117734,0.99875356
GPS1,PDvsCTL,0.027557528,0.829408946,0.967871303
PTRH1,PDvsCTL,-0.290017776,0.100169178,0.580126325
AAK1,PDvsCTL,0.156661961,0.233730489,0.719501899
CD99,PDvsCTL,-0.056159691,0.821025704,0.965590693
GATD3A,PDvsCTL,0.050633971,0.456646417,0.850287172
PYCR3,PDvsCTL,-0.143951771,0.283193406,0.753053668
WDR18,PDvsCTL,-0.372412109,0.019555783,0.360678834
SCLY,PDvsCTL,0.026306151,0.778899432,0.957538479
HSD11B1,PDvsCTL,0.00181883,0.990995144,0.99875356
MYEF2,PDvsCTL,0.084409401,0.085642598,0.553981304
LMTK3,PDvsCTL,0.014215764,0.874416685,0.974767052
SPOCK1,PDvsCTL,-0.003965315,0.982323626,0.99875356
MBNL1,PDvsCTL,0.06585861,0.400762288,0.81698943
CACHD1,PDvsCTL,0.11672667,0.369962896,0.799747013
PPM1K,PDvsCTL,-0.11372542,0.276101555,0.748382178
IL1RAPL1,PDvsCTL,-0.195987306,0.021719381,0.381042706
CNTNAP4,PDvsCTL,-0.071813682,0.34759936,0.789581064
PUM2,PDvsCTL,-0.104587198,0.169761738,0.660658683
RBM10,PDvsCTL,0.150404562,0.362844564,0.797812197
CACNA1C,PDvsCTL,-0.119168187,0.530398083,0.879730439
GSTM4,PDvsCTL,0.532574274,0.424214247,0.827080454
EPB41L3,PDvsCTL,0.074605596,0.157598525,0.648387683
KCNQ5,PDvsCTL,-0.117134741,0.387984265,0.808684675
ASAP1,PDvsCTL,-0.033717927,0.610853379,0.914504787
AKAP9,PDvsCTL,0.031083458,0.722618849,0.944362593
NAV1,PDvsCTL,-0.10579903,0.341927661,0.788076282
PCMT1,PDvsCTL,0.088843865,0.037285806,0.446994674
MTX1,PDvsCTL,0.007211464,0.919258903,0.98558343
NOLC1,PDvsCTL,0.00847908,0.951102593,0.993275419
UPRT,PDvsCTL,-0.090421153,0.490976913,0.859124837
SNRPC,PDvsCTL,0.05208531,0.768992514,0.954903131
ABI1,PDvsCTL,0.037000221,0.470172265,0.852968781
MPP2,PDvsCTL,0.043013624,0.563861588,0.896323059
ELAVL2,PDvsCTL,0.116862249,0.383586798,0.806572182
TBC1D22A,PDvsCTL,-0.11737564,0.567551615,0.898010668
PPP1R12B,PDvsCTL,-0.076016149,0.284585838,0.753143246
OPALIN,PDvsCTL,-0.063786654,0.79426324,0.959645775
DKFZp781G125,PDvsCTL,0.109512987,0.499988823,0.865564284
EIF4G3,PDvsCTL,0.065315327,0.19870221,0.691471792
RCAN2,PDvsCTL,-0.799694236,0.045817623,0.475502257
EXOC7,PDvsCTL,-0.020204779,0.597575854,0.911217644
ADCY3,PDvsCTL,0.077398726,0.633497033,0.918560781
ERBB4,PDvsCTL,0.034999084,0.681682654,0.932876345
HADH,PDvsCTL,0.049819859,0.280531309,0.749322648
BTBD9,PDvsCTL,0.248904217,0.708443156,0.94132126
WIPF3,PDvsCTL,0.311864333,0.001826037,0.162779313
FHL2,PDvsCTL,-0.236257982,0.282807567,0.752584103
HPH2,PDvsCTL,-0.018316894,0.854048762,0.972482626
EXOC5,PDvsCTL,-0.032721598,0.466896076,0.852381593
DDX42,PDvsCTL,-0.017004451,0.763811683,0.952549632
RASA2,PDvsCTL,-0.203945752,0.006304176,0.245113166
GPSM1,PDvsCTL,-0.043698727,0.630797015,0.918560781
ARHGAP5,PDvsCTL,-0.138346803,0.000317016,0.112994965
ACE,PDvsCTL,0.271226077,0.063207554,0.507424037
PRMT3,PDvsCTL,-0.111011283,0.367832722,0.798530652
NELFE,PDvsCTL,0.490208843,0.630608738,0.918560781
FRMPD3,PDvsCTL,0.446014045,0.135543295,0.622637893
PLS3,PDvsCTL,-0.185190067,0.257401299,0.732393642
MON1A,PDvsCTL,0.063725823,0.763649104,0.952549632
SLAIN1,PDvsCTL,0.004072461,0.98247624,0.99875356
AKR1C3,PDvsCTL,-0.205887161,0.066774041,0.514297414
SLC4A7,PDvsCTL,-0.136880496,0.394220131,0.812500115
PPP1R8,PDvsCTL,0.091682499,0.533823748,0.880888787
PTPRC,PDvsCTL,0.022268745,0.817271496,0.96513444
MARK3,PDvsCTL,-0.00974255,0.85743149,0.973158362
PRXL2B,PDvsCTL,-0.201216007,0.032815684,0.427093834
C16orf89,PDvsCTL,-0.08534365,0.899926099,0.979892284
CCM2,PDvsCTL,0.033236554,0.89908696,0.979720119
SLC45A1,PDvsCTL,0.102817811,0.403768973,0.818495406
RNF213,PDvsCTL,-0.141366796,0.274730318,0.748382178
LMO7,PDvsCTL,0.136093916,0.233816987,0.719501899
ILK,PDvsCTL,-0.02551426,0.709471598,0.94132126
SPOCK3,PDvsCTL,-0.194949169,0.234524148,0.719501899
CADM1,PDvsCTL,0.024188481,0.730995273,0.944362593
RIPOR1,PDvsCTL,0.087954409,0.416960095,0.825113089
CUL2,PDvsCTL,0.017165967,0.672103573,0.92969554
FAIM2,PDvsCTL,0.29671807,0.001350324,0.159227532
RGMA,PDvsCTL,0.199957515,0.509157381,0.869714804
TTN,PDvsCTL,0.238190578,0.194652424,0.689246675
IL6ST,PDvsCTL,-0.056817932,0.714655626,0.941659264
JAK1,PDvsCTL,-0.043944696,0.614611159,0.914966069
CNTFR,PDvsCTL,0.279616127,0.000917919,0.147629411
LU,PDvsCTL,0.007256234,0.938574487,0.990488011
ADSL,PDvsCTL,0.028632768,0.617447537,0.915325868
TMED7-TICAM2,PDvsCTL,-0.278622693,0.001282835,0.156397195
ARHGEF9,PDvsCTL,0.014689801,0.870145577,0.974767052
RPS6KA4,PDvsCTL,0.088114513,0.431324685,0.831415486
ARPIN-AP3S2,PDvsCTL,0.018404057,0.749468009,0.948905295
PPAN,PDvsCTL,0.077223141,0.708542114,0.94132126
CORO7-PAM16,PDvsCTL,-0.076813956,0.080437763,0.544298054
USP13,PDvsCTL,-0.473882272,0.188859683,0.685946326
ERAP1,PDvsCTL,-0.369273035,0.031461196,0.415230065
TSC1-PDGFRB,PDvsCTL,-0.054148436,0.763200599,0.952549632
NPC1,PDvsCTL,-0.157482676,0.223762735,0.71060722
URLC2,PDvsCTL,0.271408143,0.167812703,0.660658683
SCAMP5,PDvsCTL,0.010848737,0.876348195,0.974767052
C16orf91,PDvsCTL,-0.056223311,0.742437536,0.946867678
TGFBR3,PDvsCTL,0.289205807,0.177991542,0.670320336
ACSS3,PDvsCTL,0.050784624,0.565398523,0.896980939
PI4KB,PDvsCTL,-0.06255289,0.263621651,0.73984392
SRSF7,PDvsCTL,0.012814262,0.840937317,0.969250372
LYZ,PDvsCTL,-0.013525956,0.971395924,0.998466092
TRAPPC2L,PDvsCTL,0.085364114,0.397128161,0.815322483
TPT1,PDvsCTL,0.035654291,0.564605426,0.89680028
PIGBOS1,PDvsCTL,0.006382193,0.978684843,0.99875356
RHOA,PDvsCTL,-0.303797031,0.102780077,0.586743725
FCHO1,PDvsCTL,-0.347682653,0.096336427,0.572305833
GSTZ1,PDvsCTL,0.100163916,0.383706816,0.806572182
DKFZp762F247,PDvsCTL,0.061447718,0.437715576,0.836786943
DACT3,PDvsCTL,-0.086661818,0.611246685,0.914504787
CRTAC1,PDvsCTL,0.024488077,0.774137817,0.955779835
TMCC2,PDvsCTL,0.084993198,0.308143922,0.773877166
SOD2,PDvsCTL,0.112108226,0.070071385,0.518846029
FBXL15,PDvsCTL,-0.194749034,0.212752831,0.703525484
ARHGEF4,PDvsCTL,-0.134201757,0.415283803,0.823810368
RPSA,PDvsCTL,-0.122846378,0.009028931,0.276362116
ABI2,PDvsCTL,-0.013167134,0.880564106,0.974926647
PEX1,PDvsCTL,-0.163401063,0.308186739,0.773877166
SYBU,PDvsCTL,0.845074842,0.204179317,0.694074586
ABLIM3,PDvsCTL,-0.045469729,0.572368932,0.89990158
SCOC,PDvsCTL,-0.239142051,0.38481471,0.806572182
CAST,PDvsCTL,0.130151706,0.080073808,0.543368773
CHD4,PDvsCTL,0.020875823,0.746980918,0.947714602
TAFA2,PDvsCTL,0.481243134,0.005894839,0.24494418
MAN2A2,PDvsCTL,-0.21556591,0.103484444,0.586842844
CAPNS1,PDvsCTL,0.078262349,0.250322353,0.728340096
DHRS7B,PDvsCTL,0.004635659,0.964154476,0.997004477
CELF4,PDvsCTL,0.095192797,0.369911249,0.799747013
IQSEC1,PDvsCTL,-0.091282779,0.600685706,0.911709274
TTC8,PDvsCTL,0.223856755,0.313964936,0.774885071
EPB41L1,PDvsCTL,0.137176477,0.001545325,0.162779313
IGHV5-51,PDvsCTL,0.930448935,0.089815779,0.562756882
MTRES1,PDvsCTL,0.173998159,0.098019243,0.575552992
CDK11B,PDvsCTL,0.084566944,0.598439722,0.911217644
FAM120B,PDvsCTL,-0.229470851,0.035098507,0.435759728
NRXN1,PDvsCTL,0.04847939,0.469543091,0.852968781
MAP4K4,PDvsCTL,-0.117278097,0.140964367,0.625778733
KCNT1,PDvsCTL,-0.321684046,0.36328596,0.797812197
UBE2A,PDvsCTL,-0.018799096,0.908387016,0.983892156
NBEA,PDvsCTL,-0.039021772,0.440530484,0.838556262
NCAM1,PDvsCTL,0.14635081,0.067132076,0.514297414
DDX3X,PDvsCTL,-0.095843411,0.074413648,0.532984946
SPTAN1,PDvsCTL,-0.086736887,0.456886557,0.850293663
THEMIS,PDvsCTL,-0.014318882,0.953485122,0.993501102
CYTH2,PDvsCTL,0.0807287,0.637208696,0.91992743
COBLL1,PDvsCTL,0.176815478,0.372256154,0.800001298
SLC12A5,PDvsCTL,-0.027071755,0.961060857,0.996158317
MYO6,PDvsCTL,-0.11092311,0.194285774,0.689246675
PHF6,PDvsCTL,-0.06982191,0.814209887,0.963997689
ANKRD18B,PDvsCTL,0.091353738,0.914512655,0.985415021
FXR1,PDvsCTL,0.065559606,0.232239741,0.719044476
LOC391322,PDvsCTL,-0.493311088,0.134010568,0.620969069
DIAPH1,PDvsCTL,0.088730952,0.153861887,0.64229815
HSPA1B,PDvsCTL,0.163313833,0.114634035,0.602177396
ABHD16A,PDvsCTL,-0.057248471,0.275745259,0.748382178
GABBR1,PDvsCTL,-0.063852268,0.463940983,0.85110359
IQSEC3,PDvsCTL,-0.0390414,0.654820868,0.925005204
HLA-DRA,PDvsCTL,-0.024111732,0.928522633,0.987194231
EPHB6,PDvsCTL,0.012965259,0.816227839,0.964789489
SLC12A7,PDvsCTL,0.075613255,0.634922976,0.919468687
SCRIB,PDvsCTL,-0.00536473,0.935107768,0.989573926
HNRNPCL4,PDvsCTL,-0.078439642,0.54881367,0.888845829
C4A,PDvsCTL,0.234555482,0.175541273,0.668432175
GPR162,PDvsCTL,0.092590213,0.702368811,0.939409195
PUF60,PDvsCTL,-0.078575921,0.109437132,0.597254394
TMEM132E,PDvsCTL,-0.001718529,0.995474661,0.999608014
CPNE5,PDvsCTL,-9.19e-05,0.999330075,0.999608014
CELF2,PDvsCTL,-0.009249795,0.889880736,0.978542592
PNMA6F,PDvsCTL,0.068733881,0.849821607,0.970636233
PON2,PDvsCTL,-0.404086417,0.02470114,0.38829274
WDR81,PDvsCTL,-0.34234492,0.000985154,0.147629411
PLIN4,PDvsCTL,0.36802507,0.002549587,0.176338292
NHSL2,PDvsCTL,0.144695179,0.494153978,0.8614759
INPP5F,PDvsCTL,0.369229766,0.025630605,0.392974338
DAAM2,PDvsCTL,-0.074223264,0.619998433,0.915661851
HEL-S-284,PDvsCTL,0.046364553,0.367663874,0.798530652
TPM1,PDvsCTL,0.187114723,0.104647471,0.586842844
CST3,PDvsCTL,-0.00448527,0.974623356,0.99875356
SPATA20,PDvsCTL,-0.027428769,0.841583801,0.969250372
ADCY8,PDvsCTL,0.108879808,0.472919729,0.852968781
PSMA7,PDvsCTL,0.098370856,0.010175824,0.285397745
PGLS,PDvsCTL,-0.001316149,0.985101052,0.99875356
PSME1,PDvsCTL,0.064565935,0.295401017,0.762040039
MAP7D2,PDvsCTL,0.092236767,0.28690342,0.755655913
AGL,PDvsCTL,-0.064464583,0.38727501,0.808648772
ELAVL4,PDvsCTL,-0.001087903,0.989161357,0.99875356
CLDND1,PDvsCTL,-0.174430519,0.322161896,0.778775282
POLR1D,PDvsCTL,-0.081549558,0.725557062,0.944362593
NCEH1,PDvsCTL,0.119011128,0.055643328,0.483337336
JMJD6,PDvsCTL,-0.044039955,0.799822097,0.960935417
ARID1A,PDvsCTL,0.002208748,0.988146119,0.99875356
ABCB7,PDvsCTL,0.011642635,0.836033293,0.967871303
ANXA6,PDvsCTL,-0.047807665,0.598825905,0.911217644
ACADM,PDvsCTL,-0.058657601,0.479214697,0.852968781
ANXA6,PDvsCTL,0.06540871,0.211856587,0.702574657
ADA,PDvsCTL,-0.090101425,0.587195984,0.906338521
SLC25A10,PDvsCTL,-0.02102971,0.760599429,0.952549632
GRK2,PDvsCTL,-0.029153548,0.695466187,0.937294136
BBS4,PDvsCTL,-0.14504622,0.23029856,0.71711582
BCL2L1,PDvsCTL,-0.00193005,0.979721134,0.99875356
APOE,PDvsCTL,0.070016173,0.61933743,0.915540852
FXN,PDvsCTL,0.058304165,0.75745972,0.952260806
ACTN4,PDvsCTL,-0.038143218,0.409598596,0.822854691
CLPTM1,PDvsCTL,-0.102629329,0.146456659,0.633316073
SLC25A4,PDvsCTL,-0.102739882,0.218939704,0.707389205
GNAS,PDvsCTL,0.01270811,0.816424617,0.964789489
RCC1,PDvsCTL,-0.592987365,0.019399993,0.360678834
BAG1,PDvsCTL,0.123590902,0.354033191,0.795553947
ETFA,PDvsCTL,0.083750298,0.110635136,0.598794982
ATP2A2,PDvsCTL,0.026086362,0.616172213,0.914966069
PRMT2,PDvsCTL,-0.120080264,0.323858569,0.779884394
ACADSB,PDvsCTL,-0.087368503,0.359924286,0.797140295
CRK,PDvsCTL,0.193635632,0.030261463,0.413037393
APOE,PDvsCTL,0.884808257,0.598383316,0.911217644
ITPA,PDvsCTL,-0.128615996,0.496039489,0.862916674
GDI1,PDvsCTL,0.008578188,0.819099159,0.965590693
LGALS3BP,PDvsCTL,-0.256775457,0.174143157,0.667604074
AGFG1,PDvsCTL,0.119302566,0.02193054,0.382879542
GALT,PDvsCTL,0.13632587,0.230002815,0.71711582
MPV17,PDvsCTL,0.105596815,0.501252665,0.865977866
HSD17B10,PDvsCTL,-0.000125299,0.997744723,0.999608014
PCK2,PDvsCTL,-0.046227744,0.713448099,0.94132126
NDUFS4,PDvsCTL,0.033949084,0.618638429,0.915325868
SERPINI1,PDvsCTL,0.192816744,0.049687912,0.475502257
CRH,PDvsCTL,-0.734342445,0.004921896,0.234752697
PSMD12,PDvsCTL,-0.008949587,0.762804157,0.952549632
NPM1,PDvsCTL,0.065642326,0.125722449,0.610880748
PEX19,PDvsCTL,0.049013352,0.362295756,0.797812197
PPP3CA,PDvsCTL,0.320802331,0.013308626,0.321238084
SDHC,PDvsCTL,-0.226133351,0.138100678,0.624360889
FH,PDvsCTL,0.088771211,0.068892907,0.515657314
S100B,PDvsCTL,-0.140946977,0.448541324,0.844596268
PPP3CA,PDvsCTL,0.143671281,0.009676716,0.279967187
STK11,PDvsCTL,0.032134087,0.653131858,0.924434761
TPM1,PDvsCTL,0.06825783,0.502909996,0.86707373
TPM3,PDvsCTL,0.088530399,0.501311252,0.865977866
S100A1,PDvsCTL,0.16024974,0.08513818,0.553107531
VASP,PDvsCTL,0.270727622,0.060780162,0.498064151
HSD17B4,PDvsCTL,0.051469386,0.273253426,0.748382178
CNBP,PDvsCTL,0.166567655,0.086448573,0.556193725
RAF1,PDvsCTL,0.076817917,0.587493702,0.906338521
NCK2,PDvsCTL,0.047458967,0.43251104,0.83199159
SGCE,PDvsCTL,0.159668155,0.118934092,0.608396051
YARS1,PDvsCTL,0.047615148,0.342775993,0.78814795
LGI1,PDvsCTL,0.021020193,0.765133162,0.952674889
UROS,PDvsCTL,0.018591602,0.898835755,0.979613365
RIN1,PDvsCTL,-0.008312422,0.947317521,0.992959485
WFS1,PDvsCTL,0.209960115,0.038278872,0.450638176
SRRM1,PDvsCTL,0.014222716,0.887096501,0.977314311
GAN,PDvsCTL,-0.151139391,0.046038281,0.475502257
MPDU1,PDvsCTL,-0.053758615,0.682407034,0.932876345
DPM1,PDvsCTL,-0.150041727,0.021573611,0.381042706
AKAP10,PDvsCTL,0.118287797,0.21864262,0.707389205
RBM14,PDvsCTL,0.056084131,0.293029531,0.761187034
OPTN,PDvsCTL,0.00741651,0.878185924,0.974767052
SRSF10,PDvsCTL,0.22094546,0.087710548,0.55937766
SURF1,PDvsCTL,0.276204373,0.488653258,0.858911952
SLC39A14,PDvsCTL,-0.207419712,0.33652339,0.787025807
ARHGAP26,PDvsCTL,0.060907069,0.320714286,0.778775282
SUMF2,PDvsCTL,-0.430147098,0.005341589,0.239523765
MRPS28,PDvsCTL,0.41482145,0.143972452,0.63068899
HAX1,PDvsCTL,0.140839096,0.050305212,0.475502257
DAZAP1,PDvsCTL,0.098108238,0.197521219,0.691471792
VPS33B,PDvsCTL,-0.047281424,0.383400919,0.806572182
ETHE1,PDvsCTL,0.168409991,0.013831899,0.3251386
RDH11,PDvsCTL,-0.100671343,0.067281227,0.514297414
LSM1,PDvsCTL,-0.085382915,0.721916677,0.944362593
TAP1,PDvsCTL,-0.034913419,0.75558326,0.951535619
ATL1,PDvsCTL,0.013366973,0.79094495,0.959645775
DCTN4,PDvsCTL,-0.032857111,0.478626459,0.852968781
CWF19L1,PDvsCTL,0.016347154,0.905196608,0.982359565
CLINT1,PDvsCTL,0.057308226,0.35156068,0.794463077
COPS4,PDvsCTL,0.016006656,0.662327128,0.927324309
AP3B1,PDvsCTL,-0.013509914,0.826766105,0.967841181
DCP1A,PDvsCTL,0.216589859,0.181951232,0.676072912
SIL1,PDvsCTL,-0.091036355,0.555486314,0.892452364
STRBP,PDvsCTL,0.211802251,0.050603672,0.476429601
MIF4GD,PDvsCTL,0.316454395,0.287572055,0.75618683
NDRG4,PDvsCTL,0.095305222,0.562497028,0.895538096
MCMBP,PDvsCTL,0.104573029,0.656071267,0.925496037
ATCAY,PDvsCTL,0.156949113,0.24155073,0.723072632
NDUFAF2,PDvsCTL,0.130457671,0.048732684,0.475502257
HNRNPLL,PDvsCTL,-0.092531437,0.110209933,0.598024066
DIABLO,PDvsCTL,0.040393045,0.666942082,0.928991943
HM13,PDvsCTL,-0.080028603,0.311597125,0.774885071
RDH12,PDvsCTL,0.535869521,0.47798397,0.852968781
DNAJC19,PDvsCTL,-0.039647664,0.557899248,0.893709959
C3orf38,PDvsCTL,-0.041832418,0.811333083,0.963901736
RIC3,PDvsCTL,0.047075014,0.763889521,0.952549632
BBS5,PDvsCTL,-0.048054914,0.761600117,0.952549632
ACMSD,PDvsCTL,0.131704322,0.678373313,0.931688728
COG7,PDvsCTL,-0.261208261,0.214016268,0.705273564
MCCC1,PDvsCTL,0.117651126,0.094303524,0.57072933
VKORC1,PDvsCTL,-0.194551291,0.086724308,0.556971383
C15orf40,PDvsCTL,-0.044842949,0.727140973,0.944362593
CLASP2,PDvsCTL,0.004682077,0.924645023,0.986791046
ADPRHL1,PDvsCTL,0.073162141,0.536074733,0.882808152
ERVK3-1,PDvsCTL,-0.07874182,0.476892574,0.852968781
ANK2,PDvsCTL,0.300960294,0.003402032,0.205637117
DNM1,PDvsCTL,0.052209918,0.312020772,0.774885071
SCYL2,PDvsCTL,0.052762876,0.448040418,0.844095004
SHANK3,PDvsCTL,0.065464009,0.552050612,0.890136752
TMEM275,PDvsCTL,0.180588789,0.359933715,0.797140295
CD99L2,PDvsCTL,0.01821498,0.932895195,0.988896181
CSMD1,PDvsCTL,0.067964044,0.796298353,0.959645775
CSNK1G1,PDvsCTL,0.154029586,0.277739572,0.748599713
SYTL2,PDvsCTL,0.340997912,0.130377353,0.617789395
PACSIN2,PDvsCTL,0.481808273,0.019161371,0.358203726
DENND4A,PDvsCTL,0.010027023,0.951823373,0.993501102
R3HDM2,PDvsCTL,-0.11993544,0.242590159,0.723212931
EXOC6B,PDvsCTL,-0.037109999,0.260041925,0.735252188
FGGY,PDvsCTL,-0.598056615,0.348889405,0.79141012
NRXN3,PDvsCTL,-0.027076657,0.688440119,0.935453553
MICU1,PDvsCTL,-0.029783255,0.754081226,0.950596961
MMP24OS,PDvsCTL,0.013035036,0.934988248,0.989573926
GATAD2B,PDvsCTL,0.339343663,0.101869776,0.584795926
DDX19B,PDvsCTL,-0.108694697,0.23736125,0.719506203
MYH9,PDvsCTL,-0.163675518,0.665632541,0.928924936
AKT2,PDvsCTL,-0.332275123,0.196490449,0.690178854
PSMA5,PDvsCTL,0.064465458,0.062506254,0.504854989
OR10G3,PDvsCTL,0.180779374,0.568223525,0.898010668
HLA-C,PDvsCTL,0.253099249,0.412909442,0.823002938
CBARP,PDvsCTL,-0.090071361,0.53713997,0.884197794
TNXB,PDvsCTL,0.008753112,0.970320148,0.998466092
MICOS13,PDvsCTL,-0.006251293,0.914539639,0.985415021
APP,PDvsCTL,0.093754154,0.580052112,0.902742462
LYPLA2,PDvsCTL,0.136800359,0.003401548,0.205637117
ACYP2,PDvsCTL,0.105160104,0.370289926,0.799747013
METAP2,PDvsCTL,0.188879619,0.188182267,0.685017736
AP1G1,PDvsCTL,-0.019066354,0.647545495,0.923458872
BUB3,PDvsCTL,0.052594569,0.346173392,0.789309323
BLVRA,PDvsCTL,0.130666759,0.049737249,0.475502257
CLIP2,PDvsCTL,0.013789774,0.74377097,0.946867678
COMT,PDvsCTL,-0.111003702,0.296356132,0.762952634
DPM3,PDvsCTL,-0.430195934,0.000339602,0.112994965
DUSP23,PDvsCTL,0.085536316,0.710128469,0.94132126
ECM1,PDvsCTL,0.234425847,0.240541531,0.722616343
ESD,PDvsCTL,0.083627476,0.237272166,0.719506203
FGG,PDvsCTL,0.507147291,0.07708426,0.53531995
FRS3,PDvsCTL,0.249726297,0.232072745,0.719044476
GGT1,PDvsCTL,0.459482768,0.07573241,0.53531995
GLRX3,PDvsCTL,0.042082213,0.467545324,0.852968781
GPD2,PDvsCTL,0.022149653,0.724901688,0.944362593
GMPS,PDvsCTL,0.001332967,0.978464922,0.99875356
HIBCH,PDvsCTL,0.048670793,0.63032261,0.918560781
HPRT1,PDvsCTL,0.009249099,0.862720651,0.973419552
IAH1,PDvsCTL,-0.008828528,0.929170416,0.987280085
CRPPA,PDvsCTL,-0.005968425,0.94823262,0.992959485
PRKG2,PDvsCTL,0.063634794,0.62540379,0.917075874
LIMD2,PDvsCTL,0.02674371,0.886164533,0.976886051
LRRC40,PDvsCTL,-0.11276014,0.068131188,0.514537377
PLIN3,PDvsCTL,-0.030371655,0.842145974,0.969250372
MAN2C1,PDvsCTL,0.008846106,0.943714878,0.992702468
MAT2B,PDvsCTL,0.04934432,0.265235934,0.742198186
MAT2A,PDvsCTL,0.081974923,0.049011797,0.475502257
MT1H,PDvsCTL,-0.141853327,0.727235995,0.944362593
MT1X,PDvsCTL,0.060834649,0.732445521,0.944362593
OAT,PDvsCTL,-0.167175408,0.047055698,0.475502257
OSBPL11,PDvsCTL,-0.385289532,0.214533374,0.705273564
PXN,PDvsCTL,0.262452615,0.012770879,0.31582731
PDE4D,PDvsCTL,-0.043966204,0.616295093,0.914966069
PEPD,PDvsCTL,0.047378087,0.539653344,0.884197794
PGK2,PDvsCTL,0.117825994,0.094448652,0.57072933
PSMC5,PDvsCTL,0.00702157,0.836202628,0.967871303
PSMB2,PDvsCTL,-0.003284822,0.955662887,0.994658247
PSMF1,PDvsCTL,0.12928823,0.095166248,0.571405496
RNH1,PDvsCTL,0.030354117,0.748297621,0.948673185
ARHGEF26,PDvsCTL,-0.050065825,0.807254308,0.96294863
STK32C,PDvsCTL,-0.032104583,0.651339501,0.923458872
STMN1,PDvsCTL,-0.047962717,0.450572679,0.846337892
SUSD2,PDvsCTL,-0.768284291,0.26542376,0.74229903
DARS1,PDvsCTL,-0.004401789,0.898515132,0.979613365
TENM3,PDvsCTL,-0.348543735,0.006489324,0.245672146
ACAT1,PDvsCTL,0.113772474,0.003917025,0.216341453
TXNDC17,PDvsCTL,0.018794973,0.77859551,0.957538479
USP5,PDvsCTL,0.032789207,0.311031257,0.774885071
UCHL3,PDvsCTL,0.051877108,0.528485765,0.879117124
AZGP1,PDvsCTL,-0.142538979,0.49842296,0.864101315
AKAP1,PDvsCTL,-0.016154851,0.818676502,0.965590693
DPYSL3,PDvsCTL,0.057967411,0.438501801,0.836786943
CALB2,PDvsCTL,0.173089071,0.134749407,0.621425281
CIB1,PDvsCTL,-0.035469798,0.848936413,0.970636233
COPG2,PDvsCTL,-0.057088481,0.309804168,0.774833582
CPT2,PDvsCTL,-0.190177786,0.305475733,0.77131373
GLUD2,PDvsCTL,0.036726637,0.686911437,0.935453553
LTA4H,PDvsCTL,0.021640173,0.544421928,0.886471995
MCCC2,PDvsCTL,0.110956089,0.112377127,0.599205839
PPME1,PDvsCTL,0.044912377,0.364023305,0.797812197
PSMA3,PDvsCTL,0.059188811,0.133689768,0.620406777
PSMA6,PDvsCTL,0.037382977,0.318213793,0.776955809
PSMB4,PDvsCTL,-0.022735695,0.83071984,0.967871303
SND1,PDvsCTL,-0.022437602,0.552226456,0.89022073
SRRM2,PDvsCTL,0.064051326,0.530919568,0.879931902
STAMBP,PDvsCTL,-0.063655436,0.379690058,0.803565371
TALDO1,PDvsCTL,-0.119707182,0.364222158,0.797911838
SARAF,PDvsCTL,-0.004023387,0.97735043,0.99875356
ATP6V1B2,PDvsCTL,0.04719983,0.326752589,0.781210434
GOT1,PDvsCTL,0.119279207,0.010591758,0.288449178
PSMC2,PDvsCTL,-0.04635643,0.158161427,0.648401362
ISYNA1,PDvsCTL,0.123821711,0.29884427,0.764382272
PPP1R7,PDvsCTL,0.038891801,0.279902961,0.749289915
SCAMP2,PDvsCTL,-0.366137836,0.128677301,0.61540946
AK2,PDvsCTL,-0.014011161,0.827167237,0.967841181
RANBP1,PDvsCTL,0.028242609,0.597049691,0.911217644
CALD1,PDvsCTL,0.234143536,0.095359182,0.571405496
ST13,PDvsCTL,-0.001460862,0.981052623,0.99875356
QDPR,PDvsCTL,-0.057019124,0.695902858,0.937294136
BCKDHB,PDvsCTL,0.067953929,0.331953825,0.785700515
UAP1,PDvsCTL,-0.056178104,0.362682197,0.797812197
DGKQ,PDvsCTL,-0.222262165,0.05083019,0.477257596
MECP2,PDvsCTL,0.099803894,0.202075216,0.69361718
GFUS,PDvsCTL,-0.171167153,0.007473076,0.263594841
CAMKV,PDvsCTL,0.185567363,0.142088031,0.628560399
HSPA4L,PDvsCTL,0.071419856,0.198703211,0.691471792
PSMD14,PDvsCTL,-0.075692485,0.096884265,0.572455486
SERPINF1,PDvsCTL,0.009758711,0.895495917,0.979070091
GK2,PDvsCTL,-0.264619847,0.604665802,0.912015252
FAM114A2,PDvsCTL,0.096713916,0.299637047,0.76493807
CAPN5,PDvsCTL,-0.048870229,0.578403577,0.902742462
ISLR,PDvsCTL,0.160532756,0.357003147,0.796996784
UNC84A,PDvsCTL,-0.141170937,0.335454455,0.787025807
PTMS,PDvsCTL,0.221822555,0.031098632,0.415016864
RAB7A,PDvsCTL,-0.017177081,0.605207064,0.912381279
MIA2,PDvsCTL,-0.274895975,0.02764461,0.405811597
FLJ00319,PDvsCTL,-0.130166804,0.265284518,0.742198186
FTO,PDvsCTL,0.079790904,0.293857525,0.761187034
HSPA12A,PDvsCTL,-0.116224556,0.334867829,0.787025807
ARID1B,PDvsCTL,0.159361663,0.33838661,0.787297747
TNFAIP8L3,PDvsCTL,-0.189819389,0.269142905,0.746316468
RAB11FIP5,PDvsCTL,0.198801109,0.001939038,0.165006153
ASAH1,PDvsCTL,-2.006087165,0.043192666,0.465097079
CACNA1A,PDvsCTL,0.001858104,0.983145367,0.99875356
CACNB4,PDvsCTL,0.04347191,0.544560999,0.886471995
BEGAIN,PDvsCTL,-0.275455687,0.081733963,0.546749304
EPB41L1,PDvsCTL,0.334719717,0.00117671,0.156397195
IRAG2,PDvsCTL,0.374442045,0.057859767,0.487709551
ACY1,PDvsCTL,0.544485543,0.068167018,0.514537377
KIFBP,PDvsCTL,-0.155441211,0.00935288,0.277996971
EVI5,PDvsCTL,-0.013216414,0.943680522,0.992702468
PLEKHA6,PDvsCTL,0.102554314,0.103239528,0.586842844
CACNA1A,PDvsCTL,0.462627327,0.191948817,0.688902426
UNC13B,PDvsCTL,0.279854426,0.194848907,0.689246675
EFR3A,PDvsCTL,-0.022119123,0.774565565,0.95594349
RAP1GAP2,PDvsCTL,0.075864047,0.409790306,0.822854691
MYO18A,PDvsCTL,0.272912537,0.281464876,0.750677365
FARP1,PDvsCTL,-0.0712783,0.82781762,0.967871303
CTSD,PDvsCTL,0.016209452,0.840959475,0.969250372
KIAA1671,PDvsCTL,0.043776897,0.781921405,0.958153435
FGL2,PDvsCTL,0.306458142,0.334042003,0.787025807
RILPL1,PDvsCTL,-0.050823654,0.574071117,0.900711952
NEDD4L,PDvsCTL,0.322401956,0.530687478,0.879749949
DPY19L1,PDvsCTL,-0.003389377,0.971558921,0.998466092
ABHD14A-ACY1,PDvsCTL,0.089820759,0.320598621,0.778775282
DCX,PDvsCTL,-0.176017333,0.244307915,0.72402669
KAZN,PDvsCTL,-0.01426253,0.818323065,0.965588897
TNFRSF6,PDvsCTL,-0.631508542,0.068237056,0.514537377
TUBG2,PDvsCTL,-0.009847997,0.893915874,0.979070091
SLC22A17,PDvsCTL,0.150000499,0.431341066,0.831415486
DPYSL2,PDvsCTL,0.079132468,0.113852293,0.601604606
ABR,PDvsCTL,-0.048216189,0.345726948,0.789309323
NDEL1-PDGFRB,PDvsCTL,0.037843901,0.472204795,0.852968781
CYGB,PDvsCTL,0.078669838,0.31727419,0.776480672
VDAC1,PDvsCTL,0.119475979,0.069827887,0.518846029
V2-7,PDvsCTL,0.278719887,0.649345501,0.923458872
REEP6,PDvsCTL,0.099885066,0.142766002,0.628637865
GALNT2,PDvsCTL,-0.254039004,0.023116141,0.386009926
PNKP,PDvsCTL,-0.065825223,0.691934258,0.936527639
DIAPH2,PDvsCTL,0.307585837,0.099124228,0.577383855
ABI3BP,PDvsCTL,0.12273414,0.816860601,0.964904873
TRIOBP,PDvsCTL,0.115731828,0.260757911,0.736119173
HBA2,PDvsCTL,0.27017123,0.225543791,0.711990498
MICAL1,PDvsCTL,-0.282649334,0.262053071,0.738038521
ABCF1,PDvsCTL,-0.024407407,0.690689327,0.936322716
AIF1,PDvsCTL,0.334213798,0.330650495,0.784552136
HSPA1L,PDvsCTL,0.005169039,0.962412928,0.99634948
SKIV2L,PDvsCTL,-0.0566049,0.343141059,0.78814795
SYNGAP1,PDvsCTL,-0.085739316,0.354717784,0.795711898
TSC2,PDvsCTL,-0.034557749,0.526571243,0.879117124
HLA-B,PDvsCTL,0.665015418,0.371364855,0.799747013
ERCC4,PDvsCTL,0.597019037,0.174328355,0.667604074
PIGT,PDvsCTL,-0.032537329,0.859551118,0.973419552
IER3IP1,PDvsCTL,0.158007603,0.445359926,0.841484549
STAT6,PDvsCTL,-0.043704499,0.618938123,0.915325868
FLT1,PDvsCTL,-0.036126808,0.853174596,0.971794912
UNC45A,PDvsCTL,0.068027286,0.617938121,0.915325868
ELP4,PDvsCTL,0.029751519,0.798591429,0.960579958
STRADA,PDvsCTL,0.097553109,0.347911164,0.789581064
MRPL9,PDvsCTL,-0.281868486,0.059633866,0.494457643
GOSR2,PDvsCTL,-0.020924214,0.848658486,0.970636233
ME2,PDvsCTL,-0.019390238,0.659546476,0.926368848
GABRD,PDvsCTL,0.211370744,0.064625338,0.511975459
SCN1A,PDvsCTL,0.25777138,0.026623718,0.39813806
POLR2B,PDvsCTL,-0.107224332,0.342068535,0.788076282
TCEA1,PDvsCTL,0.208547249,0.148240693,0.635930742
FDFT1,PDvsCTL,-0.176828902,0.542704382,0.885789113
DDX17,PDvsCTL,0.119266769,0.029782101,0.409421899
GYG2,PDvsCTL,0.272447233,0.189466037,0.686909879
GABRG2,PDvsCTL,-0.005929967,0.945641222,0.992702468
RPS10-NUDT3,PDvsCTL,0.050346295,0.266219633,0.743657406
FBXL22,PDvsCTL,0.335061669,0.04770268,0.475502257
SCN1B,PDvsCTL,0.366398776,0.027749443,0.406520869
SLC7A2,PDvsCTL,0.189500677,0.310295304,0.774885071
NECAP1,PDvsCTL,0.14657263,0.090924869,0.565763483
PFKFB3,PDvsCTL,-0.220145097,0.224877465,0.711320847
STIM2,PDvsCTL,0.0849253,0.491310546,0.859124837
PIK3C3,PDvsCTL,0.067051678,0.11881793,0.608396051
BIN3,PDvsCTL,-0.061828281,0.566194014,0.897270559
TEX15,PDvsCTL,0.204282216,0.668983817,0.929495963
GFAP,PDvsCTL,0.403241276,0.071167144,0.522222618
CACNG8,PDvsCTL,0.122724342,0.412417788,0.823002938
HSPB6,PDvsCTL,-0.048385055,0.857243933,0.973158362
GAS2L1,PDvsCTL,0.085031894,0.408463549,0.822549019
FOLR2,PDvsCTL,0.179775791,0.20211617,0.69361718
STRN3,PDvsCTL,0.048580971,0.272257618,0.748382178
BCAS1,PDvsCTL,-0.255457235,0.319352989,0.777888944
BXDC2,PDvsCTL,0.150923436,0.167909715,0.660658683
GLRX2,PDvsCTL,0.307263903,0.188825175,0.685946326
UHRF1BP1L,PDvsCTL,0.035337106,0.595035095,0.91000949
UBE2V2,PDvsCTL,0.053490258,0.225207519,0.71195189
NGB,PDvsCTL,0.123711386,0.425054027,0.82724327
SMU1,PDvsCTL,0.028671859,0.632056831,0.918560781
SHTN1,PDvsCTL,-0.1136692,0.256808275,0.732257728
HBD,PDvsCTL,0.23166401,0.284412382,0.753143246
RSL1D1,PDvsCTL,0.04286691,0.551834855,0.890136752
MRPL1,PDvsCTL,-0.377187671,0.005025986,0.234752697
NUP43,PDvsCTL,0.076498529,0.559547646,0.894628979
IFT74,PDvsCTL,-0.030930164,0.8858899,0.976732994
TMEM120B,PDvsCTL,-0.151860071,0.450736794,0.846337892
SEPSECS,PDvsCTL,-0.323573899,0.197741933,0.691471792
PITPNM3,PDvsCTL,-0.069180288,0.257510749,0.732393642
OXCT1,PDvsCTL,0.377606535,0.139458037,0.625713967
ILVBL,PDvsCTL,0.0153152,0.729489262,0.944362593
ACOT1,PDvsCTL,-0.032858799,0.784349123,0.958515672
NDUFAF8,PDvsCTL,0.139398566,0.45121544,0.846749976
TNR,PDvsCTL,-0.002641899,0.949793368,0.993147797
PLEKHG3,PDvsCTL,-0.124316496,0.524965806,0.878771012
TBC1D9B,PDvsCTL,-0.004391912,0.943637794,0.992702468
ABCB1,PDvsCTL,-0.034472953,0.630037182,0.918560781
SSC5D,PDvsCTL,0.168435113,0.862607553,0.973419552
SH3PXD2B,PDvsCTL,-0.168263681,0.19852224,0.691471792
MACROD2,PDvsCTL,-0.007040321,0.924287102,0.986791046
PRNP,PDvsCTL,-0.369685824,0.539365569,0.884197794
DDX58,PDvsCTL,0.16629741,0.59327622,0.909928902
TRPM3,PDvsCTL,-0.167660297,0.336202511,0.787025807
RPS6,PDvsCTL,0.061892457,0.500556416,0.86592167
SIGMAR1,PDvsCTL,0.83846982,0.017789503,0.349852404
AMOT,PDvsCTL,-0.142310171,0.417195793,0.825113089
PPP1R11,PDvsCTL,0.09636111,0.27118043,0.748378869
MRPL28,PDvsCTL,-0.242233476,0.225373899,0.71195189
NBAS,PDvsCTL,0.003035976,0.952973676,0.993501102
TARS3,PDvsCTL,-0.010389668,0.869234541,0.974767052
ITIH2,PDvsCTL,-0.195370737,0.294515132,0.76203142
MORC3,PDvsCTL,0.211399152,0.192891405,0.688902426
FAM234B,PDvsCTL,0.117034523,0.31607554,0.776480672
KIF3C,PDvsCTL,0.236558767,0.03686776,0.443461195
RAB27A,PDvsCTL,0.131926767,0.456646649,0.850287172
TYW5,PDvsCTL,-0.046240854,0.794887039,0.959645775
SRGAP2,PDvsCTL,-0.081047929,0.168433919,0.660658683
RPL5,PDvsCTL,-0.100394281,0.041956256,0.461941097
ERGIC3,PDvsCTL,-0.227082794,0.157911502,0.648387683
NKRF,PDvsCTL,0.031513141,0.80930435,0.963901736
ATP1B1,PDvsCTL,-0.035961532,0.568544499,0.898010668
VWA8,PDvsCTL,0.068165668,0.406731182,0.820973435
APOC3,PDvsCTL,-0.336427147,0.354194386,0.795553947
H1-4,PDvsCTL,0.088610266,0.623215515,0.916923893
DDX1,PDvsCTL,0.027632391,0.546822276,0.887475775
BCAP29,PDvsCTL,0.034826536,0.420975403,0.826416194
KCND2,PDvsCTL,0.045992573,0.634252362,0.919052626
LSM8,PDvsCTL,-0.047798098,0.512634557,0.872339807
AASS,PDvsCTL,-0.219191742,0.075953513,0.53531995
ARF5,PDvsCTL,-0.036360795,0.482109747,0.854352158
RPA3,PDvsCTL,-0.116965404,0.180476054,0.675520052
LOC401309,PDvsCTL,0.089311472,0.819402939,0.965590693
NPY,PDvsCTL,0.219629307,0.19605226,0.690178854
CBX3,PDvsCTL,-0.01449606,0.82867502,0.967871303
LOC392742,PDvsCTL,-0.034354785,0.859734028,0.973419552
GTPBP10,PDvsCTL,0.231044825,0.224815395,0.711320847
KRIT1,PDvsCTL,-0.074515108,0.763871298,0.952549632
PPP1R9A,PDvsCTL,0.107627332,0.136823771,0.6232532
ATP6V1F,PDvsCTL,0.072425664,0.286899252,0.755655913
ZC3HC1,PDvsCTL,0.396567993,0.399845809,0.815833305
UBE2H,PDvsCTL,-0.061719531,0.339237409,0.787549298
CHCHD3,PDvsCTL,0.062185561,0.243301826,0.723212931
WDR91,PDvsCTL,0.014227582,0.834234911,0.967871303
SSBP1,PDvsCTL,0.058520476,0.300712833,0.766321584
DENND11,PDvsCTL,0.021611296,0.818262793,0.965588897
AGK,PDvsCTL,-0.076217854,0.241494398,0.723072632
MRPL32,PDvsCTL,-0.197653212,0.431389125,0.831415486
NEDL1,PDvsCTL,0.011148003,0.890702791,0.978743202
EPDR1,PDvsCTL,0.266238921,0.038744931,0.453498003
ELMO1,PDvsCTL,-0.164173479,0.305949261,0.771639275
MAD1L1,PDvsCTL,-0.055183038,0.671201056,0.92969554
ARPC1B,PDvsCTL,-0.072586498,0.673086313,0.929850828
MBLAC1,PDvsCTL,0.360634328,0.44191674,0.839595116
AGFG2,PDvsCTL,0.074319184,0.483525254,0.855442106
CAMK2B,PDvsCTL,0.122181176,0.057363127,0.487709551
RAC1,PDvsCTL,-0.151470229,0.026457933,0.39813806
ATF2,PDvsCTL,-0.037845312,0.856702329,0.973158362
RPS4Y1,PDvsCTL,0.015202608,0.972257519,0.998466092
ZDHHC14,PDvsCTL,-0.52924216,0.012012566,0.311936404
DKFZp686F17268,PDvsCTL,0.206615228,0.295577883,0.762040039
ATRX,PDvsCTL,0.383195291,0.12641545,0.610880748
MAP2K1,PDvsCTL,0.105528336,0.062767659,0.505449627
FOLH1,PDvsCTL,-0.36453476,0.156227049,0.645888999
VPS37C,PDvsCTL,0.19290485,0.111482486,0.599205839
MORF4L1,PDvsCTL,0.576593057,0.257048625,0.732257728
GGT7,PDvsCTL,0.077309387,0.212055099,0.702908908
AIP,PDvsCTL,0.426753822,0.164041124,0.657352536
PSD,PDvsCTL,0.007069359,0.945585972,0.992702468
KLHL4,PDvsCTL,-0.656566759,0.052030989,0.477677524
MAN2A1,PDvsCTL,0.105940184,0.546498228,0.887150024
C5orf44,PDvsCTL,0.047678286,0.779455761,0.957538479
CNOT1,PDvsCTL,-0.127445978,0.00613538,0.245113166
MTSS1,PDvsCTL,0.618322061,0.006182767,0.245113166
ITGAV,PDvsCTL,-0.002024216,0.96948563,0.998466092
NEFM,PDvsCTL,0.020847228,0.908122607,0.983892156
CARNS1,PDvsCTL,-0.306658173,0.202525876,0.694074586
EXOC6,PDvsCTL,0.000217021,0.997869668,0.999608014
SIPA1L1,PDvsCTL,-0.00773501,0.917007877,0.985415021
ASTN1,PDvsCTL,-0.13161414,0.08212933,0.546749304
MAP1LC3B,PDvsCTL,0.075212755,0.169828861,0.660658683
C2orf72,PDvsCTL,-0.213569782,0.188072701,0.685017736
PALM3,PDvsCTL,0.252961841,0.107516332,0.59313347
PGP,PDvsCTL,0.054476431,0.305148788,0.771235148
C5orf51,PDvsCTL,-0.0073025,0.920475733,0.985998801
BTBD17,PDvsCTL,0.309458105,0.144550073,0.631682062
TSPAN14,PDvsCTL,0.140869351,0.292521395,0.760993924
RBFOX3,PDvsCTL,-0.592368692,0.092393484,0.568253976
SEPTIN8,PDvsCTL,-0.153200435,0.403207302,0.818129794
NUDT5,PDvsCTL,0.06361467,0.451778801,0.847145812
DYNLT3,PDvsCTL,-0.073908936,0.240322365,0.722373076
IGLON5,PDvsCTL,-0.003581024,0.974910119,0.99875356
JPT2,PDvsCTL,0.25376917,0.318737967,0.777707664
ZMYM3,PDvsCTL,0.189420547,0.197881447,0.691471792
TRAF3,PDvsCTL,-0.026894334,0.700884855,0.939268984
TUBAL3,PDvsCTL,-0.053940288,0.557892705,0.893709959
FBLL1,PDvsCTL,0.137764242,0.092705273,0.568253976
SMCHD1,PDvsCTL,0.045077481,0.793067559,0.959645775
CASTOR2,PDvsCTL,0.05894127,0.549276214,0.88885125
UNC119B,PDvsCTL,0.054410258,0.668034359,0.929165064
DOCK11,PDvsCTL,-0.025588381,0.886583767,0.977198443
NDEL1,PDvsCTL,-0.198927276,0.247886073,0.727523224
LIPT2,PDvsCTL,-0.030857474,0.876886595,0.974767052
PCP4L1,PDvsCTL,0.202387032,0.113802911,0.601604606
RGPD3,PDvsCTL,-0.21000694,0.148411674,0.635930742
RENBP,PDvsCTL,0.356619915,0.009542578,0.279023428
SHISA7,PDvsCTL,0.00734792,0.939414909,0.990910785
HMGN1,PDvsCTL,0.206959561,0.07878947,0.538719255
CNIH4,PDvsCTL,-0.276706204,0.078704628,0.538719255
VSTM2B,PDvsCTL,-0.134973017,0.23853784,0.719865672
ENSA,PDvsCTL,0.022360523,0.812111805,0.963901736
TP53BP1,PDvsCTL,0.094541542,0.176651826,0.669824242
NR0B1,PDvsCTL,0.061408741,0.49888512,0.864694136
PTPA,PDvsCTL,-0.390583899,0.436867943,0.835964648
PIP5K1A,PDvsCTL,-0.163879211,0.104945594,0.586842844
BTBD11,PDvsCTL,-0.010061383,0.939002063,0.990793874
RPL10,PDvsCTL,0.36608131,0.470122535,0.852968781
MORN4,PDvsCTL,-0.166462743,0.325939575,0.780453848
TTR,PDvsCTL,-0.073508591,0.733226172,0.944362593
CTCFL,PDvsCTL,-0.054389557,0.940855233,0.991094856
NOGOC,PDvsCTL,0.053255368,0.527223254,0.879117124
RTL8C,PDvsCTL,-0.220817014,0.438582301,0.836786943
RRBP1,PDvsCTL,-0.090509768,0.211210594,0.701992334
NACAIS4,PDvsCTL,-0.087581556,0.376765871,0.803177835
TBC1D10A,PDvsCTL,-0.180364896,0.268316259,0.745173302
OPLAH,PDvsCTL,0.084782783,0.374139384,0.802225413
TNS2,PDvsCTL,0.021079375,0.832635469,0.967871303
SIPA1L2,PDvsCTL,-0.317717592,0.362965248,0.797812197
ZSWIM8,PDvsCTL,-0.058194569,0.891061947,0.978743202
PPM1E,PDvsCTL,0.035749161,0.799468746,0.960886566
CABLES1,PDvsCTL,-0.011059685,0.937603606,0.990148502
ARHGAP32,PDvsCTL,0.063261154,0.452332081,0.847298088
MANBA,PDvsCTL,-0.302520127,0.269528591,0.746810153
DISP2,PDvsCTL,0.204367614,0.187387805,0.685017736
ABCA3,PDvsCTL,0.004723913,0.972327115,0.998466092
CCDC132,PDvsCTL,-0.041320876,0.431764907,0.831415486
BID,PDvsCTL,0.06706335,0.688978228,0.935453553
MYO5A,PDvsCTL,-0.006442524,0.87241303,0.974767052
NUMBL,PDvsCTL,0.004970301,0.95342165,0.993501102
ASAH1,PDvsCTL,0.000212719,0.998418194,0.999608014
THNSL2,PDvsCTL,-0.192624919,0.345777953,0.789309323
VKORC1L1,PDvsCTL,-0.108844421,0.226214623,0.712609816
GRIK2,PDvsCTL,0.072121425,0.504294402,0.867679795
OGN,PDvsCTL,0.160911614,0.813368146,0.963901736
TBC1D19,PDvsCTL,0.127988953,0.425657022,0.827947799
ATG13,PDvsCTL,0.38932221,0.401600882,0.817151428
SMPD3,PDvsCTL,-0.043876507,0.814914801,0.964409701
NDUFS7,PDvsCTL,-0.015909934,0.834834952,0.967871303
SYT12,PDvsCTL,-0.158649209,0.155704062,0.645149375
OPCML,PDvsCTL,0.047295693,0.45206232,0.847234046
MARCHF1,PDvsCTL,-0.879941235,0.005496492,0.240365733
KIAA1946,PDvsCTL,-0.017108937,0.801266301,0.960946092
L1CAM,PDvsCTL,0.153732874,0.064718968,0.512028388
CAMK2A,PDvsCTL,0.292965927,0.076258361,0.53531995
TANGO2,PDvsCTL,0.333343675,0.151430147,0.638578206
TIMM21,PDvsCTL,-0.08134194,0.198199186,0.691471792
NCOA1,PDvsCTL,0.492454758,0.001766407,0.162779313
GNAL,PDvsCTL,0.279631127,0.477090797,0.852968781
HTR1B,PDvsCTL,0.356429486,0.346865949,0.789309323
CYB5R2,PDvsCTL,0.090074166,0.850252608,0.97091601
SNAP23,PDvsCTL,-0.064477748,0.365333746,0.798359152
VAT1L,PDvsCTL,0.274672875,0.044723613,0.473083746
PSMC4,PDvsCTL,-0.008067172,0.847287836,0.970159408
DKFZp686M1669,PDvsCTL,0.255227669,0.120194698,0.608396051
BRAP,PDvsCTL,-0.171222412,0.10673498,0.591793136
PTPRE,PDvsCTL,-0.026620573,0.619804682,0.915640804
CD44,PDvsCTL,-0.056102591,0.835947883,0.967871303
TMTC3,PDvsCTL,-0.157185045,0.212352643,0.703247035
SAFB,PDvsCTL,0.136799001,0.047032706,0.475502257
ERCC3,PDvsCTL,-0.097439025,0.669611832,0.92969554
ADAP1,PDvsCTL,0.258237586,0.248205785,0.727523224
LUC7L3,PDvsCTL,0.143139342,0.026553933,0.39813806
REEP2,PDvsCTL,0.192415838,0.023002739,0.386009926
CA14,PDvsCTL,-0.246031296,0.300918173,0.766321584
MSTO1,PDvsCTL,0.085570662,0.537785217,0.884197794
CDIPT,PDvsCTL,-0.026548741,0.713273977,0.94132126
PTPN1,PDvsCTL,-0.24578214,0.016251896,0.342363943
PTPN2,PDvsCTL,0.10032196,0.320540485,0.778775282
BOP1,PDvsCTL,0.251666452,0.342892074,0.78814795
RFC5,PDvsCTL,-0.29124283,0.173408812,0.666308538
MAP2K6,PDvsCTL,0.109844965,0.024192723,0.387845416
MEMO1,PDvsCTL,-0.038412107,0.743949528,0.946867678
HEL-215,PDvsCTL,0.080278121,0.134564915,0.621425281
PPIA,PDvsCTL,0.057601229,0.14636948,0.633316073
RPL13,PDvsCTL,0.02555495,0.759571288,0.952509811
CERS2,PDvsCTL,-0.4041258,0.061137038,0.499042608
UVRAG,PDvsCTL,-0.054531786,0.444279191,0.841195109
MRPL43,PDvsCTL,-0.507405103,0.006297648,0.245113166
ATP5PB,PDvsCTL,-0.019735852,0.81103948,0.963901736
SUCLG1,PDvsCTL,0.008113255,0.87881443,0.974767052
SNRNP27,PDvsCTL,0.144802909,0.250588847,0.728340096
RPS23,PDvsCTL,-0.049542879,0.436029109,0.835052584
CHM,PDvsCTL,0.085596107,0.249510208,0.728340096
KYAT1,PDvsCTL,-0.076460307,0.151508729,0.638578206
MPP5,PDvsCTL,-0.050174212,0.613356649,0.914927711
SUGP2,PDvsCTL,0.080484486,0.323327333,0.779884394
UMPS,PDvsCTL,-0.129949778,0.174962594,0.667642407
C1R,PDvsCTL,-0.075016411,0.693156324,0.936527639
RAB30,PDvsCTL,-0.182947645,0.009912585,0.280944636
HTR1A,PDvsCTL,0.111908855,0.466359769,0.851760725
MAP4K3,PDvsCTL,-0.214426557,0.00270246,0.179988829
SFRS4,PDvsCTL,-0.145347246,0.068600215,0.514537377
STIP1,PDvsCTL,0.129499601,0.007972947,0.270516062
DHX38,PDvsCTL,-0.017254787,0.953768447,0.993501102
NT5C2,PDvsCTL,-0.018407844,0.781237777,0.958153435
IL1RAP,PDvsCTL,0.037729293,0.842337569,0.969250372
FAM160A2,PDvsCTL,-0.146574405,0.357001141,0.796996784
TFRC,PDvsCTL,-0.305478256,0.000817427,0.147629411
ASH2L,PDvsCTL,-0.196619971,0.128231108,0.614582439
TMEM135,PDvsCTL,0.00375436,0.978499204,0.99875356
NDUFB10,PDvsCTL,0.017194763,0.772337336,0.955546955
KPNA2,PDvsCTL,0.126651987,0.731430051,0.944362593
DKFZp686B08113,PDvsCTL,-0.113639645,0.447017707,0.843051485
RPS15A,PDvsCTL,-0.222858448,0.221303399,0.709615944
ORC4L,PDvsCTL,-0.247503875,0.066719556,0.514297414
KATNA1,PDvsCTL,0.150435886,0.391106905,0.809563156
NAA35,PDvsCTL,-0.011048965,0.835585171,0.967871303
MANF,PDvsCTL,0.037241279,0.633498229,0.918560781
SERGEF,PDvsCTL,-0.104914936,0.268935439,0.746028775
SENP8,PDvsCTL,0.216281315,0.006423668,0.245672146
G6PD,PDvsCTL,-0.01726492,0.691353432,0.936516994
PLCD1,PDvsCTL,0.022119097,0.829811154,0.967871303
PFAS,PDvsCTL,-0.005717175,0.912123301,0.985415021
DNAJC16,PDvsCTL,0.042823213,0.711701754,0.94132126
LIPE,PDvsCTL,-0.111620284,0.645611161,0.923175216
PLXNB3,PDvsCTL,-0.241637508,0.175468608,0.668432175
RNMT,PDvsCTL,-0.098750804,0.128933975,0.615818116
MRPL18,PDvsCTL,-0.149461164,0.237367066,0.719506203
HBS1L,PDvsCTL,0.043156137,0.438693669,0.836786943
PLP1,PDvsCTL,-0.199357897,0.460965953,0.85047059
ACSL1,PDvsCTL,-0.019830041,0.702900785,0.939770511
PLSCR4,PDvsCTL,0.009631632,0.936485321,0.989735368
OSBPL1A,PDvsCTL,-0.068193235,0.247702837,0.727523224
DNAJC3,PDvsCTL,-0.044642018,0.360187861,0.797140295
HSPB2-C11orf52,PDvsCTL,0.262223002,0.077603657,0.536192302
RAP1A,PDvsCTL,-0.011627232,0.88106835,0.974926647
SFRP1,PDvsCTL,-0.557377413,0.220306609,0.707799059
PPIE,PDvsCTL,-0.24769133,0.060933749,0.498064151
GRID1,PDvsCTL,-0.101179392,0.227236677,0.71334414
DKFZp686P12272,PDvsCTL,-0.038354814,0.792725567,0.959645775
RAPGEF5,PDvsCTL,0.037108564,0.627413107,0.917318915
FMR1,PDvsCTL,0.059559822,0.353707435,0.795553947
LYRM9,PDvsCTL,0.057509423,0.688181629,0.935453553
RAB37,PDvsCTL,0.112345043,0.242739585,0.723212931
PDPR,PDvsCTL,-0.161596553,0.068567406,0.514537377
SUMO3,PDvsCTL,0.103956657,0.04941504,0.475502257
C17orf100,PDvsCTL,-0.423148754,0.297051904,0.763105124
EIPR1,PDvsCTL,0.005035638,0.928353722,0.987194231
FAM171A2,PDvsCTL,0.16492834,0.137096581,0.6232532
BICD1,PDvsCTL,0.145827753,0.298422758,0.764170487
FABP1,PDvsCTL,-3.29282009,2.21e-05,0.029011095
SNRPG,PDvsCTL,0.278921409,0.045991354,0.475502257
MAPK10,PDvsCTL,0.041093899,0.357961706,0.797140295
ELAPOR2,PDvsCTL,-0.164002415,0.206485134,0.697626854
ERCC2,PDvsCTL,0.202708802,0.642262652,0.921109422
MATR3,PDvsCTL,0.110025651,0.025677456,0.392974338
NUDT19,PDvsCTL,-0.180050271,0.212827951,0.703525484
LUC7L,PDvsCTL,0.159362463,0.127702111,0.614260728
DRG2,PDvsCTL,0.096967229,0.143947705,0.63068899
GLUL,PDvsCTL,0.000145492,0.999101706,0.999608014
MTCH1,PDvsCTL,-0.058717842,0.618204403,0.915325868
TJP1,PDvsCTL,0.09247431,0.145853441,0.63314653
WASH,PDvsCTL,-0.051714082,0.888578554,0.977749049
BCR/ABL,PDvsCTL,-0.058339488,0.761640119,0.952549632
PAK5,PDvsCTL,0.063266473,0.719190628,0.943578274
SMC3,PDvsCTL,0.038334735,0.642126224,0.921109422
MBOAT2,PDvsCTL,-0.166600437,0.174674109,0.667604074
MYO1B,PDvsCTL,-0.031228881,0.708363126,0.94132126
MYO9B,PDvsCTL,0.017038237,0.922380074,0.986422818
AKT1,PDvsCTL,0.143178193,0.076254975,0.53531995
GRB2,PDvsCTL,0.069457683,0.122829881,0.610484114
CBX6,PDvsCTL,-0.258296949,0.406920327,0.820973435
EWSR1,PDvsCTL,0.023553997,0.690897903,0.936428984
CPNE1,PDvsCTL,0.234676152,0.049566019,0.475502257
MRPS18B,PDvsCTL,0.070595016,0.632995046,0.918560781
ARCN1,PDvsCTL,-0.012768367,0.658062187,0.926050769
CAMK1,PDvsCTL,-0.071034723,0.159695625,0.65156401
RDX,PDvsCTL,-0.14713225,0.337567522,0.787025807
SCN4B,PDvsCTL,0.441636413,0.13152755,0.618613047
RPS19,PDvsCTL,-0.019180349,0.601828386,0.911709274
TSPO,PDvsCTL,0.098503189,0.678594716,0.931688728
SNU13,PDvsCTL,0.034933347,0.714919407,0.941661837
PTPRT,PDvsCTL,0.088660699,0.34791086,0.789581064
HMGCL,PDvsCTL,0.024583047,0.658337081,0.926050769
PIGK,PDvsCTL,-0.066689581,0.217406244,0.707389205
EPHB2,PDvsCTL,0.067041733,0.255594807,0.732008668
CFHR1,PDvsCTL,0.217202311,0.457174877,0.850390197
NRDC,PDvsCTL,-0.151809424,0.05028744,0.475502257
DDAH1,PDvsCTL,0.103959592,0.014844653,0.331592015
PEA15,PDvsCTL,0.161503806,0.019023589,0.358203726
CDC37L1,PDvsCTL,-0.141344977,0.059805109,0.494457643
PHYH,PDvsCTL,0.00092639,0.99621853,0.999608014
ADGRL2,PDvsCTL,-0.067326754,0.796697616,0.959645775
COG2,PDvsCTL,-0.004562232,0.972623224,0.998466092
AGBL4,PDvsCTL,-0.215353433,0.222167937,0.709716357
CD55,PDvsCTL,-0.025382096,0.81680523,0.964904873
GNG4,PDvsCTL,-0.036228134,0.739483847,0.946867678
CACNA1B,PDvsCTL,0.089199348,0.453196286,0.847592534
PFDN2,PDvsCTL,0.027887861,0.560805832,0.894628979
SMPD4,PDvsCTL,-0.524070938,0.024174362,0.387845416
NFXL1,PDvsCTL,-0.019248956,0.865008032,0.974319256
RPS4X,PDvsCTL,-0.157195882,0.002328841,0.173427036
TIMM10B,PDvsCTL,0.015607647,0.857522606,0.973158362
RPL18A,PDvsCTL,-0.068460487,0.52867603,0.879117124
H3-3B,PDvsCTL,0.185270462,0.414012998,0.823211343
HIST1H4H,PDvsCTL,0.094563901,0.640161064,0.920792807
RPS28,PDvsCTL,-0.035210931,0.594553557,0.91000949
PRKCG,PDvsCTL,0.028906806,0.814298618,0.963997689
DKFZp779L0468,PDvsCTL,-0.016727964,0.865889409,0.974656685
HNRNPC,PDvsCTL,-0.019867938,0.636718813,0.91992743
IK,PDvsCTL,0.124254348,0.379524654,0.803565371
KCNJ10,PDvsCTL,-0.08864064,0.673825061,0.930086683
LYVE1,PDvsCTL,0.312159735,0.228901611,0.714832939
CLDN12,PDvsCTL,-0.046671647,0.860085138,0.973419552
GRM7,PDvsCTL,0.04813854,0.663136452,0.92751975
LSS,PDvsCTL,-0.009030723,0.948783812,0.992959485
CDC42EP4,PDvsCTL,0.052555867,0.658387552,0.926050769
SRSF3,PDvsCTL,-0.052463561,0.303268705,0.768412256
CMPK1,PDvsCTL,0.06669752,0.205663388,0.697209803
FRZB,PDvsCTL,0.250806937,0.545961774,0.887070599
MRPL15,PDvsCTL,-0.249229842,0.100138261,0.580126325
SCP2,PDvsCTL,-0.030422304,0.71848673,0.943578274
PXMP3,PDvsCTL,-0.157317978,0.069864058,0.518846029
SYTL4,PDvsCTL,0.245881114,0.248604249,0.727523224
TANK,PDvsCTL,0.059143685,0.566672062,0.897612335
PRPF4,PDvsCTL,0.032095367,0.707174772,0.94132126
BCAS2,PDvsCTL,-0.056481765,0.532166489,0.88033421
MNDA,PDvsCTL,0.051864431,0.700053176,0.939105277
DDX6,PDvsCTL,-0.04456239,0.292786451,0.760993924
CD14,PDvsCTL,-0.178478357,0.623465078,0.916923893
BIRC2,PDvsCTL,-0.033917463,0.760582797,0.952549632
TXNL1,PDvsCTL,0.029061955,0.433250297,0.832363619
GSTO1,PDvsCTL,-0.183309992,0.114834352,0.602177396
ZC2HC1A,PDvsCTL,0.054474082,0.366392893,0.798365629
NDUFB5,PDvsCTL,0.082426281,0.322301025,0.778775282
PRKCE,PDvsCTL,-0.074579296,0.149252847,0.63600458
hCG_1642166,PDvsCTL,0.042148855,0.838073171,0.968550822
AGO1,PDvsCTL,-0.028356151,0.604305295,0.912015252
SLC9A1,PDvsCTL,0.103856189,0.223085991,0.709716357
PPP1R12A,PDvsCTL,0.147657792,0.008301656,0.27216851
QTRT1,PDvsCTL,0.079402387,0.452916969,0.847592534
NCALD,PDvsCTL,-0.113006806,0.286747191,0.755655913
PRKACB,PDvsCTL,0.149492072,0.000334693,0.112994965
PIGS,PDvsCTL,-0.08484217,0.093278569,0.569176263
KIAA0319L,PDvsCTL,-0.133738662,0.418120007,0.825113089
NAA15,PDvsCTL,-0.044888525,0.337580466,0.787025807
PLSCR3,PDvsCTL,-0.089403879,0.613024085,0.914927711
NT5E,PDvsCTL,0.053374242,0.410079243,0.822854691
TYMP,PDvsCTL,-0.112276057,0.518124801,0.874950932
BCAR1,PDvsCTL,0.015558949,0.8853052,0.976598919
ADNP,PDvsCTL,0.154936379,0.388581035,0.809019452
SLC20A2,PDvsCTL,0.042958837,0.59399175,0.91000949
SYT9,PDvsCTL,-0.133485645,0.833941101,0.967871303
STEAP2,PDvsCTL,-0.188697174,0.126408661,0.610880748
TTYH2,PDvsCTL,-0.088422941,0.561047301,0.894628979
LARS1,PDvsCTL,-0.081754237,0.105657079,0.589140595
BHMT,PDvsCTL,0.098737519,0.541440261,0.884729623
GABRB3,PDvsCTL,-0.021102599,0.829985341,0.967871303
PRKCI,PDvsCTL,0.03579395,0.726840967,0.944362593
PES1,PDvsCTL,-0.101201501,0.331474715,0.785556848
NUBP1,PDvsCTL,0.050243248,0.678902932,0.931688728
DKFZp564C172,PDvsCTL,-0.4613264,0.125696343,0.610880748
SNX15,PDvsCTL,-0.093280693,0.504160573,0.867679795
MATK,PDvsCTL,0.058198654,0.637831521,0.91992743
MVK,PDvsCTL,-0.43607196,0.055374505,0.483337336
RPS27A,PDvsCTL,0.064901273,0.27942774,0.749289915
CNOT9,PDvsCTL,-0.231007033,0.003940043,0.216341453
MERTK,PDvsCTL,0.223210323,0.077674458,0.536192302
CHMP2B,PDvsCTL,-0.153082267,0.042856415,0.463009018
ITIH4,PDvsCTL,0.178932521,0.375823702,0.802225413
SPECC1L-ADORA2A,PDvsCTL,-0.036853567,0.732029869,0.944362593
ADAM17,PDvsCTL,-0.496034404,0.069387218,0.518278568
ZFR,PDvsCTL,0.179989569,0.034473672,0.434859817
KLHL42,PDvsCTL,-0.532235672,0.005547159,0.240365733
AKAP6,PDvsCTL,0.373294674,0.171947351,0.663528593
LRRC16A,PDvsCTL,-0.470200491,0.43381779,0.832943399
MYO9A,PDvsCTL,0.111918515,0.090575894,0.564822733
EIF4G1,PDvsCTL,-0.050286114,0.209927009,0.701169813
TNS1,PDvsCTL,0.131144514,0.076731113,0.53531995
VWC2L,PDvsCTL,-0.0824689,0.812944879,0.963901736
TUBGCP6,PDvsCTL,-0.277952597,0.151021705,0.638491903
KIAA1211,PDvsCTL,-0.410559755,0.021359926,0.379775541
DMXL1,PDvsCTL,-0.004047427,0.924388807,0.986791046
SIPA1L3,PDvsCTL,0.24439274,0.128571263,0.615311439
PDZRN3,PDvsCTL,0.249862156,0.363819276,0.797812197
TACC2,PDvsCTL,0.11601037,0.467803453,0.852968781
TMEM229A,PDvsCTL,0.04130952,0.905958374,0.982889681
AGAP1,PDvsCTL,0.032217108,0.55005931,0.889266865
NGAL,PDvsCTL,-0.862721205,0.023881573,0.387845416
SPTBN1,PDvsCTL,0.034226356,0.21439493,0.705273564
DDX27,PDvsCTL,-0.001922113,0.983411961,0.99875356
COX20,PDvsCTL,0.095367916,0.427130662,0.829692371
PMPCB,PDvsCTL,-0.139442608,0.031278835,0.415016864
ASMTL,PDvsCTL,0.603556753,0.408934534,0.822557634
CNOT7,PDvsCTL,-0.129904716,0.428152274,0.83077942
DNAJA3,PDvsCTL,0.085632474,0.258354116,0.733829043
XRN2,PDvsCTL,0.05739256,0.762279579,0.952549632
RRP12,PDvsCTL,-0.237610554,0.211579472,0.701992334
SEC61A1,PDvsCTL,-0.06308765,0.214705046,0.705498284
DAPK3,PDvsCTL,-0.041415106,0.793604196,0.959645775
GOLM1,PDvsCTL,0.060474947,0.31897408,0.777882733
SNUPN,PDvsCTL,0.260506722,0.271985867,0.748378869
ACSBG1,PDvsCTL,-0.078648784,0.334639734,0.787025807
SRA1,PDvsCTL,-0.070404452,0.805647704,0.962595882
BCAR3,PDvsCTL,-0.080827245,0.583009906,0.904502822
TOR1A,PDvsCTL,-0.00854078,0.89545377,0.979070091
IPO4,PDvsCTL,-0.492046314,0.148989892,0.635930742
NARS2,PDvsCTL,0.018006865,0.806557122,0.962595882
SEC61A2,PDvsCTL,-0.270242941,0.025263468,0.390795976
CALU,PDvsCTL,-0.007788829,0.895180744,0.979070091
TCP11L1,PDvsCTL,-0.076434417,0.228206297,0.714622505
ARHGAP12,PDvsCTL,0.001818689,0.979513455,0.99875356
LDLRAP1,PDvsCTL,-0.092289654,0.749888266,0.948905295
PHACTR3,PDvsCTL,-0.042495841,0.656346905,0.925496037
DDX41,PDvsCTL,0.15000047,0.352195393,0.7945833
EIF3H,PDvsCTL,0.012152064,0.770465931,0.955510594
EIF3F,PDvsCTL,-0.001033892,0.982475516,0.99875356
INPP1,PDvsCTL,0.053250508,0.356462364,0.796919125
PTGES3L-AARSD1,PDvsCTL,-0.209323599,0.055647414,0.483337336
DNAJC30,PDvsCTL,-0.200784643,0.39890282,0.815833305
RALYL,PDvsCTL,0.193479568,0.051536115,0.477677524
TANGO6,PDvsCTL,-0.04831484,0.770006369,0.955486583
GSDMDC1,PDvsCTL,-0.162660495,0.788599411,0.959637515
SESTD1,PDvsCTL,-0.189180413,0.014531962,0.326830462
LONP1,PDvsCTL,0.022259744,0.627566913,0.917318915
GUCY1A1,PDvsCTL,0.106345184,0.026578249,0.39813806
UPF3A,PDvsCTL,-0.975667141,0.136125254,0.622637893
CHMP7,PDvsCTL,0.065333726,0.396568359,0.815004631
PPP2CA,PDvsCTL,-0.026735333,0.676184739,0.930374745
PRKCZ,PDvsCTL,-0.063837977,0.69944813,0.938994102
LRRTM4,PDvsCTL,-0.126517955,0.352311147,0.7945833
GNB1,PDvsCTL,-0.202661267,0.312897722,0.774885071
PPP1R1B,PDvsCTL,0.363589404,0.108616702,0.596174862
PDZD4,PDvsCTL,-0.269725445,0.181303836,0.676072912
C14orf159,PDvsCTL,-0.212519743,0.557091822,0.893414849
EIF3S6,PDvsCTL,-0.053517033,0.157714354,0.648387683
LMF1,PDvsCTL,-0.182544894,0.32531146,0.780453848
CCT3,PDvsCTL,0.057959832,0.120142854,0.608396051
NCOA7,PDvsCTL,0.146987523,0.001270521,0.156397195
BLOC1S6,PDvsCTL,-0.002840974,0.992402598,0.999209391
SLC11A2,PDvsCTL,0.009358633,0.951971809,0.993501102
IL16,PDvsCTL,0.047887916,0.729587367,0.944362593
CSTF2,PDvsCTL,0.303838377,0.049893276,0.475502257
NOS1,PDvsCTL,0.018665496,0.831361269,0.967871303
HTR2A,PDvsCTL,-0.251610808,0.168759955,0.660658683
PGM1,PDvsCTL,-1.17534249,0.338840311,0.787526779
KHDRBS1,PDvsCTL,-0.034426107,0.566090092,0.897270559
MGMT,PDvsCTL,0.104210673,0.653946564,0.924703885
SNW1,PDvsCTL,0.035535336,0.809843645,0.963901736
MRPL10,PDvsCTL,-0.476512812,0.098411474,0.576444408
TMEM175,PDvsCTL,-0.15146679,0.444025523,0.841195109
MIB2,PDvsCTL,-0.036957989,0.885496754,0.976598919
COX11,PDvsCTL,0.197478529,0.515718742,0.874368834
VWA5B2,PDvsCTL,-0.206285835,0.467918872,0.852968781
MCFD2,PDvsCTL,0.195144161,0.192808996,0.688902426
SLC13A3,PDvsCTL,0.003844006,0.989845789,0.99875356
SLC12A4,PDvsCTL,-0.057054602,0.870418255,0.974767052
CELF5,PDvsCTL,-0.243386154,0.330625514,0.784552136
ANKRD35,PDvsCTL,0.093995462,0.601692397,0.911709274
RPS6KA3,PDvsCTL,0.117432781,0.148309503,0.635930742
NUDT6,PDvsCTL,0.200263773,0.544447935,0.886471995
IDS,PDvsCTL,-0.048753862,0.63583541,0.91992743
CPSF7,PDvsCTL,0.0468366,0.445798783,0.841791333
WDR19,PDvsCTL,0.056135183,0.65294947,0.9243585
GTF2I,PDvsCTL,0.062009444,0.316254577,0.776480672
GARNL3,PDvsCTL,0.237426706,0.26217118,0.738081135
MSI2,PDvsCTL,0.001525156,0.980284694,0.99875356
PDXDC1,PDvsCTL,-0.146945378,0.169990862,0.660658683
SLC25A27,PDvsCTL,-0.138250363,0.170230261,0.660658683
SEC11C,PDvsCTL,-0.238038316,0.02303558,0.386009926
PAQR4,PDvsCTL,-0.287098204,0.708193503,0.94132126
IRF9,PDvsCTL,-0.040135736,0.921197574,0.986153512
JPH3,PDvsCTL,-0.136488381,0.49779989,0.863948693
EXOC7,PDvsCTL,-0.016925332,0.956059144,0.99478279
MTMR14,PDvsCTL,-0.056535657,0.807743176,0.963212312
GANAB,PDvsCTL,0.032437912,0.274450105,0.748382178
ATP5MF-PTCD1,PDvsCTL,0.015502941,0.872225885,0.974767052
CALM3,PDvsCTL,0.023846155,0.632734706,0.918560781
hCG_2002594,PDvsCTL,-0.016312894,0.912576502,0.985415021
APBB2,PDvsCTL,-0.204699628,0.50948537,0.870068439
POGLUT1,PDvsCTL,-0.006448552,0.969778309,0.998466092
NINJ2,PDvsCTL,-0.124816018,0.642762871,0.921109422
PRKCSH,PDvsCTL,0.197487296,0.266610612,0.743882907
LYPLA1,PDvsCTL,0.022318893,0.6570177,0.925496037
VAMP1,PDvsCTL,0.291626295,0.028850985,0.409421899
SSH2,PDvsCTL,-0.084238823,0.586535344,0.905937025
ADAM11,PDvsCTL,-0.186966968,0.014349563,0.326830462
NTNG1,PDvsCTL,0.220696853,0.273517766,0.748382178
PSD3,PDvsCTL,-0.004179738,0.966901713,0.998097875
MRPL3,PDvsCTL,-0.311797664,0.000820526,0.147629411
SHC1,PDvsCTL,-0.054155747,0.76005793,0.952549632
ATP5F1C,PDvsCTL,-0.927835953,0.104746121,0.586842844
CDC27,PDvsCTL,-0.055850497,0.516701775,0.874811075
EML3,PDvsCTL,-0.035579946,0.753771305,0.950596961
GDI2,PDvsCTL,0.002188583,0.966991217,0.998097875
NSG2,PDvsCTL,-0.009758621,0.960509516,0.996063378
ELAPOR1,PDvsCTL,0.579979763,0.086435044,0.556193725
MINDY2,PDvsCTL,0.105042033,0.542314125,0.885422506
ELMOD1,PDvsCTL,0.173122234,0.065030518,0.512899686
HMG20A,PDvsCTL,-0.196685415,0.281336895,0.750614349
TUBB,PDvsCTL,-0.603674981,0.371397823,0.799747013
TMEM143,PDvsCTL,0.015835161,0.869901598,0.974767052
ERI3,PDvsCTL,-0.215980898,0.002274721,0.173427036
PFN2,PDvsCTL,0.001059529,0.982828199,0.99875356
APOA1BP,PDvsCTL,0.017248407,0.751667241,0.94988448
RGS19,PDvsCTL,0.194384427,0.60877167,0.913711736
LPAR1,PDvsCTL,-0.355488524,0.363720935,0.797812197
C7orf25,PDvsCTL,0.18303352,0.171711737,0.663331107
MAN1B1,PDvsCTL,-0.132161722,0.453172601,0.847592534
MGRN1,PDvsCTL,-0.122603116,0.143225708,0.629720366
ATP9A,PDvsCTL,0.033263322,0.43598548,0.835052584
ATE1,PDvsCTL,-0.085804585,0.220457054,0.707799059
STK24,PDvsCTL,0.017859787,0.761999708,0.952549632
RBM39,PDvsCTL,0.05169162,0.603767371,0.912015252
ELMO2,PDvsCTL,-0.061282446,0.328053539,0.783008023
SHISA9,PDvsCTL,0.316626743,0.02790099,0.407910205
TAX1BP1,PDvsCTL,0.014553266,0.811689123,0.963901736
HDAC1,PDvsCTL,-0.055939518,0.619799935,0.915640804
SS18L1,PDvsCTL,-0.263243902,0.374730956,0.802225413
PTBP2,PDvsCTL,-0.011813471,0.833262982,0.967871303
ZC3H18,PDvsCTL,0.098532679,0.184929169,0.681295243
PLPPR4,PDvsCTL,0.090641663,0.530139836,0.87965302
CDH5,PDvsCTL,-0.085446501,0.674008626,0.930086683
TBRG4,PDvsCTL,-0.285556972,0.022324791,0.38443435
FAM91A1,PDvsCTL,0.0305358,0.733166082,0.944362593
CCDC28A,PDvsCTL,0.20906274,0.004953466,0.234752697
HNRNPK,PDvsCTL,0.032817938,0.702278833,0.939409195
HEXA,PDvsCTL,-0.265929333,0.0052322,0.238296368
SNRPN,PDvsCTL,-0.064911068,0.388859425,0.809044942
KYAT3,PDvsCTL,-0.073220608,0.622236813,0.916786029
PAPSS2,PDvsCTL,0.178935156,0.224535585,0.711320847
MRPL21,PDvsCTL,-0.230037701,0.062647884,0.505186355
CCDC9,PDvsCTL,0.249356612,0.00776903,0.264846606
ILF2,PDvsCTL,0.018426214,0.714447921,0.941659264
CSRP1,PDvsCTL,-0.004266722,0.969113792,0.998466092
BTBD8,PDvsCTL,0.040712889,0.88243511,0.975016244
TUBGCP3,PDvsCTL,0.144868448,0.20596544,0.697214738
ATRN,PDvsCTL,-0.549175241,0.005640889,0.242963581
EIF4G2,PDvsCTL,0.007631554,0.874405426,0.974767052
UBQLN4,PDvsCTL,0.106133072,0.25688185,0.732257728
SUPT5H,PDvsCTL,0.255037696,0.08095982,0.544755831
TDRKH,PDvsCTL,0.04348255,0.740887451,0.946867678
POLR1E,PDvsCTL,-0.145220893,0.321571665,0.778775282
POLDIP3,PDvsCTL,0.057212351,0.622508784,0.916923893
ITGB2,PDvsCTL,0.031351657,0.742398816,0.946867678
IBA57,PDvsCTL,-0.383685462,0.570477913,0.898540652
TOM1L1,PDvsCTL,0.527115125,0.029346863,0.409421899
NUDT12,PDvsCTL,-0.161919332,0.193749036,0.689246675
CALCOCO2,PDvsCTL,0.067725772,0.632746263,0.918560781
SEC24A,PDvsCTL,-0.075722569,0.682129922,0.932876345
ARFIP1,PDvsCTL,0.253897222,0.076766102,0.53531995
CTSA,PDvsCTL,-0.11262853,0.285878696,0.755169101
CRADD,PDvsCTL,0.327450646,0.284230125,0.753143246
RUVBL1,PDvsCTL,0.066756471,0.061261591,0.499042608
SSB,PDvsCTL,0.010675096,0.808015819,0.96337772
MAPK8,PDvsCTL,0.012264281,0.899711096,0.979806497
RFC2,PDvsCTL,-0.950797863,0.239440685,0.720324905
CSNK2A1,PDvsCTL,-0.046007244,0.317316482,0.776480672
DUSP3,PDvsCTL,0.031201559,0.57491349,0.900973011
DGKB,PDvsCTL,0.227337338,0.118702326,0.608396051
CAMKMT,PDvsCTL,0.123415913,0.58093451,0.902742462
DGKB,PDvsCTL,0.113162291,0.469805682,0.852968781
SYNGR1,PDvsCTL,0.01576594,0.908696896,0.98397621
VSTM2A,PDvsCTL,0.11299632,0.326387294,0.781005923
CBX1,PDvsCTL,0.076244864,0.428989066,0.830958075
TSPAN9,PDvsCTL,-0.278034608,0.090243057,0.564076467
FUCA1,PDvsCTL,-0.327956268,0.31008782,0.774885071
LDAH,PDvsCTL,-0.524941197,0.22474053,0.711320847
SEPTIN10,PDvsCTL,-0.135202232,0.309276715,0.774492096
AIP,PDvsCTL,0.011019544,0.836812886,0.967871303
PPIP5K1,PDvsCTL,-0.215591461,0.006849722,0.253969323
CHRD,PDvsCTL,0.086804187,0.464904332,0.851637161
NTM,PDvsCTL,0.046920681,0.382024221,0.805363489
CHN2,PDvsCTL,-0.034927218,0.923710441,0.986713068
STMN4,PDvsCTL,0.003454365,0.978917842,0.99875356
ETNPPL,PDvsCTL,-0.44447371,0.050262351,0.475502257
RGS7,PDvsCTL,0.002546055,0.975518229,0.99875356
PTPN5,PDvsCTL,0.158313465,0.204129562,0.694074586
CBS,PDvsCTL,0.077133067,0.501137504,0.865977866
CYB561,PDvsCTL,0.00493504,0.96666251,0.998097875
AFAP1L2,PDvsCTL,-0.213783958,0.275178461,0.748382178
ACBD5,PDvsCTL,-0.043755765,0.661081491,0.926532259
DLG2,PDvsCTL,0.308492573,0.009642235,0.279967187
TOM1L2,PDvsCTL,0.05154076,0.63357934,0.918560781
GCA,PDvsCTL,-0.232379797,0.029376298,0.409421899
ARHGEF6,PDvsCTL,-0.08281312,0.293934145,0.761187034
NLGN3,PDvsCTL,-0.06909805,0.352387144,0.7945833
RMC1,PDvsCTL,0.020483986,0.791674449,0.959645775
GRIK1,PDvsCTL,-0.256887335,0.494584564,0.86180881
SLC6A9,PDvsCTL,-0.158692199,0.325832451,0.780453848
RASA4B,PDvsCTL,0.210756705,0.39441474,0.812668355
FGD4,PDvsCTL,0.012579173,0.880038273,0.974913799
APLP1,PDvsCTL,0.283873504,0.052976471,0.480066129
STMN2,PDvsCTL,0.044264682,0.550834236,0.889970948
INPP5K,PDvsCTL,-0.052583178,0.399636881,0.815833305
C8B,PDvsCTL,-0.325607694,0.196962849,0.691199534
ACP2,PDvsCTL,-0.080661434,0.219307372,0.707389205
TMCO1,PDvsCTL,0.257368903,0.077887959,0.536700297
ANGEL2,PDvsCTL,0.228377367,0.333279719,0.787025807
SMAD2,PDvsCTL,0.093409844,0.380186224,0.803608436
TRIM3,PDvsCTL,-0.054661473,0.32229198,0.778775282
DLG4,PDvsCTL,-0.000245167,0.99776438,0.999608014
NRCAM,PDvsCTL,0.133426141,0.685581854,0.934683525
DTNB,PDvsCTL,-0.044223553,0.63320093,0.918560781
ARHGEF7,PDvsCTL,-0.068821617,0.262892885,0.739244927
SCAP,PDvsCTL,-0.089154075,0.532483237,0.88033421
MAN2B2,PDvsCTL,-0.072999492,0.663071317,0.92751975
THBS4,PDvsCTL,-0.163138121,0.485808038,0.856934712
ATP8A2,PDvsCTL,0.059985868,0.392371642,0.810677801
CYFIP2,PDvsCTL,0.022380864,0.705607132,0.94132126
AHSG,PDvsCTL,-0.49687421,0.019172589,0.358203726
PDLIM5,PDvsCTL,0.18195319,0.325875079,0.780453848
CDH13,PDvsCTL,-0.006500433,0.940661762,0.991091263
ANO3,PDvsCTL,0.04574507,0.822225491,0.965594769
DNM1,PDvsCTL,0.019898679,0.852661792,0.971764848
SUCLA2,PDvsCTL,1.118532231,0.004691136,0.234328742
MTMR7,PDvsCTL,-0.070299094,0.70632043,0.94132126
PPP1R3G,PDvsCTL,-0.00613118,0.982104468,0.99875356
SH3GLB2,PDvsCTL,0.058683855,0.550976866,0.890001482
EPHA5,PDvsCTL,-0.356130445,0.121677683,0.610340009
EIF2AK2,PDvsCTL,0.074522997,0.33885658,0.787526779
UACA,PDvsCTL,-0.033339294,0.859960992,0.973419552
PODXL,PDvsCTL,-0.085852951,0.367103027,0.79847961
USP48,PDvsCTL,-0.07382582,0.78675255,0.959008827
WASHC4,PDvsCTL,-0.148226781,0.012620744,0.31582731
GATD1,PDvsCTL,0.051989958,0.430438663,0.831198732
RCSD1,PDvsCTL,0.154793781,0.275984401,0.748382178
MME,PDvsCTL,0.081686625,0.565232009,0.896980939
FNBP1,PDvsCTL,-0.119585797,0.211386435,0.701992334
GEMIN5,PDvsCTL,-0.224612933,0.099447024,0.578520874
RTN4RL2,PDvsCTL,-0.161197968,0.063352823,0.507545475
FAM98C,PDvsCTL,-0.113377378,0.541083525,0.884729623
SEZ6L,PDvsCTL,0.036392424,0.695695855,0.937294136
C2CD5,PDvsCTL,-0.012937545,0.801882607,0.961483846
SP3,PDvsCTL,0.001221208,0.992738042,0.999367328
OPCML,PDvsCTL,-0.063202852,0.819892018,0.965590693
CPEB4,PDvsCTL,-0.039656564,0.748334721,0.948673185
LPP,PDvsCTL,0.000876248,0.994095967,0.999608014
MTR,PDvsCTL,-0.250700435,0.047968732,0.475502257
MIGA1,PDvsCTL,-0.115732548,0.297920069,0.76369888
KIAA1217,PDvsCTL,0.373736784,0.275675487,0.748382178
PCDH9,PDvsCTL,-0.029617689,0.561055377,0.894628979
LRRC75A,PDvsCTL,-0.04919873,0.713143595,0.94132126
ARAP1,PDvsCTL,-0.139783667,0.474922981,0.852968781
LINGO2,PDvsCTL,-0.181276198,0.515900563,0.874380949
COL6A3,PDvsCTL,0.195389055,0.636843602,0.91992743
EIF4E2,PDvsCTL,0.007530877,0.905585196,0.982633024
MZT2B,PDvsCTL,0.001921104,0.985829047,0.99875356
SAMD12,PDvsCTL,0.142271247,0.237643059,0.719506203
EPFP1,PDvsCTL,0.088248143,0.066919706,0.514297414
PTMA,PDvsCTL,-0.092905414,0.47741508,0.852968781
VAMP8,PDvsCTL,0.120349047,0.607683558,0.912996187
COQ10B,PDvsCTL,-0.110502619,0.163492952,0.656437897
USP39,PDvsCTL,-0.141122439,0.193449302,0.689246675
ASB1,PDvsCTL,-0.147747036,0.145957984,0.633218202
COA5,PDvsCTL,-0.410489032,0.091299033,0.567600643
RAB3GAP1,PDvsCTL,0.010811902,0.78671983,0.959008827
TBC1D1,PDvsCTL,0.122910453,0.376365401,0.802845887
SYNPO2,PDvsCTL,-0.052482781,0.618256049,0.915325868
TOP1,PDvsCTL,0.046475238,0.476742311,0.852968781
SMARCD2,PDvsCTL,-0.007220339,0.972232191,0.998466092
MPRIP,PDvsCTL,-0.028936226,0.743272763,0.946867678
MGA,PDvsCTL,-0.191120381,0.506249442,0.868169781
ARVCF,PDvsCTL,-0.054431597,0.478958044,0.852968781
HEATR5B,PDvsCTL,0.320509643,0.192438493,0.688902426
MED16,PDvsCTL,0.147918177,0.412772614,0.823002938
RBM12B,PDvsCTL,0.175298902,0.089541094,0.562505754
APOB,PDvsCTL,-0.156448656,0.475075018,0.852968781
ATG12,PDvsCTL,0.124421824,0.148484002,0.635930742
WASH3P,PDvsCTL,0.053067524,0.440149877,0.838452877
SPG11,PDvsCTL,0.11209895,0.710822049,0.94132126
P2RX7,PDvsCTL,0.48574331,0.150567694,0.638491903
GSTP1,PDvsCTL,-3.887724301,0.001833049,0.162779313
MAP2K3,PDvsCTL,0.290480806,0.539050365,0.884197794
SRGAP3:RAF1,PDvsCTL,0.053722678,0.5033729,0.867372696
MRPL2,PDvsCTL,-0.190597733,0.379954649,0.803565371
SSR1,PDvsCTL,0.000195747,0.997481172,0.999608014
AJM1,PDvsCTL,0.107042008,0.281991257,0.751189271
ACOX2,PDvsCTL,-0.317712719,0.074551405,0.532984946
SRI,PDvsCTL,0.072903324,0.129324856,0.616457049
TUBA8,PDvsCTL,0.089785448,0.228870897,0.714832939
ITIH5,PDvsCTL,-0.161971864,0.463011655,0.85047059
MKRN2,PDvsCTL,-0.0647158,0.459070405,0.85047059
C2orf49,PDvsCTL,0.255624244,0.136157695,0.622637893
SLC22A23,PDvsCTL,0.054806065,0.793298327,0.959645775
RPL37A,PDvsCTL,0.005177447,0.973372576,0.998466092
PDCD10,PDvsCTL,-0.08807898,0.085622666,0.553981304
IGF1R,PDvsCTL,0.07311062,0.594756973,0.91000949
RSRC1,PDvsCTL,0.017073305,0.878099583,0.974767052
SLC1A2,PDvsCTL,0.188950511,0.47967291,0.852975833
UBE2F,PDvsCTL,-0.006133053,0.927047727,0.987194231
SSR3,PDvsCTL,-0.212852697,0.067169754,0.514297414
CMTM5,PDvsCTL,-0.301590777,0.04817525,0.475502257
SPCS1,PDvsCTL,0.078943985,0.618955237,0.915325868
USF3,PDvsCTL,0.429054959,0.003580462,0.207945764
DRAP1,PDvsCTL,-0.017597994,0.903405721,0.981600809
FAIM,PDvsCTL,0.083995912,0.833415727,0.967871303
CACNA2D2,PDvsCTL,0.075375164,0.250152329,0.728340096
LRRTM1,PDvsCTL,0.023093078,0.862321263,0.973419552
PCYT1A,PDvsCTL,0.070754004,0.300629597,0.766321584
APOD,PDvsCTL,0.159224334,0.347154641,0.78946675
GPS1,PDvsCTL,-0.081528695,0.043698382,0.467046746
CYCS,PDvsCTL,0.022058528,0.773449398,0.955658139
SYNJ1,PDvsCTL,0.080815449,0.128043413,0.614521986
CD163,PDvsCTL,-0.114787765,0.577222189,0.902742462
GNB2,PDvsCTL,-0.46082237,0.273888059,0.748382178
MRPS34,PDvsCTL,-0.246759706,0.233557576,0.719501899
VPS8,PDvsCTL,-0.031636403,0.494143077,0.8614759
POLR2H,PDvsCTL,0.038327532,0.642583204,0.921109422
FARP1,PDvsCTL,-0.147251278,0.011383945,0.298849323
RPL24,PDvsCTL,-0.065313545,0.322386718,0.778775282
CCDC58,PDvsCTL,0.254021383,0.023732697,0.387845416
STK11IP,PDvsCTL,-0.175458147,0.294082965,0.761187034
MDH1,PDvsCTL,0.310234981,0.049891136,0.475502257
MOG,PDvsCTL,-0.181532942,0.491347464,0.859124837
AP2M1,PDvsCTL,0.411356933,0.483464952,0.855442106
ADD2,PDvsCTL,0.614435639,0.009214077,0.277309018
SYPL1,PDvsCTL,-0.288311432,0.343073746,0.78814795
RFC4,PDvsCTL,-0.168048326,0.140907876,0.625778733
RPL35A,PDvsCTL,-0.143585815,0.033483348,0.428527595
RAPH1,PDvsCTL,-0.129307036,0.165738451,0.660658683
STAC2,PDvsCTL,0.141625157,0.405074342,0.820072708
YWHAZ,PDvsCTL,-0.001996879,0.967762185,0.998097875
OPRD1,PDvsCTL,-0.436528596,0.209590424,0.701169813
ACTA2,PDvsCTL,0.042854865,0.525763892,0.879084071
HVCN1,PDvsCTL,0.002342896,0.994343942,0.999608014
ITGB5,PDvsCTL,0.059089419,0.724190802,0.944362593
SEC62,PDvsCTL,-0.038347121,0.548472425,0.888845829
EPHB3,PDvsCTL,-0.130958302,0.234309797,0.719501899
SPCS3,PDvsCTL,-0.533484108,0.012355577,0.313923431
WDSUB1,PDvsCTL,0.172857614,0.17773998,0.670072889
HEL-S-297,PDvsCTL,-0.000848359,0.98880769,0.99875356
CAP1,PDvsCTL,-0.012044443,0.769949254,0.955486583
hCG_27868,PDvsCTL,-0.025951412,0.828354153,0.967871303
LRP4,PDvsCTL,-0.129935088,0.358426556,0.797140295
PACSIN3,PDvsCTL,-0.116692133,0.173353039,0.666308538
SAA1,PDvsCTL,-1.154042718,0.20929312,0.701169813
C9orf19,PDvsCTL,-0.039159738,0.83969576,0.969250372
FLJ10357,PDvsCTL,-0.071639659,0.653980354,0.924703885
NCAM2,PDvsCTL,0.055656406,0.224569661,0.711320847
COL18A1,PDvsCTL,0.048176665,0.776713267,0.956988443
SLC19A1,PDvsCTL,-0.357078487,0.16546537,0.660658683
DOCK5,PDvsCTL,-0.300317713,0.11798689,0.608132575
KIF13B,PDvsCTL,0.126877182,0.330330517,0.784552136
PROSC,PDvsCTL,-0.017787782,0.799106809,0.960886566
FNTA,PDvsCTL,-0.058804453,0.573483626,0.900711952
COL11A1,PDvsCTL,-0.345249922,0.405787548,0.820818289
MYO1C,PDvsCTL,-0.477150236,0.098153158,0.57586922
PPP1R9B,PDvsCTL,-0.036987314,0.630305438,0.918560781
COL1A1,PDvsCTL,0.190901596,0.740571379,0.946867678
RNPS1,PDvsCTL,0.429478145,0.21317679,0.703925265
GLYR1,PDvsCTL,-0.048246144,0.517504565,0.874832652
AFG3L2,PDvsCTL,0.018606716,0.715446,0.941838045
KIAA1609,PDvsCTL,0.166527171,0.060716309,0.498064151
WNK1,PDvsCTL,0.029839164,0.668927896,0.929495963
IFI16,PDvsCTL,0.060180734,0.683232385,0.933179282
MINDY1,PDvsCTL,-0.385939977,0.122647858,0.610484114
ARHGEF2,PDvsCTL,-0.053766116,0.290054034,0.759228044
NES,PDvsCTL,0.069270648,0.518822232,0.875003121
INPP4A,PDvsCTL,-0.055460217,0.29861234,0.764382272
MAEA,PDvsCTL,-0.068010263,0.577958924,0.902742462
UBL7,PDvsCTL,0.876269157,0.042870013,0.463009018
EEF1D,PDvsCTL,0.006304216,0.876625474,0.974767052
CPSF1,PDvsCTL,-0.214897624,0.024425688,0.387845416
VBP1,PDvsCTL,-0.009236301,0.825731549,0.967455416
MPP3,PDvsCTL,0.211682929,0.024929039,0.388315253
HBG1,PDvsCTL,-0.598606474,0.140544258,0.625778733
IRAK1,PDvsCTL,-0.408146755,0.211391924,0.701992334
ANKRD54,PDvsCTL,-0.439587565,0.103475209,0.586842844
ACADS,PDvsCTL,-0.178232024,0.159724561,0.65156401
GSTCD,PDvsCTL,-0.639311872,0.01387704,0.3251386
MFSD10,PDvsCTL,0.496764543,0.125635437,0.610880748
PCDH1,PDvsCTL,0.11947847,0.521589187,0.876896824
TMEM165,PDvsCTL,-0.089083459,0.748102066,0.948673185
RELL1,PDvsCTL,0.094131411,0.459141778,0.85047059
ZNF330,PDvsCTL,-0.111324469,0.743523909,0.946867678
CTNND2,PDvsCTL,0.105418644,0.316969937,0.776480672
HSD17B11,PDvsCTL,-0.376019612,0.033221389,0.42775057
JCHAIN,PDvsCTL,0.421714772,0.39269882,0.810677801
POLR1C,PDvsCTL,-0.091423172,0.344117041,0.788793459
PAIP1,PDvsCTL,0.082339173,0.343320853,0.78814795
CDC42SE2,PDvsCTL,0.188147391,0.503150049,0.867279728
SEPTIN11,PDvsCTL,0.022525924,0.658361182,0.926050769
STX18,PDvsCTL,-0.135456638,0.137894423,0.624222334
COL12A1,PDvsCTL,0.134411007,0.745805736,0.947470975
CPLX1,PDvsCTL,0.150698144,0.221378865,0.709615944
COMMD10,PDvsCTL,0.011902729,0.80121585,0.960946092
INPP4B,PDvsCTL,0.178196094,0.018014624,0.351030145
SNX14,PDvsCTL,-0.089518179,0.545089971,0.886471995
SLC12A9,PDvsCTL,-0.123301552,0.38296158,0.806394125
CIRBP,PDvsCTL,-0.378977421,0.070051517,0.518846029
hCG_22253,PDvsCTL,-0.115210556,0.250701421,0.728340096
RyR,PDvsCTL,0.176885328,0.243222268,0.723212931
PEBP1,PDvsCTL,0.044181669,0.335933355,0.787025807
HBB,PDvsCTL,0.267053546,0.234824764,0.719501899
HBG1,PDvsCTL,-1.429949953,0.092546467,0.568253976
HBG2,PDvsCTL,-0.72711708,0.197897283,0.691471792
TPM1,PDvsCTL,0.111407228,0.04412333,0.469495727
COL6A3,PDvsCTL,0.085665114,0.827206426,0.967841181
ROCK1,PDvsCTL,-0.050534161,0.610425503,0.914191997
VTN,PDvsCTL,-0.040858608,0.880446765,0.974926647
PRIC295,PDvsCTL,-0.111213456,0.131583201,0.618613047
CLASP2,PDvsCTL,0.331174235,0.038936424,0.453498003
GLS2,PDvsCTL,-0.189204034,0.035306245,0.435759728
GFM1,PDvsCTL,-0.028262372,0.656628735,0.925496037
NDUFV1,PDvsCTL,-0.002453939,0.975388048,0.99875356
LRPPRC,PDvsCTL,-0.138789543,0.086694166,0.556971383
NDUFS1,PDvsCTL,0.021638897,0.770704802,0.955544554
SPAST,PDvsCTL,0.198842659,0.008991955,0.276362116
SUCLA2,PDvsCTL,0.005584488,0.927230228,0.987194231
TSFM,PDvsCTL,-0.199330365,0.05812545,0.488430331
DGUOK,PDvsCTL,0.067079074,0.500553538,0.86592167
TFAM,PDvsCTL,0.054041574,0.341402617,0.788076282
UNG,PDvsCTL,-0.162111198,0.524451917,0.87831959
CHCHD7,PDvsCTL,-0.126507127,0.442521629,0.840363136
NPM2,PDvsCTL,-0.098596124,0.733162156,0.944362593
RELL2,PDvsCTL,0.083856302,0.729606296,0.944362593
EPHX2,PDvsCTL,0.236970712,0.194171047,0.689246675
TATDN1,PDvsCTL,0.01022482,0.872867693,0.974767052
RWDD1,PDvsCTL,-0.02846915,0.742232512,0.946867678
VXN,PDvsCTL,0.221268388,0.750413922,0.948905295
DUSP26,PDvsCTL,0.170180459,0.59758458,0.911217644
ERLIN2,PDvsCTL,-0.063421049,0.458864391,0.85047059
ZMAT4,PDvsCTL,0.033793316,0.873506273,0.974767052
ATOX1,PDvsCTL,0.021734952,0.844313535,0.969250372
TBCA,PDvsCTL,0.023879001,0.694329926,0.937195564
PIP4P2,PDvsCTL,0.205537401,0.31084237,0.774885071
PSD3,PDvsCTL,0.041870308,0.643877452,0.922040715
MRPL13,PDvsCTL,-0.294112153,0.157927877,0.648387683
FABP5,PDvsCTL,-0.002862276,0.977431402,0.99875356
PPP1R2,PDvsCTL,0.104406847,0.336741657,0.787025807
ADGRL3,PDvsCTL,0.00595299,0.926304957,0.987194231
PRRC2C,PDvsCTL,0.11757347,0.050147871,0.475502257
NDUFV2,PDvsCTL,0.053077281,0.50448656,0.867679795
SNCA,PDvsCTL,0.176169374,0.121052429,0.608476673
NAA50,PDvsCTL,0.029346604,0.670289986,0.92969554
EZR,PDvsCTL,0.001277337,0.983573279,0.99875356
ACIN1,PDvsCTL,0.078121902,0.158746277,0.649892984
HMGB3,PDvsCTL,-0.216234617,0.286681869,0.755655913
ERMP1,PDvsCTL,0.018698262,0.83590167,0.967871303
PTK2,PDvsCTL,-0.048808884,0.305360055,0.77131373
WDR17,PDvsCTL,-0.106317173,0.223047072,0.709716357
MRPL22,PDvsCTL,-0.240062298,0.180170492,0.674982472
ITGA2,PDvsCTL,0.003235572,0.988767926,0.99875356
MTA1,PDvsCTL,0.111880558,0.096429149,0.572305833
KCNQ3,PDvsCTL,0.159249292,0.514566871,0.873675593
SLCO2A1,PDvsCTL,0.308066684,0.410613493,0.82294312
ENPP2,PDvsCTL,-0.589784094,0.265891395,0.743317841
AGAP1,PDvsCTL,-0.182543759,0.201358208,0.692999804
MAP2,PDvsCTL,0.617609073,0.015078297,0.333717503
GABRB2,PDvsCTL,-0.008474672,0.912561014,0.985415021
CYFIP2,PDvsCTL,-0.018834413,0.666637379,0.928924936
PIEZO2,PDvsCTL,-0.054847969,0.657118907,0.925496037
PRPF31,PDvsCTL,0.125227032,0.362491912,0.797812197
DGKI,PDvsCTL,-0.063056799,0.624436201,0.917075874
VPS35L,PDvsCTL,-0.069084963,0.194139182,0.689246675
PCCB,PDvsCTL,0.01144025,0.783270467,0.958515672
SERPINA1,PDvsCTL,0.066769679,0.716661449,0.942747952
SERPING1,PDvsCTL,0.016809397,0.874913041,0.974767052
RACK1,PDvsCTL,-0.06064943,0.181944394,0.676072912
HADHA,PDvsCTL,-0.103135492,0.140920792,0.625778733
SMPD1,PDvsCTL,-0.26232729,0.149471972,0.636561215
NACA,PDvsCTL,0.020554976,0.773598401,0.955658139
ARHGEF10,PDvsCTL,-0.070194784,0.777795783,0.957242988
ALYREF,PDvsCTL,0.163505097,0.040509934,0.459374371
MAPK8IP1,PDvsCTL,0.156113845,0.209608386,0.701169813
LIMK1,PDvsCTL,-0.13537967,0.393375509,0.810991698
MARK2,PDvsCTL,0.007058832,0.881606724,0.974926647
TMCC1,PDvsCTL,0.04422434,0.72067889,0.944233745
OGDH,PDvsCTL,-0.049475516,0.336358234,0.787025807
GOSR1,PDvsCTL,-0.302844885,0.049535113,0.475502257
NNT,PDvsCTL,0.04035353,0.916733098,0.985415021
SNAP91,PDvsCTL,0.142033355,0.04925606,0.475502257
PIKFYVE,PDvsCTL,0.174922031,0.539652346,0.884197794
MRPS17,PDvsCTL,-0.131076643,0.534142016,0.881211817
ATP11A,PDvsCTL,-0.33925341,0.07261371,0.527313989
NRP1,PDvsCTL,-0.730687155,0.029671224,0.409421899
HBD,PDvsCTL,-0.860200837,0.08034959,0.544296801
CUL9,PDvsCTL,0.001983561,0.987532671,0.99875356
ABI2,PDvsCTL,0.051220569,0.796789065,0.959645775
CAMK2D,PDvsCTL,0.102026485,0.244455757,0.72402669
STXBP5L,PDvsCTL,-0.208003495,0.198148259,0.691471792
PCBP3,PDvsCTL,0.22460091,0.068446887,0.514537377
CEP97,PDvsCTL,-0.043581609,0.624838188,0.917075874
PPIG,PDvsCTL,-0.136891265,0.538639869,0.884197794
PTPRK,PDvsCTL,0.087251623,0.275118311,0.748382178
MAP1A,PDvsCTL,0.116374665,0.056934351,0.486954562
RPS6KA1,PDvsCTL,-0.002744961,0.988132282,0.99875356
ABCG1,PDvsCTL,-0.089323878,0.801300523,0.960946092
MSH2,PDvsCTL,0.011251616,0.938187927,0.99022535
MROH1,PDvsCTL,-0.14138515,0.014890063,0.331592015
MTCH2,PDvsCTL,0.033190047,0.820918939,0.965590693
TP53I11,PDvsCTL,0.183655871,0.556009584,0.892718066
NXF1,PDvsCTL,0.148565952,0.245329344,0.724734444
SOGA3,PDvsCTL,0.068217381,0.16555364,0.660658683
CNIH2,PDvsCTL,0.01006233,0.932383959,0.988742123
ZNF7,PDvsCTL,0.169268791,0.422994489,0.827080454
SCYL1,PDvsCTL,0.05388057,0.283808746,0.753143246
RAB3IL1,PDvsCTL,0.529394611,0.05133801,0.477257596
PLEKHA7,PDvsCTL,0.326095822,0.018611485,0.356555727
UBTF,PDvsCTL,-0.058450153,0.538259741,0.884197794
CCDC90B,PDvsCTL,-0.295466487,0.075229608,0.53531995
MOCS2,PDvsCTL,0.162228506,0.242375457,0.723212931
TTC9C,PDvsCTL,-0.014880243,0.927873828,0.987194231
RPL8,PDvsCTL,-0.099296932,0.175540584,0.668432175
NEDD8-MDP1,PDvsCTL,0.066123712,0.145412549,0.63314653
NPEPPS,PDvsCTL,0.081416568,0.028427416,0.409421899
L27a,PDvsCTL,-0.091434696,0.387831567,0.808684675
MDK,PDvsCTL,0.074033661,0.804362836,0.962408324
RNF141,PDvsCTL,-0.150237409,0.094289863,0.57072933
LAMTOR5,PDvsCTL,0.024675442,0.791934739,0.959645775
CLNS1A,PDvsCTL,0.079939561,0.470793009,0.852968781
ATP5MG,PDvsCTL,0.01206512,0.892852631,0.979070091
TPD52L1,PDvsCTL,0.12977696,0.112366956,0.599205839
ILDR2,PDvsCTL,0.075149754,0.578995241,0.902742462
GRINL1A,PDvsCTL,0.247913387,0.04878362,0.475502257
TATDN3,PDvsCTL,-0.043522766,0.660722394,0.926532259
TUB,PDvsCTL,0.029977742,0.786645898,0.959008827
KMT2A,PDvsCTL,0.931852825,0.066369528,0.514297414
FAU,PDvsCTL,-0.093056564,0.726830861,0.944362593
NR2F1,PDvsCTL,0.068737319,0.757784075,0.952260806
RABGAP1L,PDvsCTL,-0.251920387,0.035388887,0.435759728
BLOC1S2,PDvsCTL,0.071491851,0.638003938,0.91992743
CRABP1,PDvsCTL,0.489333415,0.20385852,0.694074586
NR2C2,PDvsCTL,0.586724753,0.102264614,0.585849877
RPS6KA2,PDvsCTL,0.046570871,0.374769084,0.802225413
XPO4,PDvsCTL,-0.232106655,0.001571724,0.162779313
BPTF,PDvsCTL,0.345065422,0.031387345,0.415016864
DAD1,PDvsCTL,0.105824051,0.519269528,0.875552207
REXO2,PDvsCTL,-0.012291773,0.853834577,0.972392671
SDHAF2,PDvsCTL,0.051898264,0.753841743,0.950596961
ARL6IP4,PDvsCTL,-0.769142252,0.190130775,0.687145203
WASHC3,PDvsCTL,-0.167805072,0.106911713,0.591793136
RAP1B,PDvsCTL,-0.271509311,0.209970774,0.701169813
ANAPC5,PDvsCTL,-0.325238541,0.275317445,0.748382178
GNB3,PDvsCTL,0.041720841,0.895308559,0.979070091
SESN3,PDvsCTL,0.120030218,0.618723912,0.915325868
FEN1,PDvsCTL,0.108961527,0.551543655,0.890117459
TSG101,PDvsCTL,-0.002115991,0.969219374,0.998466092
FZD10,PDvsCTL,0.165559355,0.092329646,0.568253976
AP3S1,PDvsCTL,0.104670663,0.293415014,0.761187034
GRIP1,PDvsCTL,0.04034618,0.807161575,0.96294863
MAP3K4,PDvsCTL,0.018727591,0.875756351,0.974767052
HEATR5A,PDvsCTL,0.119416092,0.616456063,0.915016192
MRPL48,PDvsCTL,-0.229065272,0.17818052,0.670320336
RPS6KC1,PDvsCTL,-0.19741738,0.041928555,0.461941097
DDX19A,PDvsCTL,-0.12201394,0.072298271,0.526788702
DST,PDvsCTL,0.047897638,0.321662829,0.778775282
AP1S2,PDvsCTL,0.068560115,0.355487641,0.79629389
SLC25A14,PDvsCTL,0.104359071,0.346986334,0.789333555
PPP3R1,PDvsCTL,0.135977012,0.014539934,0.326830462
HYI,PDvsCTL,0.116065539,0.309723061,0.774833582
CAD,PDvsCTL,0.02714705,0.650080529,0.923458872
METAP2,PDvsCTL,-0.04780616,0.442554645,0.840363136
AGAP2,PDvsCTL,-0.018717818,0.766622554,0.953703914
PACS2,PDvsCTL,0.042296206,0.658393387,0.926050769
ARFGAP1,PDvsCTL,0.103397552,0.089802309,0.562756882
SMARCC2,PDvsCTL,0.015531218,0.742573763,0.946867678
AAAS,PDvsCTL,0.070487906,0.590218174,0.908537946
UNC13A,PDvsCTL,-0.04650088,0.540551479,0.884451507
ATP5F1B,PDvsCTL,-0.13032379,0.608178747,0.913093243
CHPT1,PDvsCTL,0.098250092,0.642392611,0.921109422
MYL6,PDvsCTL,-0.063915031,0.27972443,0.749289915
NAP1L1,PDvsCTL,-0.137606912,0.378506151,0.803565371
EML1,PDvsCTL,-0.08154805,0.31640895,0.776480672
GOLIM4,PDvsCTL,0.169984218,0.40804363,0.822289769
CTSD,PDvsCTL,-0.776973866,0.092390148,0.568253976
FAM162A,PDvsCTL,-0.086675866,0.282074548,0.751189271
VEZT,PDvsCTL,-0.007159086,0.973408017,0.998466092
TIA1,PDvsCTL,0.097590471,0.277708264,0.748599713
TOMM5,PDvsCTL,-0.016813488,0.821871357,0.965590693
WNK2,PDvsCTL,0.067323251,0.114138947,0.601907219
FGFR3,PDvsCTL,0.064523517,0.534415023,0.881460046
MAP4,PDvsCTL,0.089499824,0.408547439,0.822549019
SDHAF3,PDvsCTL,0.172669021,0.089088953,0.561494319
GRK6,PDvsCTL,0.527411961,0.010420068,0.287170681
CCDC93,PDvsCTL,-0.02607645,0.587432916,0.906338521
CACNA1E,PDvsCTL,0.089817505,0.233323391,0.719501899
CLASP1,PDvsCTL,0.112181842,0.021922221,0.382879542
MTMR1,PDvsCTL,0.011613108,0.779822106,0.957538479
SLC25A26,PDvsCTL,-0.028419395,0.813418554,0.963901736
EIF2A,PDvsCTL,-0.089824962,0.158312902,0.648487871
CTTNBP2,PDvsCTL,0.063134351,0.521867379,0.876896824
VAMP2,PDvsCTL,0.078995458,0.502617687,0.86702775
ARPC4-TTLL3,PDvsCTL,0.080160663,0.066265935,0.514297414
C3orf33,PDvsCTL,0.045896132,0.811672579,0.963901736
STUM,PDvsCTL,-0.117722393,0.254135214,0.730613348
TRMT61B,PDvsCTL,-0.090566046,0.632389547,0.918560781
STIM1,PDvsCTL,0.121755553,0.03018269,0.412745413
HLA-B,PDvsCTL,-2.180838599,0.05727465,0.487709551
PDS5A,PDvsCTL,-0.017124714,0.899489095,0.979806497
ATP6V1H,PDvsCTL,0.525868769,0.042361186,0.462273864
KBTBD3,PDvsCTL,-0.023136833,0.917256724,0.985415021
DPP3,PDvsCTL,-0.162728219,0.020933241,0.376106222
NUP160,PDvsCTL,-0.035147305,0.821449974,0.965590693
ZNRD2,PDvsCTL,0.100232668,0.488981571,0.858911952
HBA2,PDvsCTL,0.574168276,0.071569138,0.523699701
BORCS5,PDvsCTL,0.204850338,0.001831268,0.162779313
DENND5B,PDvsCTL,0.04423719,0.760778397,0.952549632
ZC3H14,PDvsCTL,-0.033407875,0.756217264,0.951954984
ACYP1,PDvsCTL,0.063541279,0.332424084,0.786296099
RNASE1,PDvsCTL,-0.313254604,0.273912418,0.748382178
VIPAS39,PDvsCTL,0.045830473,0.613294167,0.914927711
DDX24,PDvsCTL,-0.057049455,0.654578202,0.92484404
ZFYVE1,PDvsCTL,0.036636246,0.446498411,0.842513922
BCAS1,PDvsCTL,0.31189968,0.403819755,0.818495406
CLCN4,PDvsCTL,-0.002058796,0.98253136,0.99875356
SEPTIN5,PDvsCTL,0.009431232,0.909588376,0.98460033
LAMB1,PDvsCTL,0.144614316,0.522180761,0.876966195
SLC29A2,PDvsCTL,-0.637494872,0.278327481,0.749255079
USP11,PDvsCTL,-0.119200247,0.084721175,0.551492681
DMWD,PDvsCTL,-0.234467226,0.013154963,0.318598147
SOS1,PDvsCTL,-0.044434224,0.456090688,0.849912
KIAA0921,PDvsCTL,-9.38e-05,0.998928256,0.999608014
ARFGAP2,PDvsCTL,-0.104342336,0.052150672,0.477677524
KLC1,PDvsCTL,0.226416184,0.134156254,0.620969069
MRPS22,PDvsCTL,-0.367299869,0.007692614,0.264846606
CPSF3,PDvsCTL,0.35842458,0.188007097,0.685017736
CLPTM1L,PDvsCTL,0.038551565,0.869245636,0.974767052
CELF1,PDvsCTL,-0.00573601,0.932716984,0.988896181
SRGAP1,PDvsCTL,0.256313593,0.171523783,0.663331107
RAB15,PDvsCTL,0.041426528,0.682295555,0.932876345
HNRNPH1,PDvsCTL,0.077131396,0.078920358,0.539101744
ERC1,PDvsCTL,0.062750782,0.267866699,0.744798656
USE1,PDvsCTL,0.014729647,0.851129098,0.971174181
BLOC1S1,PDvsCTL,-0.016681919,0.785658826,0.959008827
CNK3/IPCEF1,PDvsCTL,0.183491659,0.131330054,0.618613047
COX7A2,PDvsCTL,0.036192796,0.655914538,0.925496037
DOP1A,PDvsCTL,-0.054682525,0.741662271,0.946867678
HDDC2,PDvsCTL,-0.121106518,0.474302062,0.852968781
NCOA7,PDvsCTL,0.007875442,0.990552882,0.99875356
ZNFX1,PDvsCTL,-0.129077159,0.393055677,0.810677801
NELFCD,PDvsCTL,-0.144185824,0.603721926,0.912015252
APBA2BP,PDvsCTL,-0.018192075,0.871198039,0.974767052
ACSS2,PDvsCTL,0.0455684,0.619482459,0.915540852
KLHL29,PDvsCTL,-0.352024774,0.124699936,0.610880748
MPRIP,PDvsCTL,-0.079201287,0.226102228,0.712609816
KCNMA1,PDvsCTL,-0.056262844,0.370936882,0.799747013
RARS2,PDvsCTL,-0.131543683,0.404488016,0.819341678
IMPDH2,PDvsCTL,-0.061220388,0.522174539,0.876966195
RABL6,PDvsCTL,0.183675643,0.006378899,0.245672146
BCAS1,PDvsCTL,-0.097905113,0.688240909,0.935453553
RPL36A,PDvsCTL,-0.201877897,0.462777332,0.85047059
UFM1,PDvsCTL,0.116134975,0.262601603,0.738714639
GOLGA4,PDvsCTL,0.019092892,0.750394796,0.948905295
ANK2,PDvsCTL,-0.175859434,0.306846898,0.772811532
RAPGEF2,PDvsCTL,0.05286838,0.657226993,0.925496037
CAMK2D,PDvsCTL,0.119766092,0.663177266,0.92751975
ANK3,PDvsCTL,0.01568344,0.857573871,0.973158362
PCBD2,PDvsCTL,0.077734401,0.560033046,0.894628979
PCDH7,PDvsCTL,0.424481761,0.002454912,0.174720583
RRM2B,PDvsCTL,-0.078485605,0.279597826,0.749289915
MTO1,PDvsCTL,-0.277590693,0.218218508,0.707389205
ASAP1,PDvsCTL,-0.183826603,0.190858411,0.688833192
SYT13,PDvsCTL,0.008122943,0.958628784,0.995584298
RUFY2,PDvsCTL,-0.285467258,9.34e-05,0.067214161
HOOK3,PDvsCTL,0.003327772,0.979351308,0.99875356
PLEC,PDvsCTL,0.18929586,0.527530386,0.879117124
PICALM,PDvsCTL,0.324013873,0.026511183,0.39813806
PICALM,PDvsCTL,0.271846055,0.450233283,0.846337892
DNAJB5,PDvsCTL,-0.063732862,0.67238528,0.92969554
CADPS,PDvsCTL,0.015020435,0.904743649,0.982359565
ATXN2,PDvsCTL,-0.01342933,0.812890126,0.963901736
YARS2,PDvsCTL,-0.019220221,0.799749882,0.960935417
IRAG1,PDvsCTL,-0.025365923,0.785475959,0.959008827
RNF31,PDvsCTL,0.034917317,0.788214501,0.959637515
SHF,PDvsCTL,0.636111986,0.092984507,0.568739423
CDC42BPB,PDvsCTL,0.029332049,0.868280313,0.974767052
ANKRD17,PDvsCTL,0.012327403,0.87016524,0.974767052
ALDH1A2,PDvsCTL,0.763023031,0.141372229,0.625778733
TLN2,PDvsCTL,0.086737102,0.67546575,0.930117154
ANP32A,PDvsCTL,-0.043411386,0.48414793,0.855989297
EMC9,PDvsCTL,0.794872055,0.168453383,0.660658683
TYRO3,PDvsCTL,0.082575437,0.406841165,0.820973435
GCHFR,PDvsCTL,0.378030761,0.002728939,0.180084958
TMEM63B,PDvsCTL,-0.307348105,0.005777263,0.24494418
WWC1,PDvsCTL,-0.127269344,0.326798581,0.781210434
SPNS1,PDvsCTL,0.182390138,0.744370073,0.946867678
PHLPPL,PDvsCTL,-0.043039362,0.882157008,0.975008506
ITGAX,PDvsCTL,0.144243385,0.482786109,0.855340019
TBC1D24,PDvsCTL,-0.042287343,0.447012787,0.843051485
RAB40C,PDvsCTL,-0.328235181,0.006973394,0.254576718
COQ7,PDvsCTL,-0.074855868,0.470429452,0.852968781
TK2,PDvsCTL,0.061876307,0.493889111,0.8614759
TUBGCP4,PDvsCTL,-0.194001369,0.407196436,0.821128108
MACF1,PDvsCTL,0.035797547,0.222194174,0.709716357
TERF2,PDvsCTL,-0.090739956,0.423321846,0.827080454
GFER,PDvsCTL,0.166548711,0.316624645,0.776480672
ZFYVE19,PDvsCTL,-0.198222273,0.461052848,0.85047059
UBFD1,PDvsCTL,0.020093574,0.761222468,0.952549632
ABAT,PDvsCTL,0.093278427,0.171693028,0.663331107
TMEM178B,PDvsCTL,0.044236298,0.777414979,0.957242988
CTU2,PDvsCTL,-0.17300672,0.216589515,0.707354823
PML,PDvsCTL,0.060772801,0.429091609,0.830958075
TMEM231,PDvsCTL,0.280819917,0.379358648,0.803565371
STX16-NPEPL1,PDvsCTL,0.017401481,0.739844849,0.946867678
NOL3,PDvsCTL,0.147704149,0.073496077,0.528159686
DKFZp686M0619,PDvsCTL,0.010335647,0.921219347,0.986153512
KRT1,PDvsCTL,-0.11187018,0.710950392,0.94132126
KRT1,PDvsCTL,-0.126617213,0.860731204,0.973419552
ESYT2,PDvsCTL,0.07121634,0.119155396,0.608396051
CSMD3,PDvsCTL,0.036560259,0.827546404,0.967871303
KALRN,PDvsCTL,-0.179832211,0.030870082,0.415016864
MBP,PDvsCTL,-0.420245101,0.323247628,0.779884394
NCAM1,PDvsCTL,0.216641045,0.190306238,0.687185126
TSC22D4,PDvsCTL,-0.267094149,0.157438775,0.648387683
PDIA3,PDvsCTL,0.062529491,0.472629721,0.852968781
RTN4R,PDvsCTL,0.096018116,0.340113738,0.787549298
MFSD6,PDvsCTL,0.36063645,0.001031362,0.148371746
ACTN4,PDvsCTL,-0.097699766,0.45466067,0.849227265
AATK,PDvsCTL,-0.200911235,0.262426254,0.73851019
APOO,PDvsCTL,0.012384157,0.844582876,0.969250372
PRMT1,PDvsCTL,-0.079788803,0.043277161,0.465310343
NAGK,PDvsCTL,0.051189685,0.343960202,0.788685283
ACAP2,PDvsCTL,0.16070121,0.773142766,0.955658139
ERC2,PDvsCTL,-0.439210011,0.136821666,0.6232532
CADPS,PDvsCTL,0.022776059,0.806088133,0.962595882
BRAF,PDvsCTL,0.026010277,0.921554402,0.986153512
NDFIP2,PDvsCTL,0.279636994,0.157542573,0.648387683
COPRS,PDvsCTL,0.154117372,0.246867025,0.727523224
SHANK1,PDvsCTL,0.037581922,0.710200769,0.94132126
GABBR2,PDvsCTL,-0.037452526,0.676003146,0.930374745
RGS20,PDvsCTL,0.176136027,0.217377543,0.707389205
TXN,PDvsCTL,0.027398731,0.525759531,0.879084071
KRAS,PDvsCTL,0.033652386,0.416932448,0.825113089
SEC22B,PDvsCTL,0.122614441,0.244496153,0.72402669
NSF,PDvsCTL,0.068989855,0.227323974,0.71334414
SPAG7,PDvsCTL,-0.145525414,0.360422167,0.797140295
CLUH,PDvsCTL,-0.051575449,0.819885648,0.965590693
CIC,PDvsCTL,0.400395667,0.16773248,0.660658683
EPN2,PDvsCTL,0.201338671,0.384792681,0.806572182
ATPAF1,PDvsCTL,0.094697417,0.115133662,0.602177396
ACTG1,PDvsCTL,0.311845402,0.440723438,0.838612574
ND5,PDvsCTL,0.229759585,0.279829568,0.749289915
MIF,PDvsCTL,0.03983304,0.532407847,0.88033421
C6orf57,PDvsCTL,-0.02197417,0.857951532,0.973229045
WWC3,PDvsCTL,0.074781533,0.850513246,0.97091601
ASPHD1,PDvsCTL,0.645276085,0.422402318,0.827080454
ZNF428,PDvsCTL,0.117606777,0.327203358,0.781658505
FAM98A,PDvsCTL,-0.086490341,0.352056139,0.7945833
EPN3,PDvsCTL,-0.248421055,0.125851386,0.610880748
PSMD9,PDvsCTL,0.074945666,0.292082253,0.760993924
AKAP7,PDvsCTL,0.164610085,0.275565698,0.748382178
TPM3,PDvsCTL,-0.203184688,0.593649226,0.91000949
GTF2A1,PDvsCTL,0.090020374,0.46875307,0.852968781
CCS,PDvsCTL,0.106611812,0.106832314,0.591793136
RGMB,PDvsCTL,-0.144198196,0.312353352,0.774885071
CYB5B,PDvsCTL,0.02144051,0.684704804,0.934196065
SEC16A,PDvsCTL,0.082730635,0.478045093,0.852968781
PARVA,PDvsCTL,-0.001900478,0.980942724,0.99875356
AGTPBP1,PDvsCTL,0.03945701,0.659318924,0.926265824
ITGA7,PDvsCTL,0.090526996,0.365749151,0.798359152
PHACTR2,PDvsCTL,0.013646599,0.93573307,0.989573926
ARL13A,PDvsCTL,0.322469171,0.602407245,0.911850866
SIK3,PDvsCTL,-0.049160622,0.403202609,0.818129794
HECTD4,PDvsCTL,-0.071369308,0.11439468,0.602177396
APBB1,PDvsCTL,0.008803037,0.896159315,0.979497638
DNAJB12,PDvsCTL,0.077148777,0.107037796,0.591793136
OLA1,PDvsCTL,0.052404893,0.251892773,0.72882732
SYT1,PDvsCTL,0.088591339,0.747051549,0.947714602
SLC25A36,PDvsCTL,-0.183224036,0.008805468,0.276362116
MTUS2,PDvsCTL,-0.071236693,0.620222836,0.915669924
CEP170B,PDvsCTL,0.006750071,0.914855319,0.985415021
CCDC12,PDvsCTL,-0.071309372,0.872388991,0.974767052
OTUB1,PDvsCTL,-0.027774727,0.57175801,0.89953092
TBCD,PDvsCTL,-0.1033405,0.097836741,0.574950716
SMG1,PDvsCTL,-0.131355077,0.152816563,0.639951682
CDH8,PDvsCTL,-0.117806047,0.302173162,0.76710157
SLC39A11,PDvsCTL,-0.942462436,0.02838655,0.409421899
MRPL58,PDvsCTL,-0.259806716,0.036416878,0.440987543
MSL1,PDvsCTL,-0.036739764,0.787907565,0.959553537
SRSF1,PDvsCTL,0.024516236,0.73025468,0.944362593
CHERP,PDvsCTL,-0.072983091,0.260598348,0.736119173
SCO1,PDvsCTL,0.050603749,0.60773636,0.912996187
SCRN2,PDvsCTL,-0.075591638,0.575912421,0.901727915
FLOT2,PDvsCTL,0.507100997,0.251705051,0.72882732
SNRPD1,PDvsCTL,0.080294369,0.462804179,0.85047059
STARD3,PDvsCTL,-0.296408445,0.25874098,0.73417115
ALDH3A2,PDvsCTL,0.151564005,0.019850163,0.365171927
ZNF207,PDvsCTL,0.213384712,0.148856797,0.635930742
CHCHD6,PDvsCTL,-0.065927703,0.33495851,0.787025807
C17orf75,PDvsCTL,-0.126663608,0.041000743,0.459374371
EIF3A,PDvsCTL,0.021385647,0.4924791,0.860587345
CUL4B,PDvsCTL,0.14416287,0.000572008,0.137148348
CLUH,PDvsCTL,-0.067591009,0.237039819,0.719506203
KATNAL2,PDvsCTL,0.064694282,0.099716216,0.579368932
NUDT16L1,PDvsCTL,-0.046770728,0.620333594,0.915669924
ACTN4,PDvsCTL,-0.044330552,0.643099057,0.921109422
SYT5,PDvsCTL,0.056324669,0.806423511,0.962595882
GFAP,PDvsCTL,0.530341503,0.285866276,0.755169101
FAM210A,PDvsCTL,0.004964363,0.96784828,0.998097875
SLC7A10,PDvsCTL,0.044154603,0.913300964,0.985415021
GFAP,PDvsCTL,0.389933425,0.18900954,0.685946326
FXYD7,PDvsCTL,-0.127166737,0.311074245,0.774885071
OLFM2,PDvsCTL,0.05124061,0.54534971,0.88648598
EIF3G,PDvsCTL,-0.048345411,0.552812996,0.890368087
RPS15,PDvsCTL,-0.100104928,0.202464662,0.694074586
TLE5,PDvsCTL,-0.206160088,0.068165844,0.514537377
EIF1,PDvsCTL,-0.032065759,0.699282275,0.938994102
PURG,PDvsCTL,-0.232856808,0.028202563,0.409421899
TRMT11,PDvsCTL,-0.193528592,0.151028218,0.638491903
RBM42,PDvsCTL,0.112395936,0.278828056,0.749289915
C19orf12,PDvsCTL,-0.095807702,0.553520204,0.890908665
KIAA0100,PDvsCTL,-0.026614869,0.826115055,0.967594947
NSF,PDvsCTL,-0.197438493,0.287898226,0.75618683
FXYD1,PDvsCTL,0.255946578,0.08890075,0.561494319
DCAKD,PDvsCTL,-0.377446624,0.080907273,0.544755831
COX2,PDvsCTL,-0.519905667,0.504198562,0.867679795
HSP90AA1,PDvsCTL,0.112707754,0.108220029,0.595582761
TMEM70,PDvsCTL,0.078941566,0.273387956,0.748382178
ASDURF,PDvsCTL,0.148442787,0.178108667,0.670320336
EDARADD,PDvsCTL,0.251989726,0.511843492,0.871208258
PIK3C2A,PDvsCTL,-0.148679242,0.214282678,0.705273564
PRKCA,PDvsCTL,0.071539745,0.087415376,0.55937766
MAPK3,PDvsCTL,0.149121518,0.023537468,0.387845416
APP,PDvsCTL,-0.048501959,0.949958394,0.993175977
SARS2,PDvsCTL,0.027762615,0.722744493,0.944362593
FBL,PDvsCTL,0.040862395,0.521715239,0.876896824
HOMER3,PDvsCTL,0.073643205,0.625229263,0.917075874
GMFG,PDvsCTL,0.235206486,0.237320869,0.719506203
GMFG,PDvsCTL,0.093271379,0.199394807,0.692322457
TUBB4A,PDvsCTL,-0.120749721,0.63902816,0.91992743
RPL13A,PDvsCTL,-0.020084159,0.8004327,0.960946092
AP2S1,PDvsCTL,0.018853197,0.769035573,0.954903131
GRAMD1A,PDvsCTL,0.114353639,0.429105429,0.830958075
SLC1A6,PDvsCTL,0.34438834,0.039777108,0.456781384
STXBP2,PDvsCTL,0.021075613,0.912493844,0.985415021
GOLGA7B,PDvsCTL,0.059036495,0.555025359,0.892332903
CLPP,PDvsCTL,-0.009077889,0.931527091,0.988270555
RPS16,PDvsCTL,-0.129922456,0.021393451,0.379775541
EMC10,PDvsCTL,-0.206437002,0.107734354,0.593818549
YJU2,PDvsCTL,0.285809886,0.121626198,0.610340009
RABAC1,PDvsCTL,0.256133189,0.194767139,0.689246675
OLFML3,PDvsCTL,0.276531791,0.450812472,0.846337892
SDC4-ROS1_S4;R34,PDvsCTL,0.070596785,0.745249202,0.947154972
PIEZO1,PDvsCTL,-0.128319978,0.685477842,0.934683525
PRKN,PDvsCTL,-0.132398708,0.029660167,0.409421899
CSNK2B,PDvsCTL,0.019654833,0.67688407,0.930613414
AGPS,PDvsCTL,-0.052871997,0.287754301,0.75618683
PDLIM1,PDvsCTL,0.022088278,0.929824383,0.987283324
MYO1C,PDvsCTL,0.013273102,0.907573209,0.983860223
GTPBP1,PDvsCTL,-0.081422771,0.218352675,0.707389205
STXBP3,PDvsCTL,-0.047853611,0.55974787,0.894628979
C11orf58,PDvsCTL,0.198267757,0.253700944,0.730613348
RAB27B,PDvsCTL,0.299643856,0.031040458,0.415016864
NDUFS8,PDvsCTL,-0.003372541,0.963739496,0.997004477
PSMD11,PDvsCTL,-0.026228332,0.449528013,0.845789955
PGRMC1,PDvsCTL,0.072180937,0.231690713,0.719044476
HIP1,PDvsCTL,-0.222880944,0.132055211,0.619674029
CLIC1,PDvsCTL,-0.101204841,0.342789783,0.78814795
PDHX,PDvsCTL,-0.019215796,0.755619555,0.951535619
DCTN6,PDvsCTL,-0.151885772,0.090471533,0.564822733
SLC33A1,PDvsCTL,0.660372199,0.273670678,0.748382178
WASL,PDvsCTL,0.166753796,0.013769035,0.3251386
PDE2A,PDvsCTL,-0.003455274,0.970507193,0.998466092
SAP18,PDvsCTL,0.058986962,0.336999096,0.787025807
GFRA2,PDvsCTL,0.039159939,0.64401754,0.922057756
AGRN,PDvsCTL,-0.005563076,0.913303248,0.985415021
FAAH,PDvsCTL,-0.062740143,0.667954912,0.929165064
CHL1,PDvsCTL,0.058662208,0.278780731,0.749289915
KPNA4,PDvsCTL,0.02482844,0.637950535,0.91992743
PDXK,PDvsCTL,0.059306798,0.147766169,0.635930742
PLPP3,PDvsCTL,-0.01869443,0.817841716,0.965588897
ADGRB1,PDvsCTL,-0.027896634,0.753822808,0.950596961
C2CD2L,PDvsCTL,-0.102752668,0.051377283,0.477257596
TXNDC9,PDvsCTL,-0.187554482,0.162988283,0.656188822
DPYSL4,PDvsCTL,0.022538618,0.708156824,0.94132126
COX7A2L,PDvsCTL,0.038461745,0.606776553,0.912627525
NDUFAB1,PDvsCTL,0.067788029,0.366939631,0.798365629
DYNC1I1,PDvsCTL,0.083961598,0.140391128,0.625778733
CIT,PDvsCTL,0.079039404,0.308800551,0.774020273
AP3D1,PDvsCTL,-0.05774518,0.292436092,0.760993924
ABLIM1,PDvsCTL,0.156075498,0.031333348,0.415016864
DVL1,PDvsCTL,-0.289391536,0.18387921,0.678953724
TOR1B,PDvsCTL,0.181980462,0.10400163,0.586842844
ENC1,PDvsCTL,-0.157216692,0.633527748,0.918560781
MAP2K7,PDvsCTL,-0.334046789,0.104528583,0.586842844
PTE1,PDvsCTL,0.134656534,0.024136793,0.387845416
PDCD5,PDvsCTL,0.06778418,0.242493732,0.723212931
SLC9A3R1,PDvsCTL,-0.008685374,0.891335667,0.978743202
TCERG1,PDvsCTL,0.043281641,0.390089248,0.809044942
MRAS,PDvsCTL,0.035270242,0.626982022,0.917318915
RASGRF2,PDvsCTL,0.073035271,0.354878878,0.795711898
SCAMP3,PDvsCTL,0.170416494,0.061484411,0.499725839
IFIT3,PDvsCTL,-0.063073629,0.786351237,0.959008827
TAX1BP3,PDvsCTL,0.171393198,0.471969632,0.852968781
LIN7A,PDvsCTL,0.001986006,0.979144426,0.99875356
PCDH17,PDvsCTL,0.040836774,0.759560987,0.952509811
RGS12,PDvsCTL,-0.202115768,0.041286444,0.460588669
TIMM23,PDvsCTL,-0.006225855,0.919594283,0.98558343
UBE2L6,PDvsCTL,-0.020655903,0.924390936,0.986791046
PLD2,PDvsCTL,-0.211118899,0.25521464,0.731378049
UQCRQ,PDvsCTL,-0.058300545,0.385547196,0.806878378
UQCR11,PDvsCTL,-0.016902336,0.832597669,0.967871303
RAB29,PDvsCTL,-0.084271989,0.35933882,0.797140295
VPS26C,PDvsCTL,-0.096409888,0.192260639,0.688902426
GAK,PDvsCTL,-0.025675566,0.460118534,0.85047059
HNRNPDL,PDvsCTL,0.167789975,0.724809878,0.944362593
XPO1,PDvsCTL,-0.037830152,0.354849528,0.795711898
PIP5K1B,PDvsCTL,0.45614459,0.002043358,0.167021269
SPTBN2,PDvsCTL,0.009032235,0.870233808,0.974767052
PLXNB2,PDvsCTL,-0.087188674,0.098725113,0.576872247
RIMBP2,PDvsCTL,0.015313603,0.881676329,0.974926647
TECPR2,PDvsCTL,-0.009917498,0.916165281,0.985415021
U2SURP,PDvsCTL,0.081014579,0.492926437,0.860587345
SYNJ2,PDvsCTL,-0.325730709,0.057602407,0.487709551
SYNM,PDvsCTL,0.062872574,0.644914728,0.922974858
KIF3B,PDvsCTL,-0.037293684,0.428813598,0.830958075
MCF2L,PDvsCTL,0.101726526,0.269944888,0.746812915
NACAD,PDvsCTL,-0.127480637,0.080742071,0.544755831
SNPH,PDvsCTL,0.116698192,0.040280444,0.458356289
ERC2,PDvsCTL,-0.053109186,0.560627543,0.894628979
ARHGEF11,PDvsCTL,0.020290832,0.77184043,0.955546955
SCAMP1,PDvsCTL,0.091163486,0.186294917,0.684731395
ARPC2,PDvsCTL,-0.018153178,0.69330452,0.936527639
PGRMC2,PDvsCTL,0.127712387,0.041458894,0.460588669
PFDN6,PDvsCTL,0.046190655,0.258518392,0.733829043
LAMA5,PDvsCTL,-0.065060876,0.661287456,0.926532259
VGF,PDvsCTL,-0.316167422,0.120525779,0.608396051
CLIC2,PDvsCTL,0.020804277,0.91265136,0.985415021
RER1,PDvsCTL,-0.222821608,0.036744988,0.442783145
SURF4,PDvsCTL,-0.169070592,0.118419358,0.608396051
GPR37,PDvsCTL,-0.025979745,0.945085688,0.992702468
INPPL1,PDvsCTL,0.02749167,0.868129653,0.974767052
EIF3D,PDvsCTL,0.051658962,0.317387376,0.776480672
STX7,PDvsCTL,0.197189668,7.36e-05,0.066169898
ABCC4,PDvsCTL,-0.389081946,0.060926844,0.498064151
ARPC5,PDvsCTL,0.011477059,0.852799529,0.971764848
PDPK1,PDvsCTL,0.078328879,0.077527692,0.536192302
FABP7,PDvsCTL,0.117479739,0.221913288,0.709716357
HLA-Bw62.3,PDvsCTL,0.069716619,0.615683913,0.914966069
DHX15,PDvsCTL,0.080970829,0.161145853,0.653368374
SGSM2,PDvsCTL,-0.051319849,0.950631748,0.993275419
ZZEF1,PDvsCTL,-0.096417783,0.081546112,0.546146354
ASAP2,PDvsCTL,-0.117899835,0.168205005,0.660658683
TTI1,PDvsCTL,0.130087785,0.218933157,0.707389205
PLXNB1,PDvsCTL,-0.005568417,0.946937925,0.992959485
PJA2,PDvsCTL,-0.011327276,0.96717191,0.998097875
PHGDH,PDvsCTL,0.072561883,0.468473445,0.852968781
SEPTIN4,PDvsCTL,-0.071590965,0.484529846,0.856109846
PSMD3,PDvsCTL,-0.011648318,0.690268358,0.936187505
RBFOX2,PDvsCTL,0.094882134,0.233957302,0.719501899
PAPSS1,PDvsCTL,-0.145770415,0.255841762,0.732008668
hRED1,PDvsCTL,-0.277672351,0.247958807,0.727523224
MAP3K13,PDvsCTL,-0.058008565,0.734845399,0.944552143
SART1,PDvsCTL,0.074743189,0.401640743,0.817151428
SRGAP3,PDvsCTL,0.071318374,0.163377034,0.656437897
LRRTM2,PDvsCTL,0.061688298,0.571290372,0.899188544
HSPA12A,PDvsCTL,-0.011363202,0.811616959,0.963901736
EEF1E1,PDvsCTL,-0.028825758,0.641787539,0.921109422
MSI1,PDvsCTL,0.075475776,0.448868172,0.844990516
TPD52L2,PDvsCTL,0.145442774,0.03208479,0.419610714
EMC8,PDvsCTL,-0.164481918,0.052426476,0.47795138
GRID2,PDvsCTL,-0.055668319,0.913115558,0.985415021
PPIH,PDvsCTL,-0.086217234,0.417548143,0.825113089
HTRA2,PDvsCTL,-0.04240292,0.526369122,0.879117124
AKR7A2,PDvsCTL,-0.034605376,0.693298329,0.936527639
EPB41L2,PDvsCTL,-0.043812193,0.653562497,0.924703885
LAMTOR5,PDvsCTL,-0.077697033,0.872966515,0.974767052
FOXO3,PDvsCTL,-0.019017612,0.924562241,0.986791046
KCNQ2,PDvsCTL,-0.108435472,0.295048754,0.762040039
SYT7,PDvsCTL,0.057564141,0.479352023,0.852968781
DNPH1,PDvsCTL,0.145427188,0.047874481,0.475502257
TRAPPC3,PDvsCTL,0.068001451,0.128855072,0.615818116
PLRG1,PDvsCTL,0.140137067,0.108675168,0.596174862
RGS10,PDvsCTL,0.110020033,0.417934696,0.825113089
NDUFC1,PDvsCTL,-0.136865176,0.328576124,0.783008023
NDUFA2,PDvsCTL,0.010799078,0.876519515,0.974767052
TRIAP1,PDvsCTL,0.273652233,0.139599353,0.625713967
GATC,PDvsCTL,-0.123936168,0.323744808,0.779884394
HTATSF1,PDvsCTL,0.067055666,0.133124181,0.619869221
PRKAB2,PDvsCTL,0.194830401,0.014180345,0.32602109
STX6,PDvsCTL,0.060733332,0.734321782,0.944362593
SYNGR3,PDvsCTL,0.041277546,0.710438962,0.94132126
SGTA,PDvsCTL,-0.040246389,0.554512094,0.891906417
SLC25A20,PDvsCTL,-0.192447945,0.006128575,0.245113166
NARS1,PDvsCTL,-0.078376482,0.132099556,0.619674029
STRN,PDvsCTL,0.088283124,0.079754206,0.542848097
RRP9,PDvsCTL,0.169333545,0.508301784,0.869482323
SCO2,PDvsCTL,0.139132378,0.119488753,0.608396051
AKAP8,PDvsCTL,-0.243405632,0.252818561,0.730613348
PDE4C,PDvsCTL,-0.261576259,0.293883915,0.761187034
EDIL3,PDvsCTL,0.029437875,0.860246236,0.973419552
CD5L,PDvsCTL,-0.360065579,0.307599631,0.773613309
KIF1C,PDvsCTL,0.213909676,0.431832095,0.831415486
NDUFS5,PDvsCTL,0.106400839,0.246592104,0.727523224
PDE6D,PDvsCTL,-0.058936001,0.379526371,0.803565371
TIMM8A,PDvsCTL,-0.065079348,0.514916386,0.873948458
PCDH7,PDvsCTL,0.076911385,0.321827103,0.778775282
GNG7,PDvsCTL,0.063839193,0.313930938,0.774885071
KIAA0513,PDvsCTL,0.045286229,0.554959616,0.892332903
KIF5C,PDvsCTL,-0.105979042,0.005194228,0.238296368
LZTS3,PDvsCTL,0.004503924,0.95281475,0.993501102
MAST3,PDvsCTL,-0.054409312,0.462696614,0.85047059
OPA1,PDvsCTL,0.008618597,0.872827913,0.974767052
PIP5K1C,PDvsCTL,0.008296932,0.872433238,0.974767052
KDM1A,PDvsCTL,0.085077334,0.486140699,0.857271402
TBC1D4,PDvsCTL,0.139384491,0.074220638,0.53227223
PHLPP1,PDvsCTL,-0.090396207,0.738496023,0.94622001
BRINP1,PDvsCTL,-0.066138126,0.454290362,0.848755994
PLXNC1,PDvsCTL,-0.109114225,0.291917544,0.760993924
ACSL4,PDvsCTL,-0.21408155,0.002284897,0.173427036
SNX3,PDvsCTL,-0.10580018,0.160721133,0.652971057
OGA,PDvsCTL,-0.054773346,0.412793654,0.823002938
ADCY9,PDvsCTL,0.169823044,0.02532441,0.390898034
RANBP6,PDvsCTL,-0.076512679,0.141076003,0.625778733
NEMF,PDvsCTL,-0.020077503,0.835816219,0.967871303
GMDS,PDvsCTL,-0.022423066,0.649696468,0.923458872
PLOD3,PDvsCTL,0.328000136,0.09984704,0.579660821
PDE8A,PDvsCTL,-0.10281883,0.696114566,0.937317873
UGDH,PDvsCTL,0.304384946,0.250635224,0.728340096
CTNND1,PDvsCTL,-0.074115019,0.164879398,0.659242639
HCN1,PDvsCTL,0.010833362,0.88811667,0.977638406
SNX2,PDvsCTL,-0.004731827,0.903677276,0.981747567
TOM1,PDvsCTL,0.105565167,0.062821071,0.505449627
PFKFB2,PDvsCTL,-0.041349251,0.615332793,0.914966069
TIMM17B,PDvsCTL,-0.285534633,0.377697994,0.803565371
DKC1,PDvsCTL,0.032442144,0.647806356,0.923458872
GAS7,PDvsCTL,0.031372408,0.63720956,0.91992743
EDF1,PDvsCTL,0.097399903,0.124143472,0.610880748
GPR37L1,PDvsCTL,-0.004842433,0.95199864,0.993501102
CUTA,PDvsCTL,0.111360537,0.022660557,0.386009926
OPHN1,PDvsCTL,0.072677344,0.391691177,0.810306195
PFDN1,PDvsCTL,0.031105717,0.434015273,0.832943399
SCN2B,PDvsCTL,0.044950056,0.498016833,0.863959876
KIF21B,PDvsCTL,-0.158706267,0.104110553,0.586842844
PLCH2,PDvsCTL,-0.302227808,0.01634039,0.342363943
PLXNA2,PDvsCTL,-0.051364371,0.399540162,0.815833305
IGSF3,PDvsCTL,0.245050852,0.115679058,0.603393376
DENND4B,PDvsCTL,0.035987211,0.570483329,0.898540652
WDR1,PDvsCTL,-0.071525612,0.213242479,0.703925265
SLIT1,PDvsCTL,-0.016454828,0.874442981,0.974767052
N4BP1,PDvsCTL,0.170863644,0.053153726,0.480320039
ROCK2,PDvsCTL,0.002729879,0.940265878,0.991084512
COBL,PDvsCTL,0.014884182,0.863728941,0.973966741
ASTN2,PDvsCTL,0.117165123,0.513240364,0.872751286
DEPDC5,PDvsCTL,0.172642532,0.356460685,0.796919125
PPFIA3,PDvsCTL,-0.004532837,0.936874842,0.98985616
HIP1R,PDvsCTL,-0.021800451,0.67248796,0.92969554
CAND2,PDvsCTL,-0.166719268,0.096340421,0.572305833
TSC22D2,PDvsCTL,-0.033353797,0.60966987,0.914191997
DNAJC13,PDvsCTL,0.041400611,0.463844299,0.85110359
PPP6R2,PDvsCTL,0.03321762,0.441728172,0.839458584
SIN3B,PDvsCTL,-0.231622,0.215587581,0.706801034
DNAJB6,PDvsCTL,0.021046287,0.770349238,0.955510594
NDUFS2,PDvsCTL,0.000784016,0.993120735,0.999372895
USP12,PDvsCTL,-0.29576422,0.385220281,0.806572182
NIPSNAP2,PDvsCTL,0.021377925,0.683494453,0.933252771
SNN,PDvsCTL,0.370814165,0.012271859,0.313923431
SEMA7A,PDvsCTL,-0.024257315,0.810790952,0.963901736
PPFIA4,PDvsCTL,0.171142342,0.008341921,0.27216851
PDCD6,PDvsCTL,0.021382433,0.751935757,0.949890042
ENTPD3,PDvsCTL,0.351296528,0.199455389,0.692322457
PTP4A3,PDvsCTL,-0.240787468,0.183648,0.678469474
MACROH2A1,PDvsCTL,-0.057605583,0.267075888,0.744379049
SH3BGRL,PDvsCTL,0.125103533,0.056772965,0.486264282
FLNB,PDvsCTL,0.013381643,0.893709809,0.979070091
VAMP4,PDvsCTL,0.269351469,0.43321438,0.832363619
NDUFS6,PDvsCTL,0.059511222,0.422750363,0.827080454
PEX14,PDvsCTL,0.237629748,0.003377944,0.205637117
ULK1,PDvsCTL,-0.048961508,0.762098365,0.952549632
SEC22B,PDvsCTL,0.060690535,0.159879115,0.65156401
PRPF40A,PDvsCTL,-0.112966286,0.068025772,0.514537377
TACC1,PDvsCTL,-0.026950781,0.618871781,0.915325868
GIGYF1,PDvsCTL,0.037418706,0.870120024,0.974767052
MTX2,PDvsCTL,-0.106337696,0.092891443,0.568653745
VPS26A,PDvsCTL,0.060502913,0.124576974,0.610880748
PSIP1,PDvsCTL,0.024026059,0.724834502,0.944362593
GPC4,PDvsCTL,0.003273929,0.984649496,0.99875356
NDUFS3,PDvsCTL,-0.02290843,0.76755921,0.954373967
HSBP1,PDvsCTL,-0.033817784,0.541422872,0.884729623
CLDN11,PDvsCTL,-0.266207047,0.376903526,0.803177835
KHDRBS3,PDvsCTL,-0.046559501,0.555541319,0.892452364
SF3B1,PDvsCTL,-0.061290455,0.274402903,0.748382178
DAB1,PDvsCTL,0.176529896,0.439409132,0.837485396
PRKRA,PDvsCTL,-0.0007921,0.990912194,0.99875356
RPS6KA5,PDvsCTL,0.315076133,0.017742835,0.349852404
MYCBP2,PDvsCTL,0.023388162,0.693291276,0.936527639
GCAT,PDvsCTL,-0.097228382,0.759542729,0.952509811
SNRNP200,PDvsCTL,-0.008789837,0.861704697,0.973419552
TIPRL,PDvsCTL,0.019410835,0.738301673,0.94622001
ADAP1,PDvsCTL,-0.128986083,0.056632392,0.486264282
CBR3,PDvsCTL,0.12241614,0.341379116,0.788076282
PSMD10,PDvsCTL,-0.080514819,0.131382783,0.618613047
AP1G2,PDvsCTL,-0.177741714,0.460444433,0.85047059
ZMPSTE24,PDvsCTL,-0.011972448,0.805847583,0.962595882
PPP1R37,PDvsCTL,-0.06493465,0.661311917,0.926532259
IDH1,PDvsCTL,0.0208543,0.701219859,0.939268984
GATB,PDvsCTL,-0.327247463,0.077508582,0.536192302
CYP7B1,PDvsCTL,-0.553980177,0.042761628,0.463009018
RBBP9,PDvsCTL,0.077112394,0.468582185,0.852968781
STAM2,PDvsCTL,-0.028224246,0.423496721,0.827080454
ALDH1L1,PDvsCTL,0.122247408,0.118109441,0.608132575
TUSC2,PDvsCTL,0.139403403,0.329186162,0.783273591
DGAT1,PDvsCTL,-0.113820148,0.48821526,0.858736279
DCTN3,PDvsCTL,-0.091421627,0.395563783,0.813678139
DNAJC8,PDvsCTL,-0.028927384,0.617996849,0.915325868
SMNDC1,PDvsCTL,0.26224458,0.049795022,0.475502257
ACON,PDvsCTL,-0.140197624,0.181379054,0.676072912
ATP5PD,PDvsCTL,-0.074562763,0.461648163,0.85047059
FLOT1,PDvsCTL,0.079396709,0.405366075,0.820196394
TRIO,PDvsCTL,0.000924562,0.986153245,0.99875356
MPDZ,PDvsCTL,8.54e-05,0.999160747,0.999608014
CPD,PDvsCTL,0.025453538,0.712886946,0.94132126
SCGN,PDvsCTL,-0.032519811,0.89421479,0.979070091
CDKL5,PDvsCTL,0.161007815,0.123857641,0.610880748
NEBL,PDvsCTL,0.140967054,0.023984152,0.387845416
SNCG,PDvsCTL,0.090405232,0.304028176,0.769213742
CIAO1,PDvsCTL,-0.111579789,0.139078128,0.625713967
SRP72,PDvsCTL,0.075442942,0.223174678,0.709716357
JTB,PDvsCTL,0.028724887,0.935667653,0.989573926
LY6H,PDvsCTL,-0.083637696,0.463681226,0.85110359
ACTL6B,PDvsCTL,-0.051208803,0.632251043,0.918560781
TPPP,PDvsCTL,0.127947405,0.038018291,0.449778899
BAIAP3,PDvsCTL,0.024419506,0.887405674,0.977366934
KBTBD11,PDvsCTL,0.025075165,0.560901529,0.894628979
LTN1,PDvsCTL,0.132069242,0.439274702,0.837451081
TOMM70,PDvsCTL,0.042885456,0.427363868,0.829921247
DDHD2,PDvsCTL,0.085458592,0.192884351,0.688902426
MYO1D,PDvsCTL,-0.32570266,0.218099824,0.707389205
UFL1,PDvsCTL,-0.043413429,0.430448391,0.831198732
SORBS2,PDvsCTL,0.043099075,0.651000457,0.923458872
SASH1,PDvsCTL,0.147606274,0.048780779,0.475502257
FARP2,PDvsCTL,0.18027532,0.305759571,0.771639275
UBXN7,PDvsCTL,0.095114376,0.303596726,0.768412256
PRPF6,PDvsCTL,-0.08977208,0.59782058,0.911217644
ADGRL1,PDvsCTL,0.072421163,0.232414379,0.719044476
ABCA8,PDvsCTL,-0.045064757,0.714647513,0.941659264
FRYL,PDvsCTL,-0.049430389,0.701521615,0.939323339
ENDOD1,PDvsCTL,-0.010312878,0.922954425,0.986713068
CDK14,PDvsCTL,0.100365498,0.308430705,0.773878221
SLITRK3,PDvsCTL,0.175236044,0.352540443,0.794679851
RHOBTB3,PDvsCTL,-0.433865825,0.004611627,0.231968083
SOGA1,PDvsCTL,0.055702738,0.849863338,0.970636233
CLSTN1,PDvsCTL,0.103448363,0.153518108,0.641881133
SLITRK5,PDvsCTL,0.275869058,0.046784931,0.475502257
DIRAS1,PDvsCTL,-0.060921238,0.34025677,0.787549298
SFRS15,PDvsCTL,0.122562129,0.120369961,0.608396051
NDUFB6,PDvsCTL,0.014884048,0.838386394,0.968556456
MFN2,PDvsCTL,-0.010291238,0.851458852,0.97137883
AKR7A3,PDvsCTL,0.222241039,0.203304213,0.694074586
UBE4B,PDvsCTL,-0.107214792,0.108546308,0.596174862
ELP1,PDvsCTL,-0.132534989,0.042221556,0.462273864
NDUFA3,PDvsCTL,-0.022806838,0.83258093,0.967871303
NDUFB4,PDvsCTL,0.025595273,0.843612092,0.969250372
NDUFB8,PDvsCTL,-0.029858436,0.70101641,0.939268984
NDUFA7,PDvsCTL,0.019092441,0.804740919,0.962408324
VAMP5,PDvsCTL,0.136589823,0.370310248,0.799747013
CSPG5,PDvsCTL,0.241464878,0.136334587,0.622637893
LETM1,PDvsCTL,-0.048869391,0.380032376,0.803565371
ZRANB2,PDvsCTL,0.184030935,0.05190562,0.477677524
SNX4,PDvsCTL,-0.01593671,0.815156176,0.964536663
KCNH1,PDvsCTL,-0.024513441,0.770180899,0.955486583
PDE8B,PDvsCTL,0.210685121,0.148779369,0.635930742
EPM2A,PDvsCTL,0.071365253,0.379751513,0.803565371
VAPB,PDvsCTL,0.100937003,0.077175975,0.53531995
SNAPIN,PDvsCTL,0.10934347,0.13979179,0.625713967
FARS2,PDvsCTL,0.064480543,0.777492944,0.957242988
IPO7,PDvsCTL,-0.189560994,0.006251114,0.245113166
ARIH2,PDvsCTL,0.067847028,0.641946507,0.921109422
PGM3,PDvsCTL,-0.081166924,0.456438343,0.850287172
MOCS3,PDvsCTL,0.121177019,0.579879436,0.902742462
RAPGEF3,PDvsCTL,0.215080396,0.293266119,0.761187034
SVIL,PDvsCTL,0.142693978,0.547876277,0.888785309
PAPLN,PDvsCTL,0.158908584,0.370354851,0.799747013
AHSA1,PDvsCTL,0.088083824,0.17029834,0.660658683
FMNL1,PDvsCTL,-0.044765133,0.524208035,0.878115602
SGPL1,PDvsCTL,-0.094926763,0.514634156,0.873675593
H6PD,PDvsCTL,-0.165292774,0.267870725,0.744798656
SEC24B,PDvsCTL,-0.013803123,0.813082488,0.963901736
PCNT,PDvsCTL,-0.015301814,0.917271855,0.985415021
ADCY5,PDvsCTL,-0.406552593,0.090695156,0.564822733
NTN1,PDvsCTL,0.11889785,0.674252013,0.930086683
ATP6V1G2,PDvsCTL,0.008141788,0.896117471,0.979497638
ASMTL,PDvsCTL,-0.031726959,0.850425151,0.97091601
HERC2,PDvsCTL,-0.049157744,0.521619087,0.876896824
SNAP29,PDvsCTL,-0.010532988,0.864891674,0.974319256
CPNE6,PDvsCTL,-0.050195529,0.586465566,0.905937025
AP2A1,PDvsCTL,-0.000871807,0.985307284,0.99875356
BAG3,PDvsCTL,0.058974028,0.647510909,0.923458872
MLYCD,PDvsCTL,0.122421882,0.005326564,0.239523765
CRYZL1,PDvsCTL,0.053973523,0.267381218,0.744431585
AIFM1,PDvsCTL,0.031468218,0.570753822,0.898540652
EML2,PDvsCTL,-0.02650213,0.764900135,0.952549632
NUDT14,PDvsCTL,-0.284605112,0.016695128,0.342780806
TSPAN15,PDvsCTL,0.100754379,0.640455688,0.920991156
BPNT1,PDvsCTL,0.010908593,0.813895187,0.963996061
DDAH2,PDvsCTL,-0.038719925,0.71918739,0.943578274
TXNDC12,PDvsCTL,-0.060049002,0.419696529,0.825580423
DLGAP3,PDvsCTL,-0.010091252,0.933172129,0.988896181
NUDT3,PDvsCTL,0.181919812,0.038963126,0.453498003
APC2,PDvsCTL,0.111866797,0.517127303,0.874811075
TOMM40,PDvsCTL,-0.007330758,0.922225669,0.986419134
LDHA,PDvsCTL,0.009241899,0.830878447,0.967871303
ALDH1A1,PDvsCTL,-0.198485772,0.099489826,0.578520874
GSR,PDvsCTL,0.085822497,0.184023932,0.678953724
SOD1,PDvsCTL,0.218877549,0.023126706,0.386009926
F13A1,PDvsCTL,0.097964469,0.698343491,0.9384724
PNP,PDvsCTL,0.058971642,0.438679197,0.836786943
PGK1,PDvsCTL,0.127332135,0.006077382,0.245113166
AK1,PDvsCTL,0.181801231,0.001966306,0.165006153
F2,PDvsCTL,-0.207219788,0.190032077,0.687145203
HP,PDvsCTL,0.899932709,0.001772332,0.162779313
CA1,PDvsCTL,0.304586979,0.101480373,0.584795926
CA2,PDvsCTL,-0.123099852,0.40520302,0.820097165
ASS1,PDvsCTL,-0.098931524,0.352864269,0.794911585
A2M,PDvsCTL,-0.073517571,0.648711184,0.923458872
C3,PDvsCTL,0.042617415,0.797825433,0.959979649
C5,PDvsCTL,0.270167154,0.166904762,0.660658683
NRAS,PDvsCTL,-0.023062178,0.825763697,0.967455416
HRAS,PDvsCTL,0.008476652,0.861741034,0.973419552
FLJ00385,PDvsCTL,-0.079388498,0.842850989,0.969250372
IGHG4,PDvsCTL,0.897175222,0.112312942,0.599205839
COL1A1,PDvsCTL,0.168743578,0.781813244,0.958153435
LMNA,PDvsCTL,-0.036148199,0.734431301,0.944362593
SPTA1,PDvsCTL,0.189709876,0.248406242,0.727523224
APOA2,PDvsCTL,0.434465821,0.160989054,0.653368374
FGA,PDvsCTL,0.504390876,0.04464403,0.472937422
FGB,PDvsCTL,0.497668377,0.06928686,0.518066925
MBP,PDvsCTL,0.065275545,0.794766794,0.959645775
PMP2,PDvsCTL,-0.113215031,0.74482511,0.947061519
CRP,PDvsCTL,0.469669309,0.247725777,0.727523224
APCS,PDvsCTL,0.295268802,0.455553063,0.849716782
AMBP,PDvsCTL,-0.206451651,0.302233539,0.76710157
HEL-S-153w,PDvsCTL,-0.005655451,0.975889789,0.99875356
ALB,PDvsCTL,-0.283340949,0.11636514,0.6039482
HEL-S-51,PDvsCTL,0.161233672,0.31913415,0.777882733
TFRC,PDvsCTL,-1.125318605,0.388564524,0.809019452
TF,PDvsCTL,-0.432618722,0.004978344,0.234752697
HPX,PDvsCTL,0.175389237,0.41899818,0.825261202
FTL,PDvsCTL,0.015799769,0.922239494,0.986419134
MT2A,PDvsCTL,0.231180663,0.508416885,0.869482323
CAT,PDvsCTL,0.037905416,0.76925879,0.955001463
ALDOA,PDvsCTL,0.065368171,0.119593489,0.608396051
CSTB,PDvsCTL,0.199764612,0.024387475,0.387845416
ANXA1,PDvsCTL,-0.006799257,0.967809214,0.998097875
A1BG,PDvsCTL,-0.205647896,0.333836628,0.787025807
VWF,PDvsCTL,0.041065783,0.77376618,0.955658139
TUBB4A,PDvsCTL,-0.019966903,0.772921817,0.955658139
GAPDH,PDvsCTL,0.080828458,0.113415349,0.600733876
MT1E,PDvsCTL,0.246438434,0.196285704,0.690178854
MT1F,PDvsCTL,0.175883196,0.43469365,0.83380038
HSPB1,PDvsCTL,0.226666856,0.111727958,0.599205839
RPN1,PDvsCTL,-0.022731657,0.613470923,0.914927711
RPN2,PDvsCTL,0.040162223,0.484342617,0.855989297
GNAI2,PDvsCTL,-0.047470766,0.293837486,0.761187034
ATP1A1,PDvsCTL,0.001229195,0.979942956,0.99875356
ARG1,PDvsCTL,-0.327322743,0.20335421,0.694074586
ITGB2,PDvsCTL,0.303692406,0.020967412,0.376106222
S100A8,PDvsCTL,0.587645981,0.083666561,0.549433825
SLC25A5,PDvsCTL,-0.081716695,0.257707258,0.732393642
PCCA,PDvsCTL,0.051730478,0.273817508,0.748382178
EIF2S1,PDvsCTL,-0.027556489,0.424024824,0.827080454
HMGN2,PDvsCTL,-0.082020434,0.66424139,0.928300505
FGF1,PDvsCTL,-0.281140187,0.217887677,0.707389205
ICAM1,PDvsCTL,0.147469092,0.449307851,0.845596905
SCG5,PDvsCTL,-0.175712333,0.665535794,0.928924936
FABP3,PDvsCTL,0.082048597,0.280638856,0.749322648
SERPINA7,PDvsCTL,0.243846564,0.076088397,0.53531995
ITGB1,PDvsCTL,-0.107919355,0.220034922,0.707799059
CALB1,PDvsCTL,0.045245453,0.756955017,0.952228643
COL5A2,PDvsCTL,-0.052043636,0.928033549,0.987194231
UROD,PDvsCTL,0.029115442,0.762596393,0.952549632
INSR,PDvsCTL,0.017935145,0.797401556,0.959951363
FYN,PDvsCTL,-0.037077682,0.540655259,0.884451507
CCK,PDvsCTL,0.123224794,0.380725692,0.804217926
ATP5F1B,PDvsCTL,-0.008786771,0.917598789,0.985415021
S100A6,PDvsCTL,0.176763546,0.336503324,0.787025807
APOA4,PDvsCTL,-0.735099944,0.04818856,0.475502257
EIF4E,PDvsCTL,-4.42e-05,0.999265387,0.999608014
ENO1,PDvsCTL,-0.015707758,0.91887247,0.98558343
PYGL,PDvsCTL,0.03981096,0.636101248,0.91992743
GPI,PDvsCTL,0.293193331,0.009093219,0.276811271
EPHX1,PDvsCTL,0.108552011,0.287916339,0.75618683
DBI,PDvsCTL,-0.033494533,0.736520226,0.946033926
LDHB,PDvsCTL,0.126748484,0.003380758,0.205637117
NEFL,PDvsCTL,0.059546853,0.759228439,0.952509811
H1-0,PDvsCTL,-0.050689978,0.771445129,0.955546955
C8A,PDvsCTL,0.580673194,0.205683192,0.697209803
CAPN1,PDvsCTL,0.076352397,0.180163237,0.674982472
TUBB,PDvsCTL,0.012503237,0.81337751,0.963901736
CA3,PDvsCTL,0.263428297,0.469980118,0.852968781
DCN,PDvsCTL,-0.006849048,0.986091148,0.99875356
PFN1,PDvsCTL,-0.0695069,0.274712856,0.748382178
APRT,PDvsCTL,0.037429556,0.650836621,0.923458872
EPRS1,PDvsCTL,-0.033950511,0.381033601,0.804217926
UQCRH,PDvsCTL,0.052199941,0.444998671,0.841484549
LYN,PDvsCTL,-0.099923986,0.460689617,0.85047059
TPM2,PDvsCTL,0.048547171,0.849515932,0.970636233
CHRM4,PDvsCTL,0.432751782,0.001152615,0.156397195
SRPRA,PDvsCTL,0.018021292,0.857194915,0.973158362
ASNS,PDvsCTL,-0.32416335,0.012300277,0.313923431
SYP,PDvsCTL,-0.022334649,0.842617321,0.969250372
CTSG,PDvsCTL,0.0352401,0.897925265,0.979613365
HMBS,PDvsCTL,0.025701588,0.794787897,0.959645775
PLEK,PDvsCTL,-0.168418859,0.672434084,0.92969554
SNRPB2,PDvsCTL,0.028564653,0.829831194,0.967871303
MELTF,PDvsCTL,-0.585401182,0.034520361,0.434859817
NFIC,PDvsCTL,0.151398145,0.504588431,0.867679795
VIM,PDvsCTL,0.403714504,0.121003383,0.608476673
SERPINF2,PDvsCTL,-0.279532075,0.091632958,0.568203335
RPS17,PDvsCTL,-0.151742708,0.009521264,0.279023428
GNAI3,PDvsCTL,-0.041523862,0.611631542,0.914504787
ANXA5,PDvsCTL,0.025139487,0.848522494,0.970636233
ADRA2A,PDvsCTL,-0.168331901,0.195074123,0.689517528
ENO2,PDvsCTL,0.187407204,0.003844462,0.214958211
SRP19,PDvsCTL,0.01066954,0.844437949,0.969250372
GSTP1,PDvsCTL,0.291898411,0.000307859,0.112994965
LGALS1,PDvsCTL,0.048714885,0.526061364,0.879117124
RBP1,PDvsCTL,-0.070916706,0.465848712,0.851637161
GNAO1,PDvsCTL,-0.071055767,0.358145746,0.797140295
GSTM1,PDvsCTL,0.753627535,0.161405178,0.653368374
TPM1,PDvsCTL,0.194842352,0.757401818,0.952260806
CLTB,PDvsCTL,0.147113876,0.033393059,0.428157346
ANXA4,PDvsCTL,0.184776536,0.05570057,0.483337336
CNP,PDvsCTL,-0.203299516,0.429399578,0.830958075
PDGFRB,PDvsCTL,0.154054443,0.311606494,0.774885071
IFIT1,PDvsCTL,0.003996123,0.986181503,0.99875356
ALOX5,PDvsCTL,0.252501131,0.137537871,0.624130793
UCHL1,PDvsCTL,0.130670983,0.016368556,0.342363943
C4B_2,PDvsCTL,-0.156709687,0.64897597,0.923458872
H2AZ2,PDvsCTL,0.089158352,0.511823126,0.871208258
CLEC2L,PDvsCTL,-0.08504062,0.515771856,0.874368834
ELFN1,PDvsCTL,-0.454868576,0.038803271,0.453498003
JMJD7,PDvsCTL,-0.157520262,0.312887096,0.774885071
PNMA6A,PDvsCTL,0.115358105,0.379962161,0.803565371
ZNF547,PDvsCTL,0.127178599,0.396425564,0.814944007
SAA1,PDvsCTL,0.12285809,0.841296966,0.969250372
SAA2,PDvsCTL,0.161202062,0.85775393,0.973158362
TPBGL,PDvsCTL,-0.403765654,0.598140621,0.911217644
U2AF1L5,PDvsCTL,-0.005948821,0.937702154,0.990148502
FDX1,PDvsCTL,0.041043413,0.629485161,0.918560781
RAP2A,PDvsCTL,0.106307206,0.041376888,0.460588669
PTPRF,PDvsCTL,0.006748396,0.907708059,0.983860223
COX5B,PDvsCTL,-0.012765633,0.87442148,0.974767052
CHGA,PDvsCTL,0.440444428,8.75e-05,0.067214161
CLU,PDvsCTL,0.072610803,0.468457978,0.852968781
HSPA5,PDvsCTL,0.091934978,0.102276053,0.585849877
MAP2,PDvsCTL,-0.087935811,0.854356532,0.972631018
HSPA8,PDvsCTL,0.060051579,0.159532592,0.65156401
EPB41,PDvsCTL,0.191057807,0.0710272,0.521857658
PDHB,PDvsCTL,-0.037129945,0.582523665,0.904011375
DBT,PDvsCTL,-0.038991458,0.597816216,0.911217644
ITGAM,PDvsCTL,0.203076189,0.308968628,0.774089635
PYGB,PDvsCTL,0.026323812,0.650745458,0.923458872
CHRM1,PDvsCTL,0.201732746,0.071222075,0.522222618
RALA,PDvsCTL,-0.001810524,0.970418745,0.998466092
BCR,PDvsCTL,-0.019610034,0.755062686,0.951334016
UBL4A,PDvsCTL,0.019963641,0.816331177,0.964789489
IGF2R,PDvsCTL,0.017231266,0.769046829,0.954903131
ADH5,PDvsCTL,0.057026887,0.346642393,0.789309323
PCNA,PDvsCTL,-0.067627561,0.499546956,0.865341666
NEFH,PDvsCTL,0.123411647,0.615289101,0.914966069
HARS1,PDvsCTL,0.008729384,0.861895033,0.973419552
COL6A1,PDvsCTL,0.086354238,0.811379181,0.963901736
COL6A2,PDvsCTL,-0.04350466,0.91344961,0.985415021
SLC25A6,PDvsCTL,-0.034261089,0.617248276,0.915325868
TPR,PDvsCTL,-0.00840261,0.85197188,0.97150186
RLBP1,PDvsCTL,0.137802298,0.360626768,0.797169129
CKB,PDvsCTL,0.036378696,0.267428224,0.744431585
FCGR1A,PDvsCTL,0.067113347,0.729543161,0.944362593
ANXA3,PDvsCTL,0.146912301,0.153890778,0.64229815
CKMT1B,PDvsCTL,0.033109482,0.652876503,0.9243585
ACTN1,PDvsCTL,0.036239175,0.727202895,0.944362593
SRC,PDvsCTL,-0.01792926,0.692624363,0.936527639
XRCC5,PDvsCTL,-0.062691872,0.225327657,0.71195189
COX4I1,PDvsCTL,0.056145071,0.397355236,0.815322483
SCG2,PDvsCTL,0.121716401,0.33671309,0.787025807
EEF2,PDvsCTL,-0.016226725,0.688308076,0.935453553
P4HA1,PDvsCTL,0.002135301,0.989575421,0.99875356
F3,PDvsCTL,-0.060830667,0.558118329,0.893709959
PLS3,PDvsCTL,-0.10440964,0.235165731,0.719501899
GYS1,PDvsCTL,-0.055864124,0.402920482,0.818127942
CD99,PDvsCTL,0.475777682,0.027234846,0.40225924
PRKCSH,PDvsCTL,0.025842727,0.590253827,0.908537946
HCLS1,PDvsCTL,0.245711775,0.048297587,0.475502257
FDPS,PDvsCTL,-0.133109898,0.027100515,0.40225924
CPM,PDvsCTL,-0.081853238,0.74339351,0.946867678
ATP1B2,PDvsCTL,-0.003140918,0.96002268,0.996063378
NID1,PDvsCTL,0.07291839,0.487482381,0.858658796
AKR1A1,PDvsCTL,0.138295623,0.117425182,0.606781131
PKM,PDvsCTL,0.120307212,0.001374814,0.159500541
TRA1,PDvsCTL,0.001570101,0.970526649,0.998466092
IDE,PDvsCTL,-0.062655837,0.371154366,0.799747013
COX6B1,PDvsCTL,-0.028921604,0.673117373,0.929850828
HNRNPL,PDvsCTL,0.051347829,0.301540177,0.76710157
UQCRB,PDvsCTL,0.025170868,0.670689105,0.92969554
BRAF,PDvsCTL,0.025107794,0.734229075,0.944362593
GSPT1,PDvsCTL,0.055084051,0.139706337,0.625713967
PGAM2,PDvsCTL,0.068547284,0.284930396,0.753494242
NME1,PDvsCTL,0.06886958,0.314344461,0.775404564
NQO1,PDvsCTL,-0.099772675,0.743658788,0.946867678
RPS2,PDvsCTL,-0.105778636,0.010832578,0.290534095
CHN1,PDvsCTL,-0.095022319,0.14650882,0.633316073
DSP,PDvsCTL,0.549453036,0.20735308,0.698917856
COX7C,PDvsCTL,0.032327207,0.664022328,0.928300505
H2AX,PDvsCTL,-0.107181503,0.325388085,0.780453848
CBR1,PDvsCTL,-0.096438343,0.518501545,0.874950932
CREB1,PDvsCTL,0.140339221,0.78434019,0.958515672
PPP3CB,PDvsCTL,0.031297488,0.6529365,0.9243585
KCNA2,PDvsCTL,0.167244603,0.116338134,0.6039482
H1-5,PDvsCTL,0.132956078,0.590366517,0.908537946
H1-2,PDvsCTL,0.188557793,0.351538474,0.794463077
EPB42,PDvsCTL,0.048356283,0.781148988,0.958153435
PCSK2,PDvsCTL,0.326940894,0.001653211,0.162779313
FER,PDvsCTL,0.159565742,0.174865736,0.667626984
ATP2A2,PDvsCTL,0.117546499,0.558076671,0.893709959
CPE,PDvsCTL,0.238204394,0.003109584,0.197940144
FAH,PDvsCTL,0.04046309,0.592963173,0.909928902
RHOQ,PDvsCTL,0.006425292,0.959225083,0.995982864
HMGA1,PDvsCTL,0.153168601,0.217342439,0.707389205
TMEM11,PDvsCTL,0.046988339,0.548563458,0.888845829
NDUFB7,PDvsCTL,-0.048381191,0.526168828,0.879117124
KCNA6,PDvsCTL,-0.160398753,0.259141804,0.734728811
GAP43,PDvsCTL,0.133968027,0.079984212,0.543368773
AMD1,PDvsCTL,0.05619376,0.882138536,0.975008506
CTPS1,PDvsCTL,-0.008496035,0.868274005,0.974767052
DDX5,PDvsCTL,-0.184282032,0.004901189,0.234752697
PFKL,PDvsCTL,0.006521498,0.910641536,0.985285135
GM2A,PDvsCTL,-0.20691387,0.316309987,0.776480672
TCP1,PDvsCTL,0.074914101,0.080361908,0.544296801
IGFBP2,PDvsCTL,-0.069815323,0.671575193,0.92969554
ARF4,PDvsCTL,-0.055433556,0.264134698,0.740486652
LBP,PDvsCTL,0.383470179,0.651373621,0.923458872
GABRB1,PDvsCTL,-0.007722053,0.929461429,0.987280085
SON,PDvsCTL,0.116565649,0.528879392,0.879117124
PGAM1,PDvsCTL,0.057353672,0.109972998,0.59791064
ATP5PF,PDvsCTL,-0.035705119,0.719260347,0.943578274
PAM,PDvsCTL,0.176839361,0.150393135,0.638491903
GNAZ,PDvsCTL,0.035115278,0.521895635,0.876896824
TRIM21,PDvsCTL,0.388961249,0.049427867,0.475502257
SRM,PDvsCTL,-0.035627374,0.604129869,0.912015252
ORM2,PDvsCTL,-0.083721645,0.708201109,0.94132126
CSNK2A2,PDvsCTL,-0.094662063,0.03776752,0.449584675
ATP2B1,PDvsCTL,0.028658474,0.654093336,0.924703885
EIF2S2,PDvsCTL,-0.033474575,0.408855495,0.822557634
BTF3,PDvsCTL,0.350257373,0.004300694,0.227462455
MX1,PDvsCTL,0.274557868,0.362298144,0.797812197
M6PR,PDvsCTL,-0.063228414,0.376126349,0.802573963
COX5A,PDvsCTL,0.020738233,0.79147636,0.959645775
LMNB1,PDvsCTL,-0.042099196,0.50419211,0.867679795
GSTM3,PDvsCTL,0.250052442,0.110862701,0.598970599
FLNA,PDvsCTL,-0.024101115,0.901923531,0.98087934
NF1,PDvsCTL,-0.160131593,0.000838602,0.147629411
MAOA,PDvsCTL,0.042452588,0.32210747,0.778775282
ACO1,PDvsCTL,0.025625757,0.584735953,0.905536924
S1PR1,PDvsCTL,-0.253667897,0.259997316,0.735252188
CNR1,PDvsCTL,0.145056821,0.322423577,0.778775282
TBXA2R,PDvsCTL,0.105793155,0.260276842,0.735627238
SDHB,PDvsCTL,0.060015069,0.333612884,0.787025807
TGM2,PDvsCTL,0.059414258,0.599979806,0.911460591
OSBP,PDvsCTL,0.012525458,0.702369338,0.939409195
GART,PDvsCTL,-0.007088662,0.923521218,0.986713068
NME1-NME2,PDvsCTL,0.090359073,0.004595408,0.231968083
KCNA4,PDvsCTL,0.052916254,0.583091837,0.904502822
FDXR,PDvsCTL,-0.169062701,0.06852262,0.514537377
HNRNPA2B1,PDvsCTL,0.150554144,0.004383216,0.228467188
CBL,PDvsCTL,0.026607894,0.674005233,0.930086683
UQCRC2,PDvsCTL,0.040886944,0.476111837,0.852968781
CA4,PDvsCTL,-0.112003459,0.413825611,0.823211343
FECH,PDvsCTL,-0.11157713,0.092082192,0.568253976
CES1,PDvsCTL,-0.091675049,0.837717597,0.968451089
FBLN1,PDvsCTL,-0.27121437,0.359483104,0.797140295
ITGA6,PDvsCTL,-0.108135187,0.311692492,0.774885071
SFPQ,PDvsCTL,0.099617113,0.007590903,0.263774723
TUBG1,PDvsCTL,0.03351698,0.681955744,0.932876345
HEL-S-39,PDvsCTL,-0.100842862,0.055135631,0.483337336
GLDC,PDvsCTL,-0.087463413,0.366235212,0.798365629
RPS3,PDvsCTL,-0.075613517,0.034825379,0.435650354
GCSH,PDvsCTL,0.132457724,0.075543377,0.53531995
PTPRD,PDvsCTL,0.064174672,0.083401191,0.549433825
PTPRG,PDvsCTL,-0.139781535,0.201098633,0.692769382
PTPRZ1,PDvsCTL,-0.004028478,0.915612017,0.985415021
DKFZp686J1286,PDvsCTL,0.109009716,0.250371611,0.728340096
AHCY,PDvsCTL,0.053111756,0.254117246,0.730613348
CFL1,PDvsCTL,0.014924098,0.750060348,0.948905295
F8A3,PDvsCTL,0.047710139,0.514423336,0.873675593
ITPKA,PDvsCTL,-0.055705295,0.537487847,0.884197794
DTYMK,PDvsCTL,0.134477936,0.241492891,0.723072632
LAMA2,PDvsCTL,0.023285207,0.790198345,0.959645775
GPT,PDvsCTL,0.116119494,0.318399185,0.777144669
COX7A1,PDvsCTL,-0.11116613,0.474523209,0.852968781
CRHBP,PDvsCTL,-0.210707402,0.330626818,0.784552136
KDELR1,PDvsCTL,-0.043924109,0.787867861,0.959553537
AKAP5,PDvsCTL,0.04542989,0.745293639,0.947154972
IGFBP6,PDvsCTL,0.181280934,0.238983086,0.719865672
ACP1,PDvsCTL,-0.124169945,0.134539585,0.621425281
ACP1,PDvsCTL,-0.286358592,0.217984954,0.707389205
TNC,PDvsCTL,-0.163214004,0.558640147,0.894147436
MYL9,PDvsCTL,-0.247231765,0.398197074,0.815666352
POLR2A,PDvsCTL,-0.316009095,0.003855083,0.214958211
APC,PDvsCTL,0.107447712,0.103280834,0.586842844
MPST,PDvsCTL,0.014681061,0.857033719,0.973158362
LAMA1,PDvsCTL,-0.206417881,0.112891402,0.59972515
RPS12,PDvsCTL,-0.026628484,0.471197276,0.852968781
YY1,PDvsCTL,0.200095259,0.193080396,0.688902426
DNAJB1,PDvsCTL,0.024648961,0.733030557,0.944362593
DNAJB2,PDvsCTL,0.129470435,0.020284902,0.370328167
ATP5F1A,PDvsCTL,-0.029528001,0.729736648,0.944362593
ATP5F1A,PDvsCTL,0.332551012,0.122057658,0.610484114
PSMA1,PDvsCTL,0.099793736,0.01687281,0.342780806
PSMA4,PDvsCTL,0.020885401,0.605294518,0.912381279
ITGB8,PDvsCTL,0.000528649,0.99153332,0.99875356
MSN,PDvsCTL,-0.014794835,0.852877871,0.971764848
CTNNA2,PDvsCTL,-0.010261224,0.810483785,0.963901736
U2AF2,PDvsCTL,0.025217719,0.666379502,0.928924936
CHML,PDvsCTL,-0.153610577,0.390744075,0.809044942
S100A4,PDvsCTL,0.101732577,0.699975051,0.939105277
PTBP1,PDvsCTL,0.006961927,0.937234362,0.989979914
EEF1G,PDvsCTL,-0.036732629,0.3112814,0.774885071
FKBP2,PDvsCTL,-0.036257717,0.462236397,0.85047059
AK4,PDvsCTL,0.057395619,0.27598785,0.748382178
MAOB,PDvsCTL,0.051947077,0.574024131,0.900711952
YWHAQ,PDvsCTL,-0.123936247,0.023364401,0.387235334
ATP6V0C,PDvsCTL,0.12135122,0.383073644,0.806394125
CERS1,PDvsCTL,-0.073396374,0.806302893,0.962595882
RPL10,PDvsCTL,-0.013581481,0.893202344,0.979070091
RPA1,PDvsCTL,-0.042819967,0.498101154,0.863959876
APEX1,PDvsCTL,0.001335612,0.983031415,0.99875356
KAI1,PDvsCTL,-0.156296559,0.533363301,0.880888787
CALR,PDvsCTL,0.032443117,0.452537149,0.847461524
PDE4A,PDvsCTL,-0.086500945,0.50556392,0.868169781
CANX,PDvsCTL,0.06698701,0.041333698,0.460588669
PIK3R1,PDvsCTL,0.018894463,0.756964185,0.952228643
ITPKB,PDvsCTL,0.146787504,0.356929101,0.796996784
PSMB8,PDvsCTL,-0.150392622,0.249136099,0.72832142
PSMB6,PDvsCTL,0.070555862,0.144121187,0.63068899
PSMB5,PDvsCTL,-0.000304706,0.994592497,0.999608014
GSTM2,PDvsCTL,0.037623508,0.707243279,0.94132126
ABCD3,PDvsCTL,-0.099702192,0.078521054,0.538419389
TMOD1,PDvsCTL,0.135378404,0.112216302,0.599205839
ACADL,PDvsCTL,1.540989724,0.084369843,0.550700802
MAPK1,PDvsCTL,0.12098365,0.023833419,0.387845416
HEL-S-106,PDvsCTL,0.000212534,0.998333733,0.999608014
CD38,PDvsCTL,-0.391270359,0.052992146,0.480066129
PCSK1,PDvsCTL,0.093410072,0.515366467,0.87433148
TPP2,PDvsCTL,-0.041240792,0.458868661,0.85047059
CRABP2,PDvsCTL,0.185132737,0.465239912,0.851637161
TKT,PDvsCTL,-0.029955164,0.687785337,0.935453553
MARCKS,PDvsCTL,0.009470364,0.876234663,0.974767052
ERP29,PDvsCTL,0.075337461,0.195191239,0.689592623
PRDX6,PDvsCTL,0.085559151,0.359800961,0.797140295
BLVRB,PDvsCTL,0.150627301,0.051245457,0.477257596
PRDX5,PDvsCTL,0.204853406,2.42e-05,0.029011095
DDT,PDvsCTL,0.095537312,0.299023979,0.764382272
PRDX3,PDvsCTL,-0.015447684,0.730317296,0.944362593
ATP5F1D,PDvsCTL,0.03483595,0.728973991,0.944362593
RPL12,PDvsCTL,-0.028373406,0.634487881,0.919208727
ECHS1,PDvsCTL,0.087989139,0.507794044,0.869037011
FCER1G,PDvsCTL,0.088688632,0.650360799,0.923458872
NMT1,PDvsCTL,0.129066355,0.12525207,0.610880748
HMOX2,PDvsCTL,-0.023700776,0.569259371,0.898540652
GSTT1,PDvsCTL,-0.018145014,0.970164382,0.998466092
SERPINB1,PDvsCTL,0.158648736,0.488496211,0.858898373
ALDH1B1,PDvsCTL,0.129131878,0.587879766,0.906456411
SSTR2,PDvsCTL,-0.161284514,0.212650633,0.703525484
MIBP1,PDvsCTL,-0.10458079,0.600121974,0.911460591
GABRA5,PDvsCTL,0.210758767,0.209205153,0.701169813
DNAJA1,PDvsCTL,-0.020814945,0.783304654,0.958515672
UQCRC1,PDvsCTL,0.055310611,0.35099867,0.793941331
ATIC,PDvsCTL,-0.133819133,0.054879141,0.483337336
YWHAB,PDvsCTL,-0.005275568,0.892472367,0.979038239
SFN,PDvsCTL,-0.077948436,0.384450111,0.806572182
S100A11,PDvsCTL,-0.050595177,0.76171688,0.952549632
PRDX2,PDvsCTL,0.11101348,0.018765017,0.358028559
ARRB2,PDvsCTL,-0.161861484,0.103680796,0.586842844
GK,PDvsCTL,-0.157674156,0.016219071,0.342363943
DCTD,PDvsCTL,0.126848782,0.212456265,0.703266412
SLC8A1,PDvsCTL,0.13518651,0.048781615,0.475502257
GBP2,PDvsCTL,-0.36055598,0.337875114,0.787025807
STX2,PDvsCTL,0.069292571,0.623456704,0.916923893
CTH,PDvsCTL,-0.10282843,0.186243883,0.684731395
RPL9,PDvsCTL,-0.059940172,0.140927425,0.625778733
KIF5B,PDvsCTL,-0.029350697,0.538525254,0.884197794
DUT,PDvsCTL,0.097112221,0.10175059,0.584795926
GUCY1A2,PDvsCTL,0.037223301,0.639008019,0.91992743
RNASE4,PDvsCTL,-0.373519292,0.267414497,0.744431585
HSPA4,PDvsCTL,0.061172944,0.209737332,0.701169813
MPI,PDvsCTL,0.074887504,0.176246672,0.66934652
GPC1,PDvsCTL,-0.133088241,0.057783681,0.487709551
PFN2,PDvsCTL,0.031074229,0.440357212,0.838556262
CA8,PDvsCTL,-0.13045051,0.338533846,0.787297747
CTNNA1,PDvsCTL,-0.043960636,0.666698145,0.928924936
GTF2F1,PDvsCTL,0.105089868,0.323795255,0.779884394
SPR,PDvsCTL,0.099777183,0.19271106,0.688902426
KRT9,PDvsCTL,-0.397796702,0.359315776,0.797140295
FBN1,PDvsCTL,0.006048824,0.988433566,0.99875356
MYH10,PDvsCTL,-0.032532458,0.477969134,0.852968781
COPB2,PDvsCTL,0.028754596,0.476084165,0.852968781
ADD2,PDvsCTL,0.085867527,0.145747592,0.63314653
BSG,PDvsCTL,-0.023154252,0.67835641,0.931688728
DEK,PDvsCTL,-0.020048697,0.782882925,0.958515672
MYH11,PDvsCTL,-0.45791995,0.33964825,0.787549298
CHKA,PDvsCTL,0.195269704,0.501729273,0.866283884
SLC16A2,PDvsCTL,0.180496759,0.312636978,0.774885071
ARL2,PDvsCTL,0.05349357,0.323622037,0.779884394
ARL3,PDvsCTL,0.072998782,0.120891752,0.608476673
MAP2K2,PDvsCTL,0.03097702,0.497612096,0.86394492
ATP5F1C,PDvsCTL,-0.046742537,0.606980409,0.912627525
ATP6V1E1,PDvsCTL,0.066328271,0.143930723,0.63068899
CPOX,PDvsCTL,-0.108323214,0.421714694,0.826988493
PGM1,PDvsCTL,0.127641587,0.013479834,0.322512198
ACVR1B,PDvsCTL,0.167470761,0.177543148,0.670072889
POLR2I,PDvsCTL,0.121083269,0.410024136,0.822854691
GMPR,PDvsCTL,0.479091204,0.00523437,0.238296368
SRP14,PDvsCTL,0.077911172,0.255120556,0.731378049
HPCAL1,PDvsCTL,-0.004468241,0.968240436,0.998359153
TAGLN2,PDvsCTL,-0.052705182,0.595118121,0.91000949
ETFB,PDvsCTL,0.090570258,0.046252192,0.475502257
RBMX,PDvsCTL,0.245809726,0.016986376,0.342780806
GNAL,PDvsCTL,-0.223297347,0.283419108,0.753097025
ATP6V1A,PDvsCTL,0.030614278,0.521479421,0.876896824
IGHMBP2,PDvsCTL,1.119587888,0.022116911,0.384267974
RPL3,PDvsCTL,-0.087575213,0.125048304,0.610880748
CUX1,PDvsCTL,0.339413617,0.089485281,0.562505754
CAPG,PDvsCTL,0.111974598,0.339877566,0.787549298
CAP2,PDvsCTL,-0.098116342,0.199525157,0.692322457
TXLNA,PDvsCTL,-0.075627366,0.227685824,0.713614
PSMB10,PDvsCTL,-0.169625681,0.196059094,0.690178854
ARL1,PDvsCTL,-0.044463676,0.53935787,0.884197794
STAT3,PDvsCTL,0.025862392,0.741019406,0.946867678
MDH1,PDvsCTL,0.11919036,0.008598636,0.273672512
EIF2S3,PDvsCTL,-0.031044859,0.481955944,0.854352158
CETN2,PDvsCTL,0.100583828,0.055705082,0.483337336
EIF2D,PDvsCTL,0.477754902,0.155899543,0.645587456
CD200,PDvsCTL,-0.126669103,0.378164356,0.803565371
BUD31,PDvsCTL,-0.117244146,0.426305191,0.828536406
NAA10,PDvsCTL,0.122042169,0.076282531,0.53531995
ADCYAP1R1,PDvsCTL,0.112947662,0.375211675,0.802225413
GRM5,PDvsCTL,0.136073782,0.075900378,0.53531995
ACTR1B,PDvsCTL,-0.025436363,0.606170611,0.912627525
ECI1,PDvsCTL,0.036877752,0.754215483,0.950599609
STAT1,PDvsCTL,0.05433776,0.761987779,0.952549632
GRIA1,PDvsCTL,-0.01685742,0.845213504,0.969481858
GRIA2,PDvsCTL,-0.050888891,0.578636385,0.902742462
GRIA3,PDvsCTL,-0.053345275,0.579916737,0.902742462
PIK3CB,PDvsCTL,-0.127107423,0.040336373,0.458356289
MTOR,PDvsCTL,-0.07455403,0.02416101,0.387845416
EPS15,PDvsCTL,0.006657459,0.947687231,0.992959485
CASP3,PDvsCTL,-0.161788198,0.753025434,0.950431996
RPS27,PDvsCTL,-0.312118986,0.007007673,0.254576718
ABL2,PDvsCTL,-0.216211742,0.325150624,0.780453848
CDKN2C,PDvsCTL,0.138277956,0.637966392,0.91992743
HTT,PDvsCTL,-0.014518663,0.802174174,0.961673139
MTHFR,PDvsCTL,0.075492264,0.606140554,0.912627525
SLC1A2,PDvsCTL,-0.050042468,0.579252111,0.902742462
PAFAH1B1,PDvsCTL,-0.047625134,0.146766162,0.633326089
CRAT,PDvsCTL,-0.067669689,0.220453338,0.707799059
BTD,PDvsCTL,0.437477966,0.173284277,0.666308538
MAGEA9B,PDvsCTL,-0.171279655,0.047963659,0.475502257
PTPN9,PDvsCTL,-0.173300678,0.089130857,0.561494319
AFM,PDvsCTL,-0.158817971,0.527331954,0.879117124
ASPA,PDvsCTL,-0.491312497,0.066514786,0.514297414
CBX5,PDvsCTL,0.120149488,0.066676119,0.514297414
MAPK9,PDvsCTL,-0.01665764,0.803318915,0.962243623
PHKA2,PDvsCTL,0.031743877,0.618611137,0.915325868
PHKA1,PDvsCTL,0.021260636,0.79163577,0.959645775
NOP2,PDvsCTL,0.313079579,0.196991387,0.691199534
CRKL,PDvsCTL,0.032787306,0.390644538,0.809044942
MTIF2,PDvsCTL,0.035693929,0.856477805,0.973158362
GSTM5,PDvsCTL,-0.532191526,0.094525884,0.57072933
CDKN1B,PDvsCTL,0.236431308,0.017898747,0.349852404
NOTCH1,PDvsCTL,-0.211293362,0.187717141,0.685017736
BRCC3,PDvsCTL,-0.049735441,0.649321882,0.923458872
RPL21,PDvsCTL,-0.018678858,0.871499051,0.974767052
GNPDA1,PDvsCTL,0.101022348,0.078207161,0.537805074
UTRN,PDvsCTL,0.043695741,0.486605009,0.857459536
HAAO,PDvsCTL,-0.336609895,0.553116184,0.890656976
GYG1,PDvsCTL,0.210108379,0.015803788,0.342363943
RABIF,PDvsCTL,0.057155453,0.725411138,0.944362593
RAP1GAP,PDvsCTL,0.101198001,0.618776936,0.915325868
CAPZB,PDvsCTL,-0.012922183,0.720674931,0.944233745
EIF1AX,PDvsCTL,0.024308599,0.738197326,0.94622001
NPTX2,PDvsCTL,-0.260125562,0.104640392,0.586842844
ZFP36L2,PDvsCTL,-0.142717323,0.713177455,0.94132126
UQCRFS1,PDvsCTL,0.097856264,0.132338841,0.619674029
SLC6A8,PDvsCTL,0.072302046,0.452885222,0.847592534
ATP5PO,PDvsCTL,-0.056795946,0.535264896,0.882254904
LIMS1,PDvsCTL,-0.005039149,0.950394817,0.993275419
SLC6A11,PDvsCTL,0.24959334,0.036035069,0.44081675
ME1,PDvsCTL,-0.048029393,0.368062998,0.798530652
GABRA4,PDvsCTL,-0.039436946,0.802554023,0.96188269
RFX3,PDvsCTL,0.174720065,0.709089005,0.94132126
PPP3CC,PDvsCTL,-0.090390516,0.359624814,0.797140295
GCLC,PDvsCTL,-0.116009575,0.134132507,0.620969069
GCLM,PDvsCTL,-0.011542512,0.833464495,0.967871303
PCP4,PDvsCTL,0.310820079,0.195685406,0.689712274
KCNC1,PDvsCTL,0.197606047,0.114857805,0.602177396
KCNJ3,PDvsCTL,0.135371,0.322240816,0.778775282
TRAPPC10,PDvsCTL,-0.029432069,0.617765116,0.915325868
PSMD8,PDvsCTL,-0.017823698,0.722568094,0.944362593
GSS,PDvsCTL,-0.025190787,0.734064676,0.944362593
CCT5,PDvsCTL,0.029702534,0.398269381,0.815666352
HEL-S-77p,PDvsCTL,0.083904376,0.125091487,0.610880748
PITPNB,PDvsCTL,-0.087609713,0.160495084,0.652971057
MARCKSL1,PDvsCTL,-0.047536598,0.580423797,0.902742462
CAMLG,PDvsCTL,-0.044901024,0.61229738,0.914504787
ALDH9A1,PDvsCTL,0.013470779,0.874641481,0.974767052
RPIA,PDvsCTL,0.091717297,0.41602301,0.824821805
NASP,PDvsCTL,0.001266251,0.988469859,0.99875356
FASN,PDvsCTL,-0.023417566,0.606856308,0.912627525
ARRB1,PDvsCTL,0.149276162,0.000503334,0.12520855
TUFM,PDvsCTL,-0.020910283,0.666334685,0.928924936
AMPH,PDvsCTL,0.216116409,0.000256395,0.112994965
ALDH7A1,PDvsCTL,-0.008739147,0.944975216,0.992702468
SRP9,PDvsCTL,-0.023183008,0.663370968,0.927610298
AARS1,PDvsCTL,-0.014403996,0.678549267,0.931688728
CARS1,PDvsCTL,-0.029997851,0.571483595,0.899295886
PPM1F,PDvsCTL,0.098960293,0.04081136,0.459374371
CSNK1E,PDvsCTL,0.076407131,0.115151608,0.602177396
CTCF,PDvsCTL,0.130867902,0.810221186,0.963901736
PSMB3,PDvsCTL,0.113575507,0.046198923,0.475502257
ACADVL,PDvsCTL,-0.068662146,0.492925864,0.860587345
YLPM1,PDvsCTL,0.023376946,0.720030144,0.943934048
RBM25,PDvsCTL,0.252061355,0.078166014,0.537805074
RGS6,PDvsCTL,-0.017843929,0.833657858,0.967871303
EIF2B2,PDvsCTL,-0.08060656,0.350025968,0.792738282
HINT1,PDvsCTL,0.099880708,0.052294117,0.477768539
RANBP2,PDvsCTL,0.067202069,0.088761933,0.561494319
GSK3B,PDvsCTL,-0.107372312,0.030999333,0.415016864
SEPHS1,PDvsCTL,0.034220323,0.699373579,0.938994102
ENTPD1,PDvsCTL,-0.005725553,0.971943273,0.998466092
HNMT,PDvsCTL,-0.060968859,0.623961142,0.917075874
PPOX,PDvsCTL,-0.19055635,0.092507001,0.568253976
EMD,PDvsCTL,-0.074129918,0.304583459,0.770347686
GATM,PDvsCTL,0.0705095,0.352729463,0.794856838
PDLIM4,PDvsCTL,-0.027163791,0.832269094,0.967871303
NUDT2,PDvsCTL,0.043715296,0.632493961,0.918560781
HLCS,PDvsCTL,-0.065214128,0.580184996,0.902742462
LRBA,PDvsCTL,0.30964307,0.008127527,0.270859398
PPT1,PDvsCTL,0.113988118,0.211583398,0.701992334
CCT8,PDvsCTL,0.043644488,0.271521436,0.748378869
CCT4,PDvsCTL,-0.006195678,0.879594532,0.974913799
ANXA11,PDvsCTL,0.063735223,0.29166428,0.760993924
FXR2,PDvsCTL,0.073407279,0.206169296,0.697214738
RAB13,PDvsCTL,0.015412339,0.890263486,0.978704761
RAB28,PDvsCTL,0.010494225,0.916314398,0.985415021
FABP6,PDvsCTL,0.108686189,0.491229389,0.859124837
DAP3,PDvsCTL,-0.239927937,0.024194394,0.387845416
SMARCA2,PDvsCTL,0.128247182,0.067175068,0.514297414
IDH3G,PDvsCTL,0.061991792,0.34784383,0.789581064
GALK1,PDvsCTL,-0.022936704,0.838312008,0.968556456
SSR4,PDvsCTL,-0.116820966,0.17329487,0.666308538
HCFC1,PDvsCTL,-0.024587726,0.782605921,0.958515672
ALDH5A1,PDvsCTL,0.169335803,0.464939945,0.851637161
GPM6A,PDvsCTL,-0.065875035,0.387163737,0.808648772
STAT5B,PDvsCTL,-0.082322541,0.088545557,0.561494319
APLP1,PDvsCTL,0.164215657,0.178045708,0.670320336
CLCN6,PDvsCTL,0.056337348,0.345601211,0.789309323
PLXNA3,PDvsCTL,0.324893843,0.399355625,0.815833305
HDGF,PDvsCTL,0.009879448,0.9752617,0.99875356
LUM,PDvsCTL,-0.046370381,0.915459632,0.985415021
PRELP,PDvsCTL,0.092500244,0.855512467,0.972897062
CNN1,PDvsCTL,-0.294126798,0.61165917,0.914504787
NDUFA8,PDvsCTL,0.07443412,0.382146867,0.805385999
HNRNPA3,PDvsCTL,0.062687186,0.358765559,0.797140295
MYOM1,PDvsCTL,0.075749995,0.574166834,0.900711952
PGD,PDvsCTL,0.052857505,0.29773666,0.76369888
HNRNPM,PDvsCTL,0.070067423,0.104824999,0.586842844
KPNA1,PDvsCTL,-0.188557393,0.009181797,0.277309018
NCBP2,PDvsCTL,0.294085547,0.029825813,0.409421899
ARHGDIA,PDvsCTL,0.045408773,0.35433136,0.795553947
STAT2,PDvsCTL,-0.19504483,0.280635598,0.749322648
MSH6,PDvsCTL,-0.423581442,0.037889448,0.449584675
VAV2,PDvsCTL,-0.908011415,0.066870677,0.514297414
SMS,PDvsCTL,-0.037150628,0.506411892,0.868169781
EFNB2,PDvsCTL,0.043403279,0.483969716,0.855961192
THOP1,PDvsCTL,-0.09043264,0.122263461,0.610484114
AKR1C2,PDvsCTL,-0.09407497,0.625404297,0.917075874
CRIP2,PDvsCTL,-0.042897074,0.506283417,0.868169781
NUP98,PDvsCTL,-0.102059171,0.230158902,0.71711582
ARFIP1,PDvsCTL,0.047609056,0.588678191,0.907298528
NUBP1,PDvsCTL,0.242732057,0.312295905,0.774885071
METAP1,PDvsCTL,0.040398739,0.406760194,0.820973435
MVD,PDvsCTL,-0.019132022,0.78120358,0.958153435
PGGT1B,PDvsCTL,0.047491288,0.546495081,0.887150024
RABGGTB,PDvsCTL,-0.193008895,0.012394586,0.313923431
COPB1,PDvsCTL,-0.066858568,0.047015893,0.475502257
COPA,PDvsCTL,-0.050908576,0.125065668,0.610880748
CLTCL1,PDvsCTL,-0.304389537,0.113080082,0.599841466
AP3M2,PDvsCTL,0.044087512,0.444222366,0.841195109
SLC5A3,PDvsCTL,0.146589248,0.573315713,0.900711952
RCAN1,PDvsCTL,0.107629529,0.372362623,0.800001298
SUB1,PDvsCTL,-0.095894859,0.358011962,0.797140295
RARS1,PDvsCTL,-0.050364318,0.177209689,0.670072889
CACNB3,PDvsCTL,-0.082702516,0.337051836,0.787025807
CACNA2D1,PDvsCTL,-0.053277825,0.407514942,0.821540073
USP14,PDvsCTL,-0.006882937,0.854810596,0.97267775
BCAT1,PDvsCTL,-0.101419489,0.11130292,0.599205839
ATP12A,PDvsCTL,0.021648669,0.820284814,0.965590693
ATP1B3,PDvsCTL,0.135401827,0.312980355,0.774885071
RAD23B,PDvsCTL,0.066474733,0.088186873,0.560360578
PDE1A,PDvsCTL,-0.049547175,0.451352396,0.846786068
EPHB1,PDvsCTL,-0.053040063,0.764305603,0.952549632
ALDH18A1,PDvsCTL,0.022691113,0.811379646,0.963901736
SLC12A2,PDvsCTL,-0.064666194,0.471066678,0.852968781
PSMD4,PDvsCTL,0.006194743,0.898529216,0.979613365
CSE1L,PDvsCTL,-0.090807359,0.097805891,0.574950716
VCP,PDvsCTL,0.067031046,0.042423365,0.462273864
MFAP1,PDvsCTL,0.650876597,0.012894937,0.31582731
HADHB,PDvsCTL,-0.105181693,0.11193013,0.599205839
NCKAP1L,PDvsCTL,-0.281751089,0.388707247,0.809019452
ADK,PDvsCTL,0.007062288,0.91199258,0.985415021
ADAR,PDvsCTL,-3.014843387,0.001743697,0.162779313
CDH6,PDvsCTL,-0.098604595,0.419492798,0.825580423
FOXG1,PDvsCTL,0.653465674,0.053703243,0.482256466
TPD52,PDvsCTL,0.218447389,0.001592228,0.162779313
SEC13,PDvsCTL,0.022042689,0.641477069,0.921109422
HNRNPH2,PDvsCTL,-0.010564741,0.874387546,0.974767052
ATP5MF,PDvsCTL,0.08163815,0.604518998,0.912015252
ATP5F1EP2,PDvsCTL,-0.096448068,0.490093515,0.859124837
ATP5ME,PDvsCTL,0.027748994,0.759197589,0.952509811
HDAC4,PDvsCTL,0.173862356,0.154442042,0.642511052
EIF6,PDvsCTL,0.0319656,0.738290772,0.94622001
CTBP2,PDvsCTL,0.149141674,0.136174282,0.622637893
PEX3,PDvsCTL,-0.570818748,0.111404043,0.599205839
STX17,PDvsCTL,0.053453035,0.697896341,0.938136494
JAM2,PDvsCTL,0.044990298,0.455712844,0.849716782
NUP107,PDvsCTL,0.080666975,0.691219273,0.936511627
EEFSEC,PDvsCTL,-0.10020329,0.077897277,0.536700297
MTPN,PDvsCTL,-0.023650905,0.584081632,0.905257311
GNG2,PDvsCTL,0.004631186,0.953860505,0.993501102
TPI1,PDvsCTL,0.073332579,0.063200193,0.507424037
SEC61B,PDvsCTL,0.339690583,0.027206476,0.40225924
GABARAPL2,PDvsCTL,0.168722767,0.001275667,0.156397195
ROMO1,PDvsCTL,-0.549926372,0.055329006,0.483337336
RAC3,PDvsCTL,0.079166156,0.579737467,0.902742462
RPS20,PDvsCTL,-0.109552002,0.126312821,0.610880748
S100A10,PDvsCTL,0.182890187,0.289567029,0.75822921
DSTN,PDvsCTL,-0.037768189,0.312611197,0.774885071
GMFB,PDvsCTL,0.037032073,0.432593987,0.83199159
SRP54,PDvsCTL,-0.019649682,0.666293922,0.928924936
RAB10,PDvsCTL,0.00388747,0.937943463,0.990194116
UBE2K,PDvsCTL,0.012724759,0.794457971,0.959645775
UBE2N,PDvsCTL,0.06525269,0.112713461,0.599665624
ACTR1A,PDvsCTL,0.038735957,0.544599464,0.886471995
COPS2,PDvsCTL,0.000586098,0.986058743,0.99875356
ABCE1,PDvsCTL,-0.060160257,0.152283892,0.639450107
DKFZp547A0616,PDvsCTL,-0.019160992,0.821103641,0.965590693
RPS3A,PDvsCTL,-0.108809477,0.010511795,0.287864656
STX1B,PDvsCTL,0.189219132,0.019078704,0.358203726
SST,PDvsCTL,-0.357328953,0.093477452,0.569816367
FGF12,PDvsCTL,0.0522759,0.385288755,0.806572182
PCBD,PDvsCTL,0.183691019,0.031267695,0.415016864
STXBP1,PDvsCTL,0.069159409,0.254803924,0.730783343
STXBP1,PDvsCTL,0.316771628,0.053789607,0.482336705
DCAF7,PDvsCTL,0.070071856,0.194901673,0.689246675
WDR5,PDvsCTL,0.098734578,0.126442394,0.610880748
YWHAG,PDvsCTL,0.020521253,0.632983622,0.918560781
USP46,PDvsCTL,-0.232043125,0.002883912,0.188018745
RRAS2,PDvsCTL,-0.049754913,0.320524245,0.778775282
TIMM10,PDvsCTL,0.037089742,0.56792738,0.898010668
RPS7,PDvsCTL,-0.124334861,0.006952311,0.254576718
PPP1CA,PDvsCTL,0.016503553,0.783062772,0.958515672
PPP1CB,PDvsCTL,-0.138340032,0.014383066,0.326830462
PSMC1,PDvsCTL,0.024946278,0.564785941,0.89680028
RPS8,PDvsCTL,-0.106651977,0.171679652,0.663331107
YWHAE,PDvsCTL,0.031496717,0.335624711,0.787025807
RPS14,PDvsCTL,-0.024900718,0.717116532,0.943001684
RPS18,PDvsCTL,-0.296451213,0.000179618,0.106892444
RPS13,PDvsCTL,-0.280173737,0.057029954,0.487192943
RPS11,PDvsCTL,-0.054350694,0.165886849,0.660658683
SNRPE,PDvsCTL,-0.055851307,0.616117561,0.914966069
SNRPF,PDvsCTL,0.016663432,0.862659698,0.973419552
LSM3,PDvsCTL,0.152575724,0.145229634,0.63314653
LSM6,PDvsCTL,-0.01837181,0.776510381,0.956988443
SNRPD2,PDvsCTL,0.022660197,0.680186417,0.932876345
SNRPD3,PDvsCTL,-0.05361539,0.441166409,0.838612574
RPL7A,PDvsCTL,-0.120345581,0.009769465,0.279967187
POLR2G,PDvsCTL,-0.060637862,0.611609297,0.914504787
ETF1,PDvsCTL,-0.057898127,0.137896467,0.624222334
RHOB,PDvsCTL,-0.095771939,0.082320241,0.546749304
RPL23A,PDvsCTL,0.073305504,0.246911195,0.727523224
VSNL1,PDvsCTL,0.000338552,0.994901711,0.999608014
RAB1A,PDvsCTL,0.107243492,0.049656357,0.475502257
RAN,PDvsCTL,0.038446197,0.337804787,0.787025807
RPS25,PDvsCTL,-0.097528985,0.155475422,0.644573319
RBX1,PDvsCTL,0.054918003,0.539474513,0.884197794
GNB2,PDvsCTL,0.005284375,0.916199329,0.985415021
GNB2,PDvsCTL,0.169788373,0.5165808,0.874811075
RPL10A,PDvsCTL,-0.02916473,0.476443209,0.852968781
RPL11,PDvsCTL,0.01062914,0.781750792,0.958153435
PPIA,PDvsCTL,0.379034279,0.060518505,0.498064151
FKBP1A,PDvsCTL,-0.021726787,0.816243768,0.964789489
CACNG7,PDvsCTL,-0.081609475,0.74680636,0.947714602
GNAI1,PDvsCTL,-0.090763176,0.101838563,0.584795926
DYNLL1,PDvsCTL,-0.068909698,0.44588141,0.841791333
DYNLT1,PDvsCTL,-0.216900309,0.140362006,0.625778733
SKP1,PDvsCTL,0.040405056,0.343397147,0.78814795
GNG3,PDvsCTL,0.002628017,0.983338007,0.99875356
GNG5,PDvsCTL,-0.08015627,0.203707827,0.694074586
RPS21,PDvsCTL,-0.050059931,0.325208049,0.780453848
EIF5A,PDvsCTL,0.035390865,0.297294678,0.763456129
ACTG1,PDvsCTL,-0.054657052,0.324416085,0.780025493
UBE2I,PDvsCTL,0.136268091,0.005011414,0.234752697
YBX1,PDvsCTL,-0.212384767,0.046097049,0.475502257
TPM4,PDvsCTL,0.085859841,0.151679662,0.638578206
TPM4,PDvsCTL,0.027266007,0.707738257,0.94132126
EEF1A1,PDvsCTL,0.046204179,0.729555927,0.944362593
FKBP1B,PDvsCTL,-0.027384863,0.864029838,0.973966741
TUBA4A,PDvsCTL,-0.016946051,0.722113205,0.944362593
TUBB2C,PDvsCTL,-0.029481596,0.531277601,0.880119711
PAFAH1B2,PDvsCTL,0.043159372,0.479185157,0.852968781
CXADR,PDvsCTL,-0.077380781,0.46988881,0.852968781
IGBP1,PDvsCTL,0.011251034,0.825827367,0.967455416
GPC5,PDvsCTL,0.073507548,0.604557537,0.912015252
ASIC1,PDvsCTL,-0.004987331,0.950904948,0.993275419
PIP4K2B,PDvsCTL,-0.049864949,0.222050676,0.709716357
CNTNAP1,PDvsCTL,0.013243883,0.899498745,0.979806497
CLDN10,PDvsCTL,0.140337126,0.105000242,0.586842844
CCT2,PDvsCTL,0.078456178,0.029785076,0.409421899
RAE1,PDvsCTL,0.060840187,0.375427482,0.802225413
PRKDC,PDvsCTL,-0.103616308,0.026391002,0.39813806
S100A12,PDvsCTL,-0.452184789,0.102505074,0.586104133
BASP1,PDvsCTL,0.065566601,0.493672025,0.861470858
SIM1,PDvsCTL,0.949280891,0.008475705,0.27216851
MRPS25,PDvsCTL,-0.279808451,0.014472887,0.326830462
MRPS35,PDvsCTL,-0.381338037,0.040135202,0.458356289
MRPS5,PDvsCTL,-0.281167026,0.004169559,0.225501024
MRPS36,PDvsCTL,0.037727755,0.60674079,0.912627525
MRPS15,PDvsCTL,-0.651339421,0.008834414,0.276362116
MRPS6,PDvsCTL,-0.104286356,0.227069117,0.713284659
MRPS9,PDvsCTL,-0.10869272,0.29553799,0.762040039
HMGN5,PDvsCTL,0.154881752,0.04407001,0.469495727
SARNP,PDvsCTL,-0.599539409,0.203527007,0.694074586
LACTB,PDvsCTL,0.10356253,0.24731223,0.727523224
TXNL4A,PDvsCTL,0.091975178,0.257624563,0.732393642
HPCA,PDvsCTL,0.042690569,0.790688204,0.959645775
RHOG,PDvsCTL,-0.099473557,0.628534867,0.917932503
SERF2,PDvsCTL,0.309742137,0.015639992,0.34185428
MXRA7,PDvsCTL,0.140050038,0.045974599,0.475502257
CCZ1,PDvsCTL,0.006800875,0.910905901,0.985285135
SHC2,PDvsCTL,-0.288554187,0.141340412,0.625778733
MUC5AC,PDvsCTL,-0.666285444,0.264836454,0.741975495
VLDLR,PDvsCTL,-0.146588598,0.178661201,0.671777323
XIAP,PDvsCTL,-0.141770475,0.462850591,0.85047059
EFNB1,PDvsCTL,0.154091128,0.223350919,0.709716357
ATP2C1,PDvsCTL,0.094831317,0.256548359,0.732257728
PPP2R2B,PDvsCTL,-0.302812371,0.105468803,0.588975572
PITPNA,PDvsCTL,-0.068422796,0.053657013,0.482256466
GTF2B,PDvsCTL,0.252552844,0.170377013,0.660658683
PURA,PDvsCTL,0.065788789,0.254664149,0.730783343
HEL-S-95n,PDvsCTL,0.040616009,0.517014363,0.874811075
HNRNPU,PDvsCTL,0.04527857,0.350174572,0.792825212
GALK2,PDvsCTL,-0.266753323,0.122541666,0.610484114
AMPD3,PDvsCTL,0.023052009,0.876430352,0.974767052
ANK2,PDvsCTL,0.107661969,0.140491342,0.625778733
CAP1,PDvsCTL,0.080528635,0.331674704,0.785556848
SLC7A5,PDvsCTL,-0.019897913,0.697579792,0.93795309
DR1,PDvsCTL,0.071077431,0.592295896,0.909928902
EXOSC10,PDvsCTL,-0.449345735,0.11024328,0.598024066
PFKP,PDvsCTL,0.038995722,0.594576434,0.91000949
ATP2B2,PDvsCTL,0.016432185,0.875130131,0.974767052
OCRL,PDvsCTL,0.001938969,0.97293993,0.998466092
PLCB3,PDvsCTL,0.016160794,0.833209062,0.967871303
TAGLN,PDvsCTL,-0.057843676,0.874647074,0.974767052
NAAA,PDvsCTL,-0.604777643,0.42001706,0.825685354
DHODH,PDvsCTL,0.01518988,0.918379725,0.985415021
GUCY1B1,PDvsCTL,0.032723764,0.480874999,0.853770165
OGDH,PDvsCTL,0.25329845,0.208448464,0.700640093
CYP27A1,PDvsCTL,-0.058249377,0.67262923,0.929712154
BDH1,PDvsCTL,-0.206445879,0.024391923,0.387845416
APBA1,PDvsCTL,0.114179828,0.050123411,0.475502257
CACNB1,PDvsCTL,0.114026731,0.414753222,0.823439119
MAP3K10,PDvsCTL,-0.017059688,0.894385728,0.979070091
FKBP4,PDvsCTL,0.142276519,0.039521345,0.456781384
TOP2B,PDvsCTL,-0.162132512,0.023064848,0.386009926
AKAP12,PDvsCTL,0.147884636,0.032036737,0.419610714
SLC25A11,PDvsCTL,-0.017408832,0.784825278,0.958724089
DST,PDvsCTL,0.387600057,0.010626864,0.288449178
MLLT1,PDvsCTL,0.289693531,0.082503991,0.54684607
GNA12,PDvsCTL,-0.29430774,0.061715046,0.501034231
CAV1,PDvsCTL,0.099806596,0.592649768,0.909928902
TNFAIP2,PDvsCTL,-0.19210019,0.765580832,0.952902392
LMNB2,PDvsCTL,0.003702238,0.939225285,0.990884053
PTS,PDvsCTL,-0.056864199,0.738746908,0.94635913
PLAUR,PDvsCTL,-0.003363366,0.973263988,0.998466092
GBE1,PDvsCTL,-0.253207887,0.002386985,0.173430122
KRT17,PDvsCTL,-0.273725726,0.667795043,0.929165064
NOTCH2,PDvsCTL,-0.481694648,0.220356155,0.707799059
TLE4,PDvsCTL,0.051371889,0.705316963,0.94132126
GLO1,PDvsCTL,0.05675521,0.207615499,0.699147138
AKR1C1,PDvsCTL,0.078764575,0.54042082,0.884451507
CSTF1,PDvsCTL,0.09541098,0.599192394,0.911217644
UBE3A,PDvsCTL,-0.057420914,0.306107682,0.771760448
PTPN12,PDvsCTL,-0.058216736,0.62291893,0.916923893
GAD2,PDvsCTL,-0.112974445,0.270252774,0.747377241
SFRS11,PDvsCTL,-0.067185815,0.71988936,0.943934048
GRIN1,PDvsCTL,-0.044576727,0.595276224,0.910057785
EEF1A2,PDvsCTL,0.093176388,0.073116352,0.527854979
CALD1,PDvsCTL,0.032118396,0.822520408,0.96578343
COL14A1,PDvsCTL,0.053993122,0.913263686,0.985415021
RNASEL,PDvsCTL,0.036026328,0.830915952,0.967871303
TP53BP2,PDvsCTL,-0.045838421,0.683230335,0.933179282
UNC93B1,PDvsCTL,0.544939026,0.003988248,0.217329317
OGFR,PDvsCTL,-0.068404928,0.393110548,0.810677801
GTF3C4,PDvsCTL,0.368603884,0.532029168,0.88033421
C20orf177,PDvsCTL,0.61969206,0.276468591,0.748382178
THRAP3,PDvsCTL,0.460974964,0.017783659,0.349852404
UBR7,PDvsCTL,0.000528252,0.994382139,0.999608014
HEBP2,PDvsCTL,0.165754747,0.157097794,0.648387683
SF3A2,PDvsCTL,0.172909026,0.31363193,0.774885071
GFPT1,PDvsCTL,-0.379224548,0.005531605,0.240365733
FMR1,PDvsCTL,0.480033318,0.060872405,0.498064151
PRDX1,PDvsCTL,0.050193698,0.477892029,0.852968781
C1QBP,PDvsCTL,-0.03607014,0.600056679,0.911460591
PDE4B,PDvsCTL,-0.092138563,0.362104,0.797812197
BAX,PDvsCTL,0.206560824,0.013074274,0.317713697
LRP1,PDvsCTL,-0.059634853,0.232014672,0.719044476
ARHGAP1,PDvsCTL,0.036621731,0.378302576,0.803565371
PCDH1,PDvsCTL,0.106202416,0.183310612,0.678469474
DHX9,PDvsCTL,0.012918077,0.732822297,0.944362593
CRYZ,PDvsCTL,0.65713204,0.000853309,0.147629411
GOLGA3,PDvsCTL,-0.074799527,0.145090031,0.63314653
GOLGA2,PDvsCTL,-0.203118194,0.103145823,0.586842844
EHHADH,PDvsCTL,-0.28690655,0.097753747,0.574950716
ADCY2,PDvsCTL,-0.13847023,0.083572877,0.549433825
PUDP,PDvsCTL,-0.037214533,0.816237115,0.964789489
CD47,PDvsCTL,-0.044866368,0.43153744,0.831415486
ADCY1,PDvsCTL,0.008620541,0.891808082,0.978743202
CAMSAP2,PDvsCTL,0.029959684,0.526774242,0.879117124
SPIRE1,PDvsCTL,0.035126814,0.730455205,0.944362593
VAC14,PDvsCTL,-0.008131701,0.866019739,0.974656685
DNAJC2,PDvsCTL,0.285860021,0.508822956,0.869528157
NSUN2,PDvsCTL,-0.413880642,0.025996456,0.394498961
RBBP4,PDvsCTL,0.067506015,0.343733183,0.788416068
ABCC8,PDvsCTL,0.032646425,0.874084329,0.974767052
KCNA1,PDvsCTL,0.082184754,0.522911448,0.87759507
AHNAK,PDvsCTL,0.207470639,0.083870199,0.549433825
C1orf43,PDvsCTL,-0.064106201,0.651821464,0.92385257
SARM1,PDvsCTL,0.022068229,0.767104679,0.953973713
FCHO2,PDvsCTL,-0.133339999,0.131174899,0.618613047
PARG,PDvsCTL,0.337365136,0.168718309,0.660658683
ELP6,PDvsCTL,-0.00571503,0.948920667,0.992959485
TBCEL,PDvsCTL,-0.300940442,0.10231324,0.585849877
HSPA14,PDvsCTL,-0.04499418,0.603122562,0.912015252
SCRN3,PDvsCTL,0.289199042,0.002528043,0.176338292
SCRN3,PDvsCTL,-0.734764935,0.292835283,0.760993924
CGNL1,PDvsCTL,0.10856463,0.500997042,0.865977866
PMPCA,PDvsCTL,-0.068046425,0.247305719,0.727523224
KIF1A,PDvsCTL,-0.021465864,0.631816263,0.918560781
FOXO1,PDvsCTL,0.206149954,0.307117413,0.772951558
TWF1,PDvsCTL,0.065408731,0.365786685,0.798359152
ASPH,PDvsCTL,-0.044448827,0.637350732,0.91992743
KIF5A,PDvsCTL,-0.225410511,0.014026442,0.325259399
STX4,PDvsCTL,0.020572425,0.796472724,0.959645775
NFIA,PDvsCTL,0.413245887,0.268612074,0.745706928
SFSWAP,PDvsCTL,-0.739038407,0.233626914,0.719501899
GRIN2A,PDvsCTL,0.02385922,0.790664786,0.959645775
AIMP1,PDvsCTL,-0.006080001,0.899581041,0.979806497
ILF3,PDvsCTL,0.014747371,0.745202237,0.947154972
EPS8,PDvsCTL,-0.096652388,0.414372016,0.823211343
TAF10,PDvsCTL,0.007336908,0.954457835,0.993835438
MYO1E,PDvsCTL,-0.143953554,0.489198423,0.859005626
PTP4A2,PDvsCTL,-0.067692667,0.363599231,0.797812197
NPRL3,PDvsCTL,-0.00916488,0.962293061,0.99634948
BNIP1,PDvsCTL,-0.065562285,0.306713091,0.772745101
NFX1,PDvsCTL,-0.299033435,0.121987305,0.610484114
CSTF3,PDvsCTL,0.310083889,0.013728651,0.3251386
GRIK3,PDvsCTL,-0.262060241,0.061197819,0.499042608
TIAM1,PDvsCTL,0.119993781,0.273825367,0.748382178
ECH1,PDvsCTL,0.060128531,0.288635056,0.756821637
MLLT11,PDvsCTL,-0.099682694,0.412174674,0.823002938
FLII,PDvsCTL,-0.0186269,0.604215463,0.912015252
COASY,PDvsCTL,-0.054023628,0.320190522,0.778775282
MTAP,PDvsCTL,0.176265204,0.006218847,0.245113166
PRKAA1,PDvsCTL,0.042418971,0.49022529,0.859124837
PPFIA1,PDvsCTL,0.060245026,0.611353632,0.914504787
EIF2B5,PDvsCTL,-0.033702711,0.680884994,0.932876345
HNRNPA0,PDvsCTL,0.053790585,0.238194217,0.719865672
PRDX4,PDvsCTL,-0.050312192,0.457156715,0.850390197
PAK2,PDvsCTL,0.070279328,0.170009596,0.660658683
STK3,PDvsCTL,-0.117954647,0.432307666,0.83199159
STX5,PDvsCTL,-0.01139149,0.881551118,0.974926647
PSMD2,PDvsCTL,-0.047683223,0.096782547,0.572455486
GRIN2B,PDvsCTL,-0.056451244,0.556880423,0.893414849
SELENBP1,PDvsCTL,0.204169178,0.012080379,0.31256894
c371H6.2,PDvsCTL,0.025479179,0.763698985,0.952549632
SRSF9,PDvsCTL,0.001044475,0.988935298,0.99875356
GRM1,PDvsCTL,0.07719255,0.417220053,0.825113089
G3BP,PDvsCTL,-0.10486698,0.125415357,0.610880748
KCNAB2,PDvsCTL,0.339574955,0.135940095,0.622637893
PTK7,PDvsCTL,-0.068524733,0.718823846,0.943578274
PABPC4,PDvsCTL,0.039530458,0.447468664,0.843416637
GRB10,PDvsCTL,-0.332374793,0.076983691,0.53531995
IFIT5,PDvsCTL,-0.121505825,0.111542024,0.599205839
PTPRS,PDvsCTL,-0.064041686,0.274690399,0.748382178
SLC14A1,PDvsCTL,0.057769075,0.830537544,0.967871303
EIF3I,PDvsCTL,0.01552376,0.698414253,0.9384724
PPP2R5C,PDvsCTL,0.041625281,0.615928688,0.914966069
CTBP1,PDvsCTL,0.042132091,0.568149546,0.898010668
AP3B2,PDvsCTL,0.019109812,0.74255132,0.946867678
PDCL,PDvsCTL,0.115099063,0.337670523,0.787025807
PLD1,PDvsCTL,-0.213518528,0.365453139,0.798359152
TARBP1,PDvsCTL,-0.002563476,0.987096245,0.99875356
UBE2V1,PDvsCTL,0.014578365,0.72679432,0.944362593
SNTA1,PDvsCTL,0.009288814,0.864153447,0.973966741
TCOF1,PDvsCTL,0.071722559,0.355581256,0.79629389
UNC119,PDvsCTL,0.144518202,0.311804911,0.774885071
SLC39A6,PDvsCTL,0.224709308,0.200043878,0.692748609
SF3B2,PDvsCTL,0.167895866,0.016983667,0.342780806
PDAP1,PDvsCTL,0.013308961,0.800976188,0.960946092
ADAM9,PDvsCTL,0.157732499,0.237626323,0.719506203
TMED1,PDvsCTL,0.071019114,0.431211631,0.831415486
GAB1,PDvsCTL,-0.031071089,0.824781148,0.967174894
SQSTM1,PDvsCTL,0.00537094,0.962706661,0.996497421
TUBB3,PDvsCTL,-0.009966822,0.843862568,0.969250372
PPP1R1A,PDvsCTL,0.598324682,0.00169642,0.162779313
PIN1,PDvsCTL,-0.020700912,0.649281415,0.923458872
CAMK2B,PDvsCTL,0.366787637,0.022322511,0.38443435
CAMK2D,PDvsCTL,-0.080597874,0.71113899,0.94132126
DCTN2,PDvsCTL,0.032950941,0.495344512,0.862506191
NAE1,PDvsCTL,-0.013025148,0.786695459,0.959008827
TRA2A,PDvsCTL,0.047443794,0.688518238,0.935453553
CUL4A,PDvsCTL,0.045053829,0.277078023,0.748382178
DYRK1A,PDvsCTL,0.162540874,0.028497626,0.409421899
CDH18,PDvsCTL,-0.283778731,0.395538615,0.813678139
TPBG,PDvsCTL,0.021275711,0.879164572,0.974846734
MOGS,PDvsCTL,0.098092418,0.097342741,0.574090725
ALCAM,PDvsCTL,-0.082525707,0.225584088,0.711990498
SHROOM2,PDvsCTL,0.030911543,0.678072937,0.931688728
SPTAN1,PDvsCTL,0.063742102,0.024800439,0.388315253
AUH,PDvsCTL,-0.057289766,0.310367057,0.774885071
BLMH,PDvsCTL,-0.055451048,0.381885883,0.805307873
SNTB1,PDvsCTL,0.063417214,0.495687734,0.862725122
TUBB2A,PDvsCTL,-0.039169422,0.503445156,0.867372696
RAPGEF1,PDvsCTL,-0.122349785,0.100869614,0.583243679
IDI1,PDvsCTL,-0.105844976,0.160123375,0.652189942
CAPS,PDvsCTL,0.225381173,0.366513995,0.798365629
RASGRF1,PDvsCTL,-0.233333839,0.021647434,0.381042706
PRKG1,PDvsCTL,-0.01716984,0.847798921,0.970435652
CKAP5,PDvsCTL,0.004604655,0.89716769,0.979613365
COTL1,PDvsCTL,0.087892353,0.296967698,0.763105124
COX17,PDvsCTL,0.040367687,0.758806191,0.95248917
RAB33A,PDvsCTL,-0.057728224,0.248531543,0.727523224
NID2,PDvsCTL,-0.037088354,0.693314288,0.936527639
LRP8,PDvsCTL,0.314081044,0.417982977,0.825113089
DSG2,PDvsCTL,0.871089581,0.370624248,0.799747013
SAFB2,PDvsCTL,0.098648335,0.369944709,0.799747013
ARHGEF7,PDvsCTL,-0.041180401,0.322596185,0.778930635
UBAP2L,PDvsCTL,0.053093866,0.50276279,0.86702775
GIT2,PDvsCTL,0.029670893,0.708322228,0.94132126
SCARF1,PDvsCTL,-0.778703621,0.018616095,0.356555727
MLEC,PDvsCTL,0.019885951,0.63793565,0.91992743
CRMP1,PDvsCTL,-0.015078277,0.833907487,0.967871303
DCTN1,PDvsCTL,-0.040671412,0.34672819,0.789309323
DYNC1H1,PDvsCTL,-0.028866161,0.586256507,0.905901083
EIF2B1,PDvsCTL,-0.023196725,0.626040735,0.917309318
RCN2,PDvsCTL,0.007386333,0.894220252,0.979070091
TRIM25,PDvsCTL,0.083702139,0.217527202,0.707389205
PTK2B,PDvsCTL,-0.019982073,0.753968713,0.950596961
FLNC,PDvsCTL,-0.003117377,0.982333531,0.99875356
FAM50A,PDvsCTL,0.01645926,0.949417935,0.992975646
GAMT,PDvsCTL,-0.077914426,0.528506786,0.879117124
GALE,PDvsCTL,0.160461954,0.033541087,0.428527595
CAPRIN1,PDvsCTL,-0.022259639,0.646365708,0.923458872
ITPR2,PDvsCTL,0.032793668,0.696554068,0.937601279
ITPR3,PDvsCTL,-0.062299178,0.693279603,0.936527639
ELAVL3,PDvsCTL,-0.092584479,0.130838263,0.618613047
INPP5A,PDvsCTL,0.123271062,0.120528899,0.608396051
ITPR1,PDvsCTL,-0.025348546,0.681235489,0.932876345
RASA3,PDvsCTL,-0.189110306,0.167513962,0.660658683
PLS1,PDvsCTL,0.038156413,0.881634946,0.974926647
LAGE3,PDvsCTL,0.369410689,0.000363341,0.113630838
TRIP12,PDvsCTL,-0.114190957,0.066765803,0.514297414
PUM1,PDvsCTL,-0.048276787,0.387292509,0.808648772
SMC1A,PDvsCTL,0.003242261,0.968768578,0.998466092
DIP2A,PDvsCTL,0.037766018,0.483557292,0.855442106
PDCD11,PDvsCTL,0.139032759,0.486388744,0.857459536
BMS1,PDvsCTL,0.518442027,0.324825113,0.780453848
LPIN1,PDvsCTL,0.202431684,0.007374957,0.263594841
USP10,PDvsCTL,-0.015339617,0.795734257,0.959645775
MESD,PDvsCTL,0.019058897,0.799131217,0.960886566
GANAB,PDvsCTL,-0.008481672,0.956910985,0.994805711
RFTN1,PDvsCTL,-0.315160322,0.022895543,0.386009926
KCNB1,PDvsCTL,0.18279949,0.416986227,0.825113089
KCNAB1,PDvsCTL,-0.136200839,0.237311744,0.719506203
MVP,PDvsCTL,0.058657635,0.711946782,0.94132126
GOLGB1,PDvsCTL,-0.040573493,0.43527576,0.834249544
NAA30,PDvsCTL,0.008073169,0.947595527,0.992959485
MEF2D,PDvsCTL,0.028345662,0.856870167,0.973158362
CRYM,PDvsCTL,0.07307439,0.480460222,0.85332108
PTGR1,PDvsCTL,-0.046078835,0.947599975,0.992959485
NFIX,PDvsCTL,-0.100167587,0.164877713,0.659242639
RAB39A,PDvsCTL,0.242180597,0.049569422,0.475502257
ZNF638,PDvsCTL,0.118249367,0.050388156,0.475645675
NUMA1,PDvsCTL,0.609698742,0.054353939,0.482945682
CUL7,PDvsCTL,0.170741948,0.331307975,0.78546416
DOCK4,PDvsCTL,-0.198842354,0.001995765,0.165006153
SLMAP,PDvsCTL,0.047772795,0.496097547,0.862916674
TMEM132D,PDvsCTL,-0.02502469,0.822074099,0.965590693
STXBP5,PDvsCTL,0.110605779,0.058518867,0.490277348
TMEM132B,PDvsCTL,-0.007773542,0.92752564,0.987194231
PCDH10,PDvsCTL,0.004559479,0.95853273,0.995584298
PSMD6,PDvsCTL,-0.012162263,0.732945072,0.944362593
ABRAXAS2,PDvsCTL,-0.030103017,0.525313603,0.878944114
SEPTIN2,PDvsCTL,0.036380445,0.523946218,0.877881469
SART3,PDvsCTL,0.001581443,0.976774405,0.99875356
LARS2,PDvsCTL,-0.19268654,0.010525289,0.287864656
KARS1,PDvsCTL,6.08e-05,0.999003316,0.999608014
LRRC14,PDvsCTL,-0.036687361,0.655515639,0.925496037
EIF4H,PDvsCTL,-0.013048431,0.84742565,0.970162773
ACAP2,PDvsCTL,0.072891837,0.268104471,0.745160532
WDR43,PDvsCTL,0.108244715,0.224186309,0.711320847
ACOX1,PDvsCTL,-0.083289493,0.510885938,0.871208258
EEA1,PDvsCTL,-0.045343477,0.157912424,0.648387683
PDIA6,PDvsCTL,0.034552174,0.51158426,0.871208258
PLCL1,PDvsCTL,-0.144215298,0.200288803,0.692748609
PCOLCE,PDvsCTL,-0.223312825,0.518440013,0.874950932
PDK1,PDvsCTL,0.031668187,0.733720018,0.944362593
PDK2,PDvsCTL,0.117929519,0.132709505,0.619869221
PDK3,PDvsCTL,0.050725907,0.471395016,0.852968781
PGM5,PDvsCTL,0.30893373,0.209928306,0.701169813
PMVK,PDvsCTL,0.029826666,0.713621468,0.941331235
PLCB4,PDvsCTL,0.149720654,0.328987908,0.783273591
TCEAL1,PDvsCTL,-0.07943198,0.80469374,0.962408324
PPP2R5A,PDvsCTL,-0.12068254,0.024893631,0.388315253
PPA1,PDvsCTL,0.024745288,0.615455409,0.914966069
NECTIN1,PDvsCTL,-0.011490961,0.860457408,0.973419552
PTPRR,PDvsCTL,0.109912013,0.424863763,0.82724327
PTPA,PDvsCTL,-0.00931536,0.877766619,0.974767052
RABEP1,PDvsCTL,-0.011868054,0.737512475,0.94622001
RAB35,PDvsCTL,0.038016408,0.426443558,0.828581445
RCN1,PDvsCTL,0.121392546,0.205816926,0.697214738
RALBP1,PDvsCTL,0.001603517,0.978197779,0.99875356
LLGL1,PDvsCTL,-0.170472549,0.167183527,0.660658683
PCBP1,PDvsCTL,0.016543567,0.628629989,0.917932503
ELOB,PDvsCTL,-0.000698835,0.985330612,0.99875356
EPHA7,PDvsCTL,-0.008160827,0.935267769,0.989573926
UBE3C,PDvsCTL,0.055127514,0.460071218,0.85047059
SF3B3,PDvsCTL,-0.00068356,0.991163983,0.99875356
RSU1,PDvsCTL,0.061015713,0.468135571,0.852968781
SEC23A,PDvsCTL,0.005780791,0.891746995,0.978743202
CYTH1,PDvsCTL,0.02458182,0.531053468,0.879951069
RGN,PDvsCTL,-0.241217711,0.169395356,0.660658683
TAF7,PDvsCTL,0.23334113,0.162292728,0.65509068
SLC9A3R2,PDvsCTL,-0.036290415,0.531738953,0.880275786
TSN,PDvsCTL,-0.019260226,0.803852081,0.962401468
TRIP11,PDvsCTL,-0.056262127,0.739616976,0.946867678
MAPRE1,PDvsCTL,0.018895794,0.732911042,0.944362593
TSC22D1,PDvsCTL,0.038061634,0.594183721,0.91000949
ELAVL1,PDvsCTL,0.101349425,0.059179612,0.492114394
NSDHL,PDvsCTL,-0.247076661,0.123044105,0.610484114
MYLK,PDvsCTL,0.000195002,0.998106485,0.999608014
MAPK11,PDvsCTL,-0.242078616,0.032752622,0.427093834
EFNB3,PDvsCTL,-0.043604531,0.791714103,0.959645775
SPEG,PDvsCTL,0.253000308,0.276410783,0.748382178
MLF2,PDvsCTL,0.072048214,0.25697304,0.732257728
TOMM34,PDvsCTL,0.185638807,0.057932982,0.487709551
MSMO1,PDvsCTL,-0.178837615,0.11176237,0.599205839
ITSN1,PDvsCTL,0.09178279,0.028910775,0.409421899
TBCE,PDvsCTL,0.045823997,0.478599364,0.852968781
TBCC,PDvsCTL,0.187640969,0.000345598,0.112994965
NPTX1,PDvsCTL,0.160363981,0.066343664,0.514297414
VAMP3,PDvsCTL,-0.235265636,0.44378889,0.841195109
ADIRF,PDvsCTL,0.075654483,0.711714918,0.94132126
RAB11B,PDvsCTL,0.045572712,0.141344321,0.625778733
ZYX,PDvsCTL,0.131908128,0.123423551,0.610581569
ETFDH,PDvsCTL,0.049856801,0.387908759,0.808684675
SEPTIN7,PDvsCTL,-0.013627007,0.650176174,0.923458872
ADRM1,PDvsCTL,0.046923156,0.380971182,0.804217926
IGFBP7,PDvsCTL,-0.020430661,0.875172559,0.974767052
NTRK3,PDvsCTL,0.004755875,0.961506266,0.996271186
INA,PDvsCTL,-0.021257002,0.877015246,0.974767052
PSMD5,PDvsCTL,0.025900668,0.661233543,0.926532259
PKN1,PDvsCTL,-0.071223667,0.539916229,0.884197794
PKN2,PDvsCTL,-0.162314893,0.591936758,0.90978656
DDB1,PDvsCTL,-0.017235512,0.625104823,0.917075874
CAMK4,PDvsCTL,0.024512467,0.783938061,0.958515672
CARTPT,PDvsCTL,0.744755963,0.02302751,0.386009926
RBBP7,PDvsCTL,0.133420984,0.009920748,0.280944636
SGCB,PDvsCTL,0.261590566,0.234717476,0.719501899
STX1A,PDvsCTL,-0.007759127,0.92506088,0.987066885
CPSF6,PDvsCTL,0.147323305,0.019011099,0.358203726
DBN1,PDvsCTL,0.074109898,0.250653187,0.728340096
TBR1,PDvsCTL,0.032141151,0.827258516,0.967841181
FSCN1,PDvsCTL,-0.108982303,0.101793448,0.584795926
GAPD,PDvsCTL,0.163681632,0.247635549,0.727523224
GUK1,PDvsCTL,-0.05934436,0.251590121,0.72882732
ME3,PDvsCTL,0.139090707,0.241571765,0.723072632
RTN1,PDvsCTL,0.080779478,0.200996295,0.692748609
RTN1,PDvsCTL,-0.107848045,0.260893766,0.736213753
PTPRN,PDvsCTL,0.139519778,0.137841641,0.624222334
UGP2,PDvsCTL,0.089252138,0.046784296,0.475502257
AOC3,PDvsCTL,-0.076393057,0.803589817,0.962298853
CDO1,PDvsCTL,0.011239352,0.877114774,0.974767052
UGT8,PDvsCTL,-0.124302592,0.697084365,0.937921407
STON2,PDvsCTL,0.244316562,0.26821279,0.745173302
GRIA3,PDvsCTL,0.025769598,0.878280906,0.974767052
SORCS3,PDvsCTL,-0.357686671,0.256406762,0.732257728
ARHGAP44,PDvsCTL,-0.006157282,0.923748894,0.986713068
TXNRD2,PDvsCTL,0.060377724,0.494512497,0.86180881
ATG16L1,PDvsCTL,-0.019534725,0.752868879,0.950401167
HNRNPUL2,PDvsCTL,0.004588819,0.919412998,0.98558343
LONRF2,PDvsCTL,0.375140184,0.104540543,0.586842844
GRIA4,PDvsCTL,-0.039918003,0.642583457,0.921109422
TMEM132A,PDvsCTL,0.135161945,0.126456476,0.610880748
INF2,PDvsCTL,-0.164300498,0.200986945,0.692748609
SCN1B,PDvsCTL,0.115537737,0.401570508,0.817151428
CLEC16A,PDvsCTL,0.176159579,0.128248052,0.614582439
PPP1R10,PDvsCTL,0.12638422,0.342584275,0.78814795
KIAA1109,PDvsCTL,0.171159326,0.003436064,0.205963399
ARHGAP31,PDvsCTL,-0.335773293,0.273737969,0.748382178
AAK1,PDvsCTL,0.02234634,0.751033679,0.949250616
TMEM266,PDvsCTL,0.236454789,0.338157112,0.787297747
SOWAHA,PDvsCTL,0.272302554,0.172533172,0.66507562
SGSM1,PDvsCTL,0.064065594,0.413274936,0.823002938
GSTK1,PDvsCTL,-0.055701571,0.240604218,0.722616343
C10orf54,PDvsCTL,-0.055363859,0.744735755,0.947061519
ALG11,PDvsCTL,0.033170654,0.801240049,0.960946092
VWC2,PDvsCTL,-0.177665304,0.378164545,0.803565371
ATG2A,PDvsCTL,0.079836305,0.431808944,0.831415486
FBP1,PDvsCTL,-0.247121059,0.104952816,0.586842844
LTF,PDvsCTL,-0.172545429,0.687207943,0.935453553
AP5B1,PDvsCTL,-0.374222198,0.330994764,0.784980329
SLC4A8,PDvsCTL,0.061675473,0.821395792,0.965590693
NETO2,PDvsCTL,-0.388182522,0.094003608,0.57072933
NDUFAF6,PDvsCTL,0.00149814,0.991137158,0.99875356
POLR1F,PDvsCTL,0.290953318,0.006987957,0.254576718
UAP1L1,PDvsCTL,-0.02945267,0.823634114,0.966460063
UQCC1,PDvsCTL,-0.075098345,0.18406225,0.678953724
HBB,PDvsCTL,0.919062082,0.05219721,0.477677524
LSM12,PDvsCTL,-0.030840403,0.67524595,0.930117154
RIMS4,PDvsCTL,0.160774001,0.596089164,0.910913397
ADCK5,PDvsCTL,0.059266351,0.641165175,0.921109422
HSDL1,PDvsCTL,0.024157608,0.692953131,0.936527639
CCDC88A,PDvsCTL,-0.109929611,0.155111819,0.643897528
VMA21,PDvsCTL,0.288280024,0.208054335,0.699969518
TUBB8,PDvsCTL,-0.004475509,0.95968491,0.996063378
TUBB3,PDvsCTL,-0.075196012,0.548793335,0.888845829
LGALSL,PDvsCTL,0.11508421,0.054271256,0.482945682
MMAA,PDvsCTL,-0.137491618,0.173603068,0.66669881
DTD1,PDvsCTL,0.187164127,0.000482705,0.12520855
SV2C,PDvsCTL,0.184833068,0.397223466,0.815322483
CCDC186,PDvsCTL,0.135256703,0.495201621,0.862506191
COX19,PDvsCTL,0.012406853,0.91030704,0.985081772
GTDC1,PDvsCTL,0.068246208,0.772487911,0.955546955
LARP7,PDvsCTL,0.069729503,0.455867797,0.849716782
NADK2,PDvsCTL,0.018923817,0.697387948,0.93795309
KCTD21,PDvsCTL,0.052808416,0.744166146,0.946867678
LOC649305,PDvsCTL,0.257946015,0.649522025,0.923458872
ACSF3,PDvsCTL,0.021485919,0.881109785,0.974926647
ZADH2,PDvsCTL,-0.127228124,0.080733459,0.544755831
PREPL,PDvsCTL,0.128970798,0.039514156,0.456781384
TBC1D10B,PDvsCTL,0.024627589,0.60218651,0.911709274
JPH1,PDvsCTL,0.022212234,0.810131561,0.963901736
DNAL1,PDvsCTL,-0.075069907,0.333191644,0.787025807
SEMA4D,PDvsCTL,0.067801777,0.508794145,0.869528157
PLCG1,PDvsCTL,0.007003418,0.872622266,0.974767052
NCAN,PDvsCTL,-0.063170616,0.366094367,0.798365629
PI4KA,PDvsCTL,-0.016025032,0.793464808,0.959645775
PTGFRN,PDvsCTL,0.102830897,0.477300532,0.852968781
DECR2,PDvsCTL,0.086192068,0.682379724,0.932876345
AADAT,PDvsCTL,-0.295687296,0.054658501,0.483180023
PDZGEF1,PDvsCTL,0.077788695,0.086004216,0.554823608
FLJ20701,PDvsCTL,-0.337975893,0.079718657,0.542848097
ELOVL1,PDvsCTL,0.306399695,0.493049292,0.860592952
RFTN2,PDvsCTL,0.061694846,0.481528135,0.854163224
FAM98B,PDvsCTL,0.031912467,0.586024675,0.905901083
PDCD4,PDvsCTL,0.295626406,0.008894511,0.276362116
SLC7A8,PDvsCTL,-0.149750499,0.210579054,0.701992334
TP53I3,PDvsCTL,-0.019190773,0.928901684,0.987232537
NSFL1C,PDvsCTL,0.159864253,0.005876758,0.24494418
PNPO,PDvsCTL,0.099293439,0.167216756,0.660658683
TMEM35A,PDvsCTL,0.18377524,0.097450963,0.574090725
NFS1,PDvsCTL,0.093091982,0.192287352,0.688902426
COMMD9,PDvsCTL,-0.049802999,0.399343267,0.815833305
HIKESHI,PDvsCTL,0.00021928,0.998712113,0.999608014
PDLIM3,PDvsCTL,0.067749529,0.575702399,0.90159533
RALY,PDvsCTL,-0.026911077,0.743716422,0.946867678
HSD17B12,PDvsCTL,-0.096626339,0.236151843,0.719506203
KLHL22,PDvsCTL,0.007211171,0.93488242,0.989573926
AFTPH,PDvsCTL,0.115494427,0.134594596,0.621425281
MRPS30,PDvsCTL,-0.191984254,0.329488344,0.783733352
CCDC92,PDvsCTL,0.102368031,0.236951597,0.719506203
CTTN,PDvsCTL,0.147656394,0.054260244,0.482945682
UCKL1,PDvsCTL,0.242170068,0.14914711,0.635930742
AIG1,PDvsCTL,0.141340264,0.451779694,0.847145812
RDH14,PDvsCTL,-0.025266679,0.682127051,0.932876345
GPN1,PDvsCTL,0.320789998,0.13928904,0.625713967
BOLA3,PDvsCTL,0.060937396,0.65870976,0.926237945
HS1BP3,PDvsCTL,0.003151658,0.976247043,0.99875356
CYBRD1,PDvsCTL,-0.002267456,0.991390487,0.99875356
ATP6V0A1,PDvsCTL,0.008476149,0.921577922,0.986153512
UFD1,PDvsCTL,0.139043843,0.059083536,0.49188411
TMEM9B,PDvsCTL,-0.214324597,0.150024156,0.637971774
VPS28,PDvsCTL,-0.024545969,0.862526892,0.973419552
TOMM22,PDvsCTL,0.040196966,0.614781758,0.914966069
PKIG,PDvsCTL,0.309477193,0.328641826,0.783008023
AHSP,PDvsCTL,-0.467536142,0.093293315,0.569176263
CFL2,PDvsCTL,-0.178550815,0.219722036,0.707774566
SRPRB,PDvsCTL,-0.037593125,0.510005918,0.870500386
ACTBL2,PDvsCTL,0.023932442,0.942586453,0.992247088
AKT3,PDvsCTL,0.042310188,0.461571115,0.85047059
OCIAD2,PDvsCTL,0.006476123,0.960613326,0.996063378
SDK2,PDvsCTL,-0.060128494,0.750532864,0.948905295
HSP90AB4P,PDvsCTL,0.05274044,0.529903796,0.879464237
HSP90AB2P,PDvsCTL,0.288369631,0.088614059,0.561494319
DCAF6,PDvsCTL,0.544434541,0.028787261,0.409421899
CAPN2,PDvsCTL,-0.048665606,0.536091479,0.882808152
RUNDC3A,PDvsCTL,0.10918788,0.150738915,0.638491903
ANXA11,PDvsCTL,0.781109455,0.273973557,0.748382178
GIT1,PDvsCTL,0.005784018,0.890797715,0.978743202
SCLY,PDvsCTL,-1.747621388,0.134920098,0.621704205
PTPRS,PDvsCTL,-0.087626882,0.871087498,0.974767052
DLG3,PDvsCTL,-0.034828111,0.584845674,0.905536924
APBA2,PDvsCTL,-0.019810867,0.792696916,0.959645775
MAN1C1,PDvsCTL,-0.631105449,0.203556416,0.694074586
STRN4,PDvsCTL,-0.000441782,0.995245302,0.999608014
CAST,PDvsCTL,1.043499686,0.044906007,0.474315575
YIF1B,PDvsCTL,-0.160233163,0.374347243,0.802225413
OXLD1,PDvsCTL,0.083033033,0.548323841,0.888845829
ZNF326,PDvsCTL,-0.05438676,0.84262104,0.969250372
DKFZp686E0870,PDvsCTL,-0.091419546,0.417180128,0.825113089
DKFZp686M0430,PDvsCTL,1.008261241,0.073500326,0.528159686
PDZD11,PDvsCTL,0.115938132,0.531734836,0.880275786
CMPK2,PDvsCTL,0.061762049,0.714054699,0.941384796
PRRT3,PDvsCTL,0.037222461,0.702706555,0.93968549
XKR7,PDvsCTL,-0.122549135,0.545532537,0.886582815
XKR4,PDvsCTL,0.066968722,0.771816119,0.955546955
TCEAL5,PDvsCTL,0.154156571,0.039816756,0.456781384
MTX3,PDvsCTL,-0.027985027,0.800971664,0.960946092
RABL3,PDvsCTL,-0.068624693,0.601232873,0.911709274
COQ5,PDvsCTL,0.087416647,0.299785961,0.76493807
DKFZp686E1893,PDvsCTL,0.294841767,0.142892105,0.628637865
DKFZp686E1899,PDvsCTL,0.02722052,0.733431797,0.944362593
DAZAP1/MEF2D,PDvsCTL,0.243114179,0.303285874,0.768412256
NOMO2,PDvsCTL,-0.110325847,0.006173032,0.245113166
EARS2,PDvsCTL,-0.106814826,0.22848169,0.714664544
SH3KBP1,PDvsCTL,-0.016451118,0.757337485,0.952260806
PABPC1L2B,PDvsCTL,-0.041267881,0.626979172,0.917318915
PPM1J,PDvsCTL,0.213660814,0.169257184,0.660658683
MIA3,PDvsCTL,0.039623876,0.485365603,0.856890166
TSC22D3,PDvsCTL,0.163738008,0.123182053,0.610484114
PITRM1,PDvsCTL,-0.065258225,0.609731013,0.914191997
RALGPS1,PDvsCTL,0.124090912,0.418471915,0.825128423
WDR44,PDvsCTL,0.073982873,0.203964082,0.694074586
PRRC2B,PDvsCTL,0.004865258,0.978126317,0.99875356
LRRC73,PDvsCTL,-0.137670595,0.301639497,0.76710157
COA6,PDvsCTL,0.145587798,0.135532892,0.622637893
TOR1AIP1,PDvsCTL,0.050845999,0.319506233,0.777998758
AARS2,PDvsCTL,0.016264281,0.891593965,0.978743202
IQSEC2,PDvsCTL,0.027631571,0.736250583,0.94594524
DLG3,PDvsCTL,-0.146185567,0.633657527,0.918560781
HABP4,PDvsCTL,0.029273365,0.82636222,0.967609221
DKFZp564C0482,PDvsCTL,0.277619071,0.272312843,0.748382178
GPRASP1,PDvsCTL,0.193574639,0.622207976,0.916786029
SNX21,PDvsCTL,-0.57575264,0.2491679,0.72832142
SLC27A3,PDvsCTL,0.112481364,0.571950225,0.899636556
COLEC12,PDvsCTL,-0.235237573,0.239345037,0.720324905
UCHL5,PDvsCTL,-0.302882343,0.001641257,0.162779313
EOGT,PDvsCTL,0.053970421,0.793112537,0.959645775
DNTTIP2,PDvsCTL,0.058498466,0.790868895,0.959645775
CPEB3,PDvsCTL,0.050533475,0.533602887,0.880888787
MRPS18A,PDvsCTL,-0.165575584,0.411220961,0.823002938
RABGAP1L,PDvsCTL,0.065824247,0.197371311,0.691471792
ELFN2,PDvsCTL,0.085449865,0.378623727,0.803565371
ERICH3,PDvsCTL,0.00498179,0.980059888,0.99875356
EXOSC6,PDvsCTL,-0.023828421,0.933632616,0.989045568
PPM1L,PDvsCTL,0.032122696,0.674564608,0.930086683
ATAT1,PDvsCTL,-0.004204776,0.917787813,0.985415021
CAMK1D,PDvsCTL,0.02655027,0.535256468,0.882254904
SAR1A,PDvsCTL,-0.031855474,0.489566777,0.859030591
NUP188,PDvsCTL,0.066566699,0.705271444,0.94132126
PHYHD1,PDvsCTL,0.109012279,0.389711388,0.809044942
HP1BP3,PDvsCTL,-0.010499858,0.914783731,0.985415021
ABCF1,PDvsCTL,0.049295566,0.862487028,0.973419552
CEP170,PDvsCTL,0.086252758,0.056717408,0.486264282
ODR4,PDvsCTL,0.002491806,0.969719105,0.998466092
DNLZ,PDvsCTL,0.181090662,0.407005599,0.820973435
CLVS2,PDvsCTL,0.090520046,0.131378487,0.618613047
SZT2,PDvsCTL,-0.187907737,0.313666312,0.774885071
TPRG1L,PDvsCTL,0.163217223,0.077452557,0.536192302
CC2D1B,PDvsCTL,-0.098614891,0.411203813,0.823002938
FNBP1L,PDvsCTL,-0.234678263,0.150230785,0.638281178
MARCHF8,PDvsCTL,0.214328863,0.274228842,0.748382178
THEM4,PDvsCTL,-0.069178758,0.624273036,0.917075874
SLC35F1,PDvsCTL,0.319183471,0.15686915,0.648110164
ZC3H13,PDvsCTL,-0.01634486,0.872847903,0.974767052
ARMH3,PDvsCTL,0.018881092,0.746199709,0.947714602
MPP7,PDvsCTL,0.008731132,0.89754023,0.979613365
IBA57,PDvsCTL,-0.006284189,0.935816209,0.989573926
GJC2,PDvsCTL,-0.315786437,0.201538314,0.693287946
HECTD3,PDvsCTL,0.012711128,0.877923397,0.974767052
ZFYVE27,PDvsCTL,-0.117069283,0.295197485,0.762040039
UBR4,PDvsCTL,-0.034474051,0.244915826,0.724429425
FAM219A,PDvsCTL,0.225809915,0.171273348,0.663061999
SARS1,PDvsCTL,0.041459272,0.382593963,0.806092084
GOLPH3L,PDvsCTL,0.087362896,0.63846587,0.91992743
KIAA1217,PDvsCTL,0.031380633,0.672111029,0.92969554
ARHGAP21,PDvsCTL,-0.009564101,0.845861173,0.969830878
CAMSAP1,PDvsCTL,-0.03275401,0.556955823,0.893414849
ZNF648,PDvsCTL,0.254860927,0.191721569,0.688902426
C9orf64,PDvsCTL,-0.032411738,0.614335577,0.914966069
FAM162B,PDvsCTL,0.065329011,0.846371347,0.969947352
GPR158,PDvsCTL,0.123982662,0.166669524,0.660658683
FAM102B,PDvsCTL,0.208166181,0.127075096,0.612779792
WASF3,PDvsCTL,0.638747867,0.000865319,0.147629411
FAM102A,PDvsCTL,-0.056582137,0.709499075,0.94132126
PIP5KL1,PDvsCTL,0.124500657,0.537784201,0.884197794
CPTP,PDvsCTL,-0.225413117,0.087785238,0.55937766
UQCC2,PDvsCTL,-0.144906464,0.101236826,0.584795926
FRY,PDvsCTL,0.016548917,0.820912415,0.965590693
LSM14B,PDvsCTL,0.147760463,0.539991446,0.884197794
OGFRL1,PDvsCTL,-0.267396916,0.008859211,0.276362116
DKFZp686D04248,PDvsCTL,-0.078871649,0.792687432,0.959645775
TTBK1,PDvsCTL,0.04811345,0.543637462,0.886471995
SH3PXD2A,PDvsCTL,-0.060735054,0.241597104,0.723072632
FHL5,PDvsCTL,0.275824956,0.271045877,0.748378869
NTPCR,PDvsCTL,0.003190749,0.976248164,0.99875356
WDR3,PDvsCTL,0.453281237,0.530444547,0.879730439
DDI2,PDvsCTL,0.080324559,0.27900567,0.749289915
NDUFAF5,PDvsCTL,-0.017142741,0.861407704,0.973419552
NT5DC1,PDvsCTL,-0.036645431,0.704865976,0.94132126
FAXC,PDvsCTL,0.573202852,0.046221641,0.475502257
ARFGEF3,PDvsCTL,-0.230791152,0.005023958,0.234752697
VPS13D,PDvsCTL,-0.039723839,0.359715006,0.797140295
CROCC,PDvsCTL,0.111020319,0.125499588,0.610880748
PACSIN1,PDvsCTL,0.133249305,0.059703185,0.494457643
TREX1,PDvsCTL,-0.000138634,0.999060294,0.999608014
ASPHD1,PDvsCTL,0.161435173,0.418118178,0.825113089
LYRM7,PDvsCTL,-0.01035725,0.919449174,0.98558343
PNMA2,PDvsCTL,-0.090470907,0.360502903,0.797140295
RAB33B,PDvsCTL,-0.083489185,0.290733705,0.760453651
RASIP1,PDvsCTL,-0.15370122,0.371810171,0.799747013
VPS53,PDvsCTL,-0.012325541,0.784239622,0.958515672
ABHD17B,PDvsCTL,-0.037993011,0.758477259,0.95248917
GKAP1,PDvsCTL,0.378351553,0.260721983,0.736119173
CDC42BPA,PDvsCTL,-0.046022664,0.343224368,0.78814795
RPRD2,PDvsCTL,-0.018928749,0.877951945,0.974767052
MTARC1,PDvsCTL,0.107662453,0.271881254,0.748378869
PRPF38B,PDvsCTL,-0.3397873,0.389698407,0.809044942
TTC39B,PDvsCTL,-0.196471477,0.270836948,0.748378869
RNF20,PDvsCTL,0.209858902,0.016907638,0.342780806
NRSN1,PDvsCTL,0.109382386,0.557188797,0.893414849
SERBP1,PDvsCTL,0.054665062,0.762309426,0.952549632
FAM171A1,PDvsCTL,0.066096514,0.214479252,0.705273564
ATRNL1,PDvsCTL,0.181557939,0.166364259,0.660658683
PLEKHM2,PDvsCTL,0.032740419,0.670552567,0.92969554
YOD1,PDvsCTL,-0.054457095,0.52382418,0.877881469
BROX,PDvsCTL,-0.128926429,0.133401579,0.619869221
FOCAD,PDvsCTL,-0.001852798,0.990423476,0.99875356
SNX30,PDvsCTL,-0.04892412,0.333448973,0.787025807
MLIP,PDvsCTL,0.052301803,0.818827752,0.965590693
DAB2IP,PDvsCTL,0.039274892,0.574261784,0.900711952
PARD3,PDvsCTL,-0.019569329,0.903319929,0.981600809
C1QL3,PDvsCTL,0.006398952,0.953376431,0.993501102
LYPLAL1,PDvsCTL,-0.210265193,0.044107951,0.469495727
ECPAS,PDvsCTL,-0.038522993,0.342160744,0.788076282
JAKMIP3,PDvsCTL,-0.051232138,0.606936036,0.912627525
DENND4C,PDvsCTL,-0.039258271,0.831129528,0.967871303
CARMIL1,PDvsCTL,-0.011780031,0.843425433,0.969250372
RBM17,PDvsCTL,-0.087939582,0.447214583,0.843201702
FAM160B1,PDvsCTL,0.048972711,0.374160451,0.802225413
RNF123,PDvsCTL,-0.088662477,0.062311445,0.504168981
FBXW9,PDvsCTL,-0.250959003,0.3122977,0.774885071
PLCXD3,PDvsCTL,0.083071331,0.314026134,0.774885071
KANK2,PDvsCTL,0.214044714,0.191519768,0.688902426
WASHC2A,PDvsCTL,-0.0169295,0.79562512,0.959645775
LPCAT4,PDvsCTL,0.072229748,0.366847005,0.798365629
TXNDC5,PDvsCTL,-0.028236051,0.664591816,0.928305228
DKFZp666L2010,PDvsCTL,-0.127128686,0.368125628,0.798530652
MAP1S,PDvsCTL,-0.047221612,0.512830629,0.872361251
PPP2R2D,PDvsCTL,-0.094297729,0.243326154,0.723212931
LRG1,PDvsCTL,0.320416351,0.216927461,0.707389205
DKFZp434I2435,PDvsCTL,0.037070456,0.72371623,0.944362593
MBLAC2,PDvsCTL,0.000124007,0.998720946,0.999608014
DKFZp781D1722,PDvsCTL,0.08537155,0.598364937,0.911217644
KCTD16,PDvsCTL,0.060188515,0.541404121,0.884729623
DKFZp781K06126,PDvsCTL,0.026445492,0.895385492,0.979070091
INTS3,PDvsCTL,-0.464494822,0.009120572,0.276811271
GALNT16,PDvsCTL,-0.222277063,0.081860085,0.546749304
DKFZp667H197,PDvsCTL,0.105626043,0.145281067,0.63314653
VIRMA,PDvsCTL,-0.215180176,0.504476654,0.867679795
ANKRD34A,PDvsCTL,-0.103113998,0.2387963,0.719865672
CYB5R2,PDvsCTL,0.000397202,0.998481385,0.999608014
UHRF1BP1,PDvsCTL,-0.029052415,0.764268315,0.952549632
ATL3,PDvsCTL,-0.033002023,0.6519812,0.923896921
NXN,PDvsCTL,-0.007526311,0.971312525,0.998466092
MCTP1,PDvsCTL,0.188967802,0.010917039,0.290534095
VASN,PDvsCTL,0.066889887,0.848344517,0.970596805
CARMIL2,PDvsCTL,0.159842316,0.236050183,0.719506203
RPLP1,PDvsCTL,0.049418088,0.716981103,0.942995991
SH3GL1,PDvsCTL,-0.068903011,0.443645462,0.841195109
NAPG,PDvsCTL,0.01881583,0.638813196,0.91992743
CIAPIN1,PDvsCTL,-0.067937598,0.460536699,0.85047059
PACSIN2,PDvsCTL,0.113517696,0.009759513,0.279967187
CLIC4,PDvsCTL,-0.26456555,0.17774212,0.670072889
TOLLIP,PDvsCTL,0.038894173,0.399920511,0.815833305
SMYD5,PDvsCTL,-0.013253705,0.857735926,0.973158362
PTRHD1,PDvsCTL,0.235077787,0.028441654,0.409421899
OTUD7B,PDvsCTL,0.00879841,0.933216638,0.988896181
SELENOS,PDvsCTL,0.002478935,0.989548177,0.99875356
RALGAPA1,PDvsCTL,-0.087032292,0.090677891,0.564822733
ABLIM2,PDvsCTL,0.085514521,0.220516849,0.707799059
NADSYN1,PDvsCTL,-0.335922246,0.095406367,0.571405496
ELP2,PDvsCTL,-0.108470325,0.358014622,0.797140295
LAMTOR1,PDvsCTL,0.204760424,0.001324668,0.158805609
DNAJC12,PDvsCTL,0.267364089,0.017156938,0.343760035
PIPOX,PDvsCTL,-0.017764312,0.897165801,0.979613365
HYAL3,PDvsCTL,0.399678097,0.025921521,0.39423359
PNMA1,PDvsCTL,0.025784706,0.944167857,0.992702468
FARSA,PDvsCTL,-0.00394516,0.956262026,0.994805711
TWF2,PDvsCTL,-0.063141754,0.125653151,0.610880748
GRAMD4,PDvsCTL,0.027421965,0.813681544,0.963901736
KIAA0930,PDvsCTL,0.079068996,0.614078617,0.914966069
OLFM3,PDvsCTL,-0.05415243,0.694764623,0.937294136
RPL14,PDvsCTL,0.169556586,0.271601077,0.748378869
TCEAL6,PDvsCTL,0.278601701,0.001129243,0.156204663
CCSAP,PDvsCTL,-0.020513653,0.861179892,0.973419552
NAPEPLD,PDvsCTL,0.07042933,0.401872151,0.817151428
RAB12,PDvsCTL,0.07000718,0.22307925,0.709716357
SDE2,PDvsCTL,-0.242493292,0.084693374,0.551492681
SLC25A25,PDvsCTL,0.03463925,0.583760631,0.905049464
PDE12,PDvsCTL,-0.121470488,0.006533973,0.246067389
STX12,PDvsCTL,0.10613132,0.022084184,0.384267974
STAG2,PDvsCTL,-0.160177313,0.201729826,0.693615027
DKFZp686G11190,PDvsCTL,0.864673675,0.126852124,0.612380758
RGS7BP,PDvsCTL,0.102951418,0.371910713,0.799747013
DKFZp686C11235,PDvsCTL,0.884237437,0.018878218,0.358203726
DKFZp686M08189,PDvsCTL,0.31087897,0.634817505,0.919468687
TENM4,PDvsCTL,0.167679737,0.038684478,0.453498003
DKFZp686P15220,PDvsCTL,-0.376794447,0.25755922,0.732393642
DKFZp686I04196,PDvsCTL,0.391669457,0.170324827,0.660658683
IGL@,PDvsCTL,0.282893209,0.310785909,0.774885071
SLC18B1,PDvsCTL,-0.089712845,0.780587383,0.957987553
RHBDD2,PDvsCTL,-0.171236223,0.078768393,0.538719255
SLC25A24,PDvsCTL,0.137892289,0.059325004,0.492753757
RETSAT,PDvsCTL,-0.166197,0.101365361,0.584795926
PPP4R4,PDvsCTL,-0.303644975,0.08795497,0.559503368
CLMN,PDvsCTL,-0.100085007,0.497854488,0.863948693
CRACDL,PDvsCTL,0.150407277,0.066662311,0.514297414
LGALS3,PDvsCTL,0.177218567,0.411627265,0.823002938
EXOC4,PDvsCTL,-0.110821218,0.003676785,0.211576898
ARMC6,PDvsCTL,-0.280382429,0.005012092,0.234752697
WDR13,PDvsCTL,0.035472153,0.592752807,0.909928902
TAPT1,PDvsCTL,0.266319098,0.0724307,0.526788702
KANK3,PDvsCTL,-0.450860513,0.166730643,0.660658683
MAP2,PDvsCTL,-0.745382083,0.23775082,0.719506203
CAVIN1,PDvsCTL,0.133140965,0.496552133,0.862937786
DHX57,PDvsCTL,-0.723001983,0.094708318,0.57072933
MRPL54,PDvsCTL,-0.122872701,0.324381563,0.780025493
LPCAT3,PDvsCTL,-0.347622213,0.454997571,0.849415398
FAM117B,PDvsCTL,0.239595655,0.080009873,0.543368773
CC2D1A,PDvsCTL,0.074998397,0.219120893,0.707389205
C8orf82,PDvsCTL,0.093992817,0.186453036,0.684962558
EDC4,PDvsCTL,0.009263563,0.895227157,0.979070091
PNCK,PDvsCTL,-0.201740794,0.384905784,0.806572182
PRPF8,PDvsCTL,0.018280811,0.721578813,0.944362593
NIPAL3,PDvsCTL,0.157911164,0.182059395,0.676072912
SFXN4,PDvsCTL,0.081464014,0.417034601,0.825113089
CNNM4,PDvsCTL,-0.098220319,0.529116943,0.879117124
PCDHAC2,PDvsCTL,0.278318773,0.211561842,0.701992334
FAHD1,PDvsCTL,0.014303684,0.842422165,0.969250372
CGNL1,PDvsCTL,0.29633386,0.275240258,0.748382178
ANKRD16,PDvsCTL,-0.212570672,0.191021834,0.688902426
ALKBH5,PDvsCTL,0.008151846,0.968500606,0.998466092
LRRC8B,PDvsCTL,0.039039478,0.665811298,0.928924936
ABHD17C,PDvsCTL,0.289648788,0.13301865,0.619869221
PGM2L1,PDvsCTL,0.034432288,0.632823906,0.918560781
TTC37,PDvsCTL,-0.08839956,0.087283839,0.55937766
TMEM65,PDvsCTL,-0.021245053,0.790033321,0.959645775
TTC33,PDvsCTL,0.559139117,0.008252573,0.27216851
HAGHL,PDvsCTL,-0.098006982,0.253501262,0.730613348
KCNIP4,PDvsCTL,-0.153727384,0.458769763,0.85047059
HEL-213,PDvsCTL,0.397329071,0.163539095,0.656437897
BTF3L4,PDvsCTL,-0.001589621,0.979919714,0.99875356
WDR59,PDvsCTL,-0.403867521,0.00683133,0.253969323
LARP1,PDvsCTL,-0.062799996,0.233203767,0.719501899
TMED8,PDvsCTL,0.217068807,0.029076636,0.409421899
CPLX2,PDvsCTL,0.219187665,0.03175299,0.418160584
TRAF7,PDvsCTL,-0.59663185,0.377936279,0.803565371
CORO6,PDvsCTL,0.066407626,0.687060946,0.935453553
GNE,PDvsCTL,0.013645188,0.920367237,0.985998801
RICTOR,PDvsCTL,0.140382817,0.362792106,0.797812197
POTEE,PDvsCTL,0.255367983,0.031065115,0.415016864
SLC4A10,PDvsCTL,-0.200150291,0.070184511,0.518846029
ANKRD11,PDvsCTL,0.59784582,0.072796162,0.527313989
FIP1L1,PDvsCTL,0.11055347,0.364787701,0.798028569
CRTC3,PDvsCTL,-0.028075809,0.908200404,0.983892156
CRTC1,PDvsCTL,0.134961926,0.153944392,0.64229815
CSPG4,PDvsCTL,-0.442380052,0.001221074,0.156397195
MOXD1,PDvsCTL,-0.011977832,0.925177943,0.987066885
UQCC3,PDvsCTL,0.622778227,0.483012004,0.855442106
ENPP6,PDvsCTL,-0.357287879,0.210371362,0.701855848
OLFML1,PDvsCTL,0.373828814,0.50619516,0.868169781
CWC27,PDvsCTL,0.422714167,0.016420904,0.342363943
SEZ6L2,PDvsCTL,-0.011609492,0.884468867,0.976484634
CRELD2,PDvsCTL,-0.388488612,0.029098322,0.409421899
ISLR2,PDvsCTL,-0.032513366,0.825768143,0.967455416
KSR2,PDvsCTL,0.050582802,0.592625758,0.909928902
HBB,PDvsCTL,0.230026241,0.253732317,0.730613348
NSMF,PDvsCTL,-0.362592082,0.160769045,0.652971057
NAPRT,PDvsCTL,0.167457552,0.236918969,0.719506203
DSTYK,PDvsCTL,-0.048001316,0.743592399,0.946867678
HACD2,PDvsCTL,-0.050289168,0.4799983,0.85332108
B3GLCT,PDvsCTL,-0.092425345,0.515385162,0.87433148
CD109,PDvsCTL,0.075414821,0.580927763,0.902742462
HSDL2,PDvsCTL,-0.024449294,0.560130745,0.894628979
PPP1R21,PDvsCTL,-0.024658051,0.621396715,0.916486891
THSD4,PDvsCTL,0.519678401,0.133904296,0.620969069
EML6,PDvsCTL,-0.098895149,0.583743237,0.905049464
TPM1,PDvsCTL,0.120078069,0.314646592,0.775617868
UNC5A,PDvsCTL,-0.051049551,0.650295174,0.923458872
ATG14,PDvsCTL,-0.300631871,0.112206083,0.599205839
C1orf122,PDvsCTL,-0.206109181,0.326796131,0.781210434
MFSD6,PDvsCTL,0.057760297,0.386590956,0.808122274
PPP1R3F,PDvsCTL,-0.068403806,0.376967659,0.803177835
TBC1D9,PDvsCTL,-0.78485082,0.049255826,0.475502257
UBR3,PDvsCTL,-0.144997495,0.035439933,0.435759728
BARGIN,PDvsCTL,0.094248137,0.505825959,0.868169781
ANKRD13D,PDvsCTL,-0.107170969,0.172926628,0.666235264
TPGS1,PDvsCTL,-0.204457177,0.695673798,0.937294136
PNPLA7,PDvsCTL,0.374981938,0.363059238,0.797812197
SH2D5,PDvsCTL,-0.012213467,0.900962781,0.980251142
NYAP1,PDvsCTL,0.038095947,0.79338501,0.959645775
NUDT18,PDvsCTL,0.315098837,0.014791661,0.331453016
KIAA1549L,PDvsCTL,-0.061695122,0.504934946,0.868068133
KCTD8,PDvsCTL,0.154613866,0.167105869,0.660658683
VPS13C,PDvsCTL,-0.011084512,0.76324113,0.952549632
USP34,PDvsCTL,0.086480838,0.656107116,0.925496037
USP31,PDvsCTL,0.140365492,0.187515108,0.685017736
USP54,PDvsCTL,-0.153065239,0.47193045,0.852968781
ZNF365,PDvsCTL,-0.126042447,0.299751943,0.76493807
PREX2,PDvsCTL,-0.079888451,0.758618003,0.95248917
UBE2R2,PDvsCTL,-0.138325763,0.199184479,0.692322457
TMUB2,PDvsCTL,0.092959493,0.334314963,0.787025807
TUBA1A,PDvsCTL,-0.160741439,0.036248827,0.440987543
PGAP1,PDvsCTL,0.026551513,0.878646968,0.974767052
KNDC1,PDvsCTL,-0.043977635,0.694795381,0.937294136
BTN2A1,PDvsCTL,-0.033598383,0.77785142,0.957242988
SUPT6H,PDvsCTL,0.090396543,0.575361359,0.90145377
COX15,PDvsCTL,0.100635716,0.276832997,0.748382178
TRMT10C,PDvsCTL,-0.110964194,0.179699967,0.67392172
EIF3M,PDvsCTL,-0.098837112,0.029910061,0.409796325
PARS2,PDvsCTL,-0.089442238,0.208683289,0.701101775
MIGA2,PDvsCTL,-0.146023207,0.680757881,0.932876345
RSRC2,PDvsCTL,0.18041131,0.207270601,0.698917856
RRAGA,PDvsCTL,-0.032227771,0.671345435,0.92969554
CYFIP1,PDvsCTL,0.003532978,0.945407648,0.992702468
GET4,PDvsCTL,0.027175514,0.889166165,0.97809638
LPCAT2,PDvsCTL,-0.138830432,0.477547433,0.852968781
EPM2AIP1,PDvsCTL,-0.161576129,0.024257823,0.387845416
RAB11FIP2,PDvsCTL,0.01666046,0.88997993,0.978542592
FASTKD5,PDvsCTL,-0.28654386,0.10237916,0.585849877
MOB1A,PDvsCTL,0.086320576,0.171270656,0.663061999
KDM3B,PDvsCTL,0.001249007,0.996816269,0.999608014
ARC,PDvsCTL,-0.200230937,0.375324318,0.802225413
CAMK2A,PDvsCTL,0.103456358,0.207577145,0.699147138
RASGRP2,PDvsCTL,-0.03895165,0.711284312,0.94132126
SYNE1,PDvsCTL,-0.070015047,0.568874112,0.898334027
NIPA1,PDvsCTL,-0.076423256,0.789925601,0.959645775
MICAL3,PDvsCTL,-0.005325625,0.926919937,0.987194231
KLC1,PDvsCTL,-0.061969719,0.082064002,0.546749304
GPRIN1,PDvsCTL,0.088404924,0.367771964,0.798530652
EFL1,PDvsCTL,0.224347421,0.250507957,0.728340096
NEGR1,PDvsCTL,0.062946815,0.384170985,0.806572182
POGZ,PDvsCTL,0.041393147,0.651414972,0.923458872
MON2,PDvsCTL,-0.062028557,0.275041251,0.748382178
MYH14,PDvsCTL,-0.050212616,0.519892169,0.876191278
NUFIP2,PDvsCTL,0.07530675,0.477857825,0.852968781
SZRD1,PDvsCTL,0.332779887,0.415723964,0.824456155
MAVS,PDvsCTL,0.181719148,0.230226742,0.71711582
COMMD6,PDvsCTL,-0.244860256,0.028675431,0.409421899
TTC21B,PDvsCTL,-0.051328604,0.732233134,0.944362593
HDGFL2,PDvsCTL,-0.056688816,0.666764833,0.928924936
DCXR,PDvsCTL,0.055614009,0.335941081,0.787025807
AK3,PDvsCTL,-0.09162101,0.193957608,0.689246675
MDGA2,PDvsCTL,0.042157631,0.806392795,0.962595882
GOLGA7,PDvsCTL,-0.156299866,0.183593263,0.678469474
IRF2BP2,PDvsCTL,-0.256113899,0.095329212,0.571405496
SPRED1,PDvsCTL,-0.038378918,0.624845152,0.917075874
RBBP6,PDvsCTL,-0.013198186,0.944057215,0.992702468
NECAB2,PDvsCTL,-0.007152545,0.961334759,0.996236986
HBA2,PDvsCTL,-0.139647591,0.828271946,0.967871303
SH3RF1,PDvsCTL,-0.252980269,0.223329689,0.709716357
TAMALIN,PDvsCTL,-0.193715068,0.151898695,0.638578206
FRMD5,PDvsCTL,-0.106196471,0.300303435,0.76598674
PTAR1,PDvsCTL,0.073865577,0.672933064,0.929850828
PRRT2,PDvsCTL,0.166659032,0.038125495,0.450306543
TECPR1,PDvsCTL,-0.121211686,0.186977236,0.685017736
PXK,PDvsCTL,-0.172661647,0.181987148,0.676072912
UBE2Q1,PDvsCTL,-0.078598572,0.60414255,0.912015252
TMED4,PDvsCTL,-0.173271304,0.083808538,0.549433825
CAMK2N1,PDvsCTL,0.766008675,0.043597572,0.466662696
CMC1,PDvsCTL,0.14500152,0.216641551,0.707354823
CENPV,PDvsCTL,-0.117963342,0.243414337,0.723212931
MEGF8,PDvsCTL,0.040269559,0.59796127,0.911217644
SCD5,PDvsCTL,-0.184584064,0.03790368,0.449584675
ADGRA1,PDvsCTL,-0.173854627,0.127105165,0.612779792
GLRX5,PDvsCTL,-0.036666826,0.691965015,0.936527639
TRAPPC6B,PDvsCTL,-0.031228532,0.741982789,0.946867678
PIP4P1,PDvsCTL,0.013274527,0.862470311,0.973419552
CLEC14A,PDvsCTL,-0.253909622,0.334043751,0.787025807
BCL2L13,PDvsCTL,-0.433941149,0.574535638,0.900945029
MOB3B,PDvsCTL,-1.056114008,0.001815676,0.162779313
DPP9,PDvsCTL,0.022831089,0.737441894,0.94622001
PRUNE1,PDvsCTL,-0.021170474,0.69309157,0.936527639
TTC7B,PDvsCTL,-0.06582523,0.363611593,0.797812197
ADCK1,PDvsCTL,-0.234567738,0.184547823,0.680395946
ISCA2,PDvsCTL,0.126896856,0.216093622,0.706849215
METTL3,PDvsCTL,-0.003696188,0.994325193,0.999608014
LDB1,PDvsCTL,0.021624446,0.949490684,0.992975646
C12orf10,PDvsCTL,-0.002719429,0.981083942,0.99875356
ZNF598,PDvsCTL,0.095381039,0.482092935,0.854352158
MAGI2,PDvsCTL,0.034883777,0.510505234,0.870982958
RIMS1,PDvsCTL,-0.008066714,0.935634924,0.989573926
SMG6,PDvsCTL,-0.133890435,0.470168633,0.852968781
NLRX1,PDvsCTL,-0.062591606,0.435109377,0.834181705
HAPLN4,PDvsCTL,0.217326405,0.081509662,0.546146354
FERMT3,PDvsCTL,-0.064520872,0.666428014,0.928924936
NT5DC3,PDvsCTL,0.096164659,0.324332467,0.780025493
FAM124A,PDvsCTL,0.679515013,0.198599002,0.691471792
PNMA8A,PDvsCTL,-0.008507202,0.970609651,0.998466092
GPR180,PDvsCTL,0.136015632,0.19168719,0.688902426
FAM160B2,PDvsCTL,-0.269428011,0.329769698,0.784143284
KBTBD6,PDvsCTL,-0.246511108,0.0968618,0.572455486
KIF27,PDvsCTL,0.389211224,0.112490941,0.599245253
LRRTM3,PDvsCTL,-0.153935712,0.248610049,0.727523224
VPS36,PDvsCTL,0.03195727,0.658864528,0.926237945
GLCCI1,PDvsCTL,0.047523401,0.714818584,0.941661837
RETREG3,PDvsCTL,-0.047036842,0.731457626,0.944362593
HOOK3,PDvsCTL,-0.032033799,0.42352623,0.827080454
RTTN,PDvsCTL,0.248131103,0.174342424,0.667604074
COMMD7,PDvsCTL,0.002636175,0.985931476,0.99875356
TSPYL5,PDvsCTL,0.039839911,0.841249744,0.969250372
THOC6,PDvsCTL,-0.170160301,0.469130562,0.852968781
PPFIBP1,PDvsCTL,0.035311073,0.866998225,0.974767052
LONP2,PDvsCTL,0.211241,0.693753258,0.93676876
OSTM1,PDvsCTL,0.043529917,0.702282547,0.939409195
SBF2,PDvsCTL,0.009426283,0.878821678,0.974767052
PKHD1L1,PDvsCTL,0.614295742,0.109327202,0.597107488
CCDC25,PDvsCTL,0.115616597,0.578075193,0.902742462
LDHD,PDvsCTL,-0.198249427,0.144428156,0.631532964
CCDC43,PDvsCTL,-0.031928731,0.64092304,0.921109422
RALGAPB,PDvsCTL,-0.121938345,0.060185105,0.496458093
CARM1,PDvsCTL,0.006983587,0.89519665,0.979070091
NIT1,PDvsCTL,-0.032017246,0.607987173,0.912996187
COMMD2,PDvsCTL,0.079031971,0.340705488,0.788004686
FAM131B,PDvsCTL,0.104956914,0.152874798,0.639951682
SNX32,PDvsCTL,0.024067347,0.866120608,0.974656685
MICU3,PDvsCTL,-0.012645702,0.881470018,0.974926647
HOGA1,PDvsCTL,0.645096785,0.012901209,0.31582731
ANKLE2,PDvsCTL,0.026706415,0.888342085,0.977638406
NDUFA11,PDvsCTL,0.110015256,0.118864034,0.608396051
LYPD6,PDvsCTL,-0.200756921,0.343338685,0.78814795
HOMER1,PDvsCTL,-0.082060131,0.406226756,0.820973435
HZGJ,PDvsCTL,0.119917754,0.319291194,0.777888944
CPNE8,PDvsCTL,0.03336008,0.747621368,0.948270235
MCF2L2,PDvsCTL,0.137590465,0.647772184,0.923458872
SLC13A5,PDvsCTL,-0.009039621,0.963804361,0.997004477
MIB1,PDvsCTL,0.003482825,0.970662293,0.998466092
PRAG1,PDvsCTL,0.161087225,0.371122199,0.799747013
HPS6,PDvsCTL,-0.524836216,0.341293923,0.788076282
CRLF3,PDvsCTL,0.143488232,0.439159144,0.837451081
CLVS1,PDvsCTL,-0.116417511,0.472594353,0.852968781
TRAPPC5,PDvsCTL,-0.043415638,0.474916649,0.852968781
ARMC8,PDvsCTL,-0.033240842,0.559144443,0.894628979
EPHX4,PDvsCTL,-0.138560968,0.076742173,0.53531995
AEBP1,PDvsCTL,0.151840575,0.659808485,0.926368848
HID1,PDvsCTL,-0.056027212,0.488173262,0.858736279
LYSMD2,PDvsCTL,0.192858482,0.070461446,0.520354487
NUDCD3,PDvsCTL,0.174927431,0.014021349,0.325259399
AHNAK2,PDvsCTL,-0.154500415,0.186233253,0.684731395
NAV3,PDvsCTL,0.184235078,0.323808841,0.779884394
CCDC50,PDvsCTL,0.082881371,0.701440995,0.939323339
MUSTN1,PDvsCTL,0.157825198,0.288713829,0.756821637
SBSPON,PDvsCTL,0.174024084,0.543875516,0.886471995
FUNDC1,PDvsCTL,0.338428863,0.056382339,0.485117421
MCAT,PDvsCTL,0.037124615,0.863179269,0.973784266
KSR1,PDvsCTL,0.291296784,0.116457132,0.6039482
NAXD,PDvsCTL,0.039269455,0.429218706,0.830958075
SLITRK4,PDvsCTL,0.035847189,0.730916945,0.944362593
TMEM151B,PDvsCTL,-0.237507565,0.479431778,0.852968781
DCUN1D3,PDvsCTL,0.022835668,0.839183276,0.968899727
GCC2,PDvsCTL,-0.096228986,0.114891289,0.602177396
BRSK2,PDvsCTL,0.024848198,0.613933687,0.914966069
ZC3H7A,PDvsCTL,0.181219805,0.187438553,0.685017736
LMTK2,PDvsCTL,0.009590743,0.940034638,0.991011161
UBR1,PDvsCTL,-0.044840934,0.242879768,0.723212931
UBR2,PDvsCTL,0.18175708,0.103012286,0.586842844
ANKHD1,PDvsCTL,-0.31331749,0.142304473,0.628602877
UEVLD,PDvsCTL,-0.010593829,0.928728397,0.987194231
CCAR1,PDvsCTL,-0.015674425,0.841281221,0.969250372
DNAJC10,PDvsCTL,-0.013325337,0.864621991,0.974319256
RHOT2,PDvsCTL,-0.370909216,0.035732241,0.437856914
RHOT1,PDvsCTL,-0.020610449,0.659841128,0.926368848
SIRT2,PDvsCTL,-0.275092886,0.28628337,0.755405826
MRPL41,PDvsCTL,-0.594950062,0.004363685,0.228467188
PALM2AKAP2,PDvsCTL,-0.179064212,0.146486641,0.633316073
FAM126B,PDvsCTL,0.107130265,0.140881401,0.625778733
PNPLA6,PDvsCTL,0.129803683,0.027983302,0.408283749
PLPP6,PDvsCTL,-0.126774751,0.47110911,0.852968781
MICALL2,PDvsCTL,0.080558959,0.541662711,0.884755706
AMN1,PDvsCTL,0.039733828,0.649054588,0.923458872
TMEM192,PDvsCTL,0.016871548,0.897712992,0.979613365
PEX5L,PDvsCTL,-0.071256841,0.187854444,0.685017736
DIS3L2,PDvsCTL,-0.059991808,0.346517447,0.789309323
SUPV3L1,PDvsCTL,-0.068244801,0.253413951,0.730613348
GSPT2,PDvsCTL,-0.361740691,0.073237769,0.527854979
EXOC8,PDvsCTL,-0.071347969,0.091472015,0.567694743
CPNE9,PDvsCTL,0.289753435,0.290867664,0.760527482
COLGALT2,PDvsCTL,-0.259135145,0.663083099,0.92751975
THNSL1,PDvsCTL,-0.055115491,0.253907127,0.730613348
HACE1,PDvsCTL,-0.031577543,0.532987811,0.880519368
DDX20,PDvsCTL,-0.276486074,0.238412329,0.719865672
ELMOD2,PDvsCTL,-0.061213044,0.616175717,0.914966069
ALDH16A1,PDvsCTL,0.028942674,0.816018807,0.964789489
DOCK3,PDvsCTL,-0.04755083,0.43396586,0.832943399
XRN1,PDvsCTL,-0.171551853,0.112551138,0.599245253
UNC5B,PDvsCTL,-0.134017543,0.506081102,0.868169781
WDFY3,PDvsCTL,-0.113991073,0.081949821,0.546749304
CACNA2D3,PDvsCTL,0.077929065,0.145581965,0.63314653
FAM185A,PDvsCTL,-0.04773021,0.624785153,0.917075874
FCSK,PDvsCTL,-0.018860335,0.861466762,0.973419552
TTC5,PDvsCTL,-0.137364182,0.215923596,0.706849215
PUSL1,PDvsCTL,-0.197108279,0.232498251,0.719044476
CEND1,PDvsCTL,0.075539453,0.320600186,0.778775282
CYP4X1,PDvsCTL,-0.072541562,0.63325571,0.918560781
RPTOR,PDvsCTL,-0.006523638,0.894535492,0.979070091
CADM3,PDvsCTL,0.058100487,0.27575139,0.748382178
FAM177A1,PDvsCTL,-0.053639566,0.722801883,0.944362593
CNPY4,PDvsCTL,0.136467312,0.515685071,0.874368834
LGI4,PDvsCTL,0.23086857,0.037534973,0.44848681
ADSS1,PDvsCTL,-0.197594921,0.264895464,0.741975495
LGI3,PDvsCTL,-0.059732478,0.744409387,0.946867678
NUP93,PDvsCTL,0.049376398,0.308824417,0.774020273
CMTR1,PDvsCTL,-0.034902646,0.838769812,0.968577822
H2BU1,PDvsCTL,0.091935278,0.465691747,0.851637161
UNC80,PDvsCTL,0.038636634,0.771774719,0.955546955
ABHD12,PDvsCTL,-0.020912226,0.708072537,0.94132126
GPD1L,PDvsCTL,0.10303731,0.054264476,0.482945682
TMEM106B,PDvsCTL,-0.075931736,0.783157932,0.958515672
IGL@,PDvsCTL,0.111020942,0.65381128,0.924703885
SLC35F6,PDvsCTL,-0.274018507,0.096099235,0.572305833
ASCC3,PDvsCTL,-0.174399915,0.275995975,0.748382178
EHBP1L1,PDvsCTL,-0.17467352,0.354616599,0.795711898
DKFZp761L1023,PDvsCTL,0.206376555,0.108347331,0.595827484
PLCD3,PDvsCTL,-0.027744259,0.740637103,0.946867678
MTURN,PDvsCTL,-0.130861777,0.734193438,0.944362593
SRR,PDvsCTL,-0.233718692,0.104280448,0.586842844
MICALL1,PDvsCTL,-0.209763637,0.189833642,0.687145203
DKFZp761K058,PDvsCTL,0.122173575,0.284209279,0.753143246
TMEM132C,PDvsCTL,-0.327092498,0.366213101,0.798365629
SYNPO,PDvsCTL,0.104342667,0.505834693,0.868169781
FBXL16,PDvsCTL,-0.386920193,0.037725272,0.449584675
D2HGDH,PDvsCTL,0.036180205,0.80655107,0.962595882
PNKD,PDvsCTL,0.17648659,0.119760789,0.608396051
ATP13A2,PDvsCTL,-0.028723067,0.844562545,0.969250372
RBP7,PDvsCTL,-0.370718584,0.216460334,0.707354823
HDDC3,PDvsCTL,0.070975489,0.381439075,0.804601544
SPARCL1,PDvsCTL,-1.531168856,0.092601739,0.568253976
CBR4,PDvsCTL,0.098263091,0.238947508,0.719865672
MMGT1,PDvsCTL,0.024090127,0.821571097,0.965590693
SVOP,PDvsCTL,0.024293496,0.72492341,0.944362593
AFAP1,PDvsCTL,-0.482298667,0.012606682,0.31582731
DCLK2,PDvsCTL,0.020353618,0.73332804,0.944362593
OXR1,PDvsCTL,0.146986548,0.029075024,0.409421899
TTC39C,PDvsCTL,0.118705676,0.139020894,0.625713967
TAB3,PDvsCTL,0.340751805,0.142714596,0.628637865
WDTC1,PDvsCTL,-0.305609796,0.008530886,0.272722939
SMIM20,PDvsCTL,0.042777281,0.83514752,0.967871303
MACO1,PDvsCTL,0.134962532,0.250914327,0.728340096
MINDY1,PDvsCTL,-0.009512698,0.967354358,0.998097875
CISD2,PDvsCTL,-0.045271006,0.488284635,0.858736279
ATPAF2,PDvsCTL,0.149901612,0.207762987,0.69931641
JAGN1,PDvsCTL,-0.06710953,0.457831424,0.85047059
MRPL50,PDvsCTL,-0.353610902,0.030635867,0.414997723
CAMKK1,PDvsCTL,0.04038994,0.517626549,0.874832652
NGEF,PDvsCTL,-0.038308376,0.627377834,0.917318915
DPP10,PDvsCTL,-0.0041118,0.948776832,0.992959485
IGSF1,PDvsCTL,-0.04628267,0.694957714,0.937294136
ANKRD29,PDvsCTL,0.139541369,0.109918618,0.59791064
TTC9B,PDvsCTL,-0.164467907,0.159820027,0.65156401
ACBD7,PDvsCTL,-0.134659519,0.373449176,0.801856694
LRRC17,PDvsCTL,0.1235783,0.86050839,0.973419552
EMC1,PDvsCTL,0.087950594,0.08879923,0.561494319
AMER2,PDvsCTL,0.061156221,0.592916604,0.909928902
CCNYL1,PDvsCTL,-0.075990547,0.796944585,0.959645775
ANKRD44,PDvsCTL,0.010369673,0.926853219,0.987194231
ARL10,PDvsCTL,-0.033173824,0.825745993,0.967455416
PTGR2,PDvsCTL,0.042000828,0.636823332,0.91992743
SLC25A29,PDvsCTL,-0.079752658,0.764327285,0.952549632
C2orf69,PDvsCTL,-0.074853849,0.370356458,0.799747013
ENAH,PDvsCTL,-0.029676917,0.589992993,0.908537946
NECAB1,PDvsCTL,0.038441568,0.562016624,0.89536779
JMY,PDvsCTL,0.042593531,0.656753089,0.925496037
NAT8L,PDvsCTL,-0.076157045,0.457789321,0.85047059
GDPD1,PDvsCTL,-0.026768724,0.635360014,0.919916381
SCAI,PDvsCTL,-0.124647761,0.200219126,0.692748609
UNC13C,PDvsCTL,0.004292372,0.987142709,0.99875356
SPATA5,PDvsCTL,0.244567814,0.499673638,0.865341666
NHLRC2,PDvsCTL,0.02442514,0.728070282,0.944362593
COLGALT1,PDvsCTL,-0.269017478,0.418002538,0.825113089
PCYOX1L,PDvsCTL,0.094082907,0.605970817,0.912627525
ATAD1,PDvsCTL,0.020465132,0.738506762,0.94622001
SCCPDH,PDvsCTL,-0.013967217,0.791083555,0.959645775
RETREG2,PDvsCTL,0.027225229,0.772821227,0.955658139
SERBP1,PDvsCTL,0.104386087,0.181047359,0.676072912
KCNH5,PDvsCTL,0.216475771,0.354366029,0.795553947
SMG8,PDvsCTL,0.076934347,0.377356508,0.803292501
LSM14A,PDvsCTL,0.044424172,0.603137901,0.912015252
MAPK1IP1L,PDvsCTL,0.220106336,0.428429375,0.830958075
NPEPL1,PDvsCTL,-0.0049246,0.939801665,0.990910785
EHBP1,PDvsCTL,-0.066152878,0.133073134,0.619869221
RCBTB1,PDvsCTL,0.566333177,0.01859341,0.356555727
RBM15B,PDvsCTL,0.021018281,0.945438217,0.992702468
TNRC6A,PDvsCTL,0.062035537,0.827367638,0.967841181
CNNM3,PDvsCTL,-0.012077745,0.85458474,0.972631018
MCU,PDvsCTL,0.053085122,0.390698136,0.809044942
SRFBP1,PDvsCTL,-0.061207399,0.746376557,0.947714602
DENND6B,PDvsCTL,-0.007263135,0.964042002,0.997004477
DDHD1,PDvsCTL,-0.032860913,0.752346052,0.950241467
PDZD8,PDvsCTL,-0.06985182,0.410056372,0.822854691
VPS37A,PDvsCTL,0.165707281,0.478730545,0.852968781
LPCAT1,PDvsCTL,0.080921737,0.183458758,0.678469474
SYNE1,PDvsCTL,-0.02635708,0.561348084,0.894686362
USP32,PDvsCTL,-0.123533511,0.054957076,0.483337336
BOD1L1,PDvsCTL,0.537240481,0.409894353,0.822854691
FLAD1,PDvsCTL,-0.189952817,0.11991585,0.608396051
FLCN,PDvsCTL,0.069867711,0.73497266,0.944552143
REPS2,PDvsCTL,0.040854258,0.461217289,0.85047059
BBS1,PDvsCTL,0.102259236,0.756491722,0.951967277
TSTD1,PDvsCTL,0.270486047,0.051016919,0.477257596
ABHD11,PDvsCTL,-0.109242868,0.450078444,0.846337892
CMAS,PDvsCTL,-0.069954524,0.237628542,0.719506203
MYRIP,PDvsCTL,-0.304510141,0.102656697,0.586504861
STXBP6,PDvsCTL,0.119502043,0.170331662,0.660658683
NLGN2,PDvsCTL,0.105325453,0.142535319,0.628637865
CADM4,PDvsCTL,-0.132993536,0.211461106,0.701992334
TTL,PDvsCTL,-0.253980853,0.026590458,0.39813806
SVIP,PDvsCTL,0.189471389,0.027517442,0.405316732
MOSPD2,PDvsCTL,-0.22953818,0.106994386,0.591793136
PLBD2,PDvsCTL,-0.060487376,0.529309362,0.879117124
THOC2,PDvsCTL,-0.07279314,0.532946326,0.880519368
PPTC7,PDvsCTL,-0.131346166,0.52892576,0.879117124
PCDH19,PDvsCTL,0.36665867,0.015929757,0.342363943
PPP1R14C,PDvsCTL,0.180186525,0.334981256,0.787025807
ERMN,PDvsCTL,-0.229775515,0.33934264,0.787549298
ICAM5,PDvsCTL,-0.044290081,0.701699812,0.939387073
LMO3,PDvsCTL,0.308409943,0.290318931,0.759644988
GDAP1,PDvsCTL,0.044215284,0.52689201,0.879117124
NUBPL,PDvsCTL,0.051291362,0.433049296,0.832363619
DEPTOR,PDvsCTL,-0.200800329,0.223209244,0.709716357
ITFG1,PDvsCTL,0.005119817,0.935511411,0.989573926
SLC7A14,PDvsCTL,0.087631239,0.211378193,0.701992334
CNIH3,PDvsCTL,-0.280662608,0.055526822,0.483337336
NANP,PDvsCTL,0.402589872,0.292329065,0.760993924
FAM81A,PDvsCTL,-0.012832614,0.918560783,0.985415021
SYNPR,PDvsCTL,0.206670652,0.064232933,0.509964111
DNAJB14,PDvsCTL,-0.106188845,0.241760515,0.723072632
SLC25A40,PDvsCTL,-0.202151379,0.204695712,0.695172924
TMEM167A,PDvsCTL,-0.264492529,0.000946429,0.147629411
PIP4K2C,PDvsCTL,0.05119241,0.2860676,0.755334943
MDM1,PDvsCTL,0.578293236,0.056263851,0.485117421
TBC1D15,PDvsCTL,0.063947993,0.266187868,0.743657406
TMEM163,PDvsCTL,-0.000182051,0.998797092,0.999608014
C18orf32,PDvsCTL,-0.274659421,0.140141985,0.625778733
NT5C,PDvsCTL,0.154834635,0.307800758,0.773613309
DENND10,PDvsCTL,0.056612753,0.461502207,0.85047059
STT3B,PDvsCTL,0.048320472,0.701057512,0.939268984
PNPT1,PDvsCTL,-0.02154623,0.743701309,0.946867678
PREX1,PDvsCTL,-0.215940968,0.00813369,0.270859398
BICD2,PDvsCTL,-0.084737234,0.589407165,0.908227451
SLC2A12,PDvsCTL,-0.06830601,0.655998042,0.925496037
SFXN5,PDvsCTL,-0.032713688,0.545087056,0.886471995
PLEKHO2,PDvsCTL,0.020509949,0.876354645,0.974767052
BRSK1,PDvsCTL,-0.001916679,0.975039079,0.99875356
TFG/ALK,PDvsCTL,0.129006258,0.012328176,0.313923431
DLG5,PDvsCTL,0.106873362,0.480403129,0.85332108
TRAF3IP1,PDvsCTL,0.215959518,0.146196321,0.633316073
LRRC8C,PDvsCTL,0.101179569,0.462225566,0.85047059
FAT3,PDvsCTL,-0.127334205,0.37528154,0.802225413
RB1CC1,PDvsCTL,0.04174712,0.420543217,0.826042425
OTUD7A,PDvsCTL,-0.235618344,0.047941231,0.475502257
DENND1A,PDvsCTL,-0.117645025,0.188813334,0.685946326
NUP210,PDvsCTL,0.053296901,0.746636413,0.947714602
FLJ00144,PDvsCTL,-0.580385919,0.613642788,0.914964102
SNX29,PDvsCTL,-0.330185708,0.266865148,0.744304385
PIGO,PDvsCTL,-0.16367355,0.371068802,0.799747013
SMCR8,PDvsCTL,0.058106301,0.385665505,0.806891209
ANKRD24,PDvsCTL,-0.205479497,0.048240501,0.475502257
UBASH3B,PDvsCTL,-0.028879894,0.940379785,0.991084512
C2CD4C,PDvsCTL,-0.044430927,0.639076514,0.91992743
FBXO41,PDvsCTL,-0.251234537,0.016044815,0.342363943
GIPC2,PDvsCTL,0.020971286,0.833277015,0.967871303
WIPF2,PDvsCTL,0.075842634,0.338226561,0.787297747
SETD7,PDvsCTL,-0.089089037,0.275245378,0.748382178
NPRL2,PDvsCTL,-0.189606766,0.088975902,0.561494319
SCFD2,PDvsCTL,-0.118746548,0.1360715,0.622637893
SMAP2,PDvsCTL,-0.038742689,0.62477454,0.917075874
RAB2B,PDvsCTL,0.066973205,0.294950919,0.762040039
TGFBRAP1,PDvsCTL,0.02666297,0.604671311,0.912015252
TMEM263,PDvsCTL,0.100853829,0.265235683,0.742198186
PTPMT1,PDvsCTL,-0.046167189,0.771367647,0.955546955
BRK1,PDvsCTL,-0.154734166,0.064848862,0.512028388
THEM6,PDvsCTL,0.111197169,0.227007973,0.713284659
PRUNE2,PDvsCTL,0.066902528,0.194279565,0.689246675
NAT14,PDvsCTL,-0.25065565,0.220708512,0.708098272
AFG1L,PDvsCTL,-0.042343038,0.680874549,0.932876345
DVL3,PDvsCTL,0.077708049,0.617762566,0.915325868
OSCP1,PDvsCTL,-0.066428782,0.399810696,0.815833305
KCTD4,PDvsCTL,-0.285821551,0.373598225,0.801937341
CPLX3,PDvsCTL,-0.177870515,0.235089094,0.719501899
NUDCD2,PDvsCTL,-0.047341916,0.630196948,0.918560781
SCFD1,PDvsCTL,0.028548644,0.657142321,0.925496037
MAP11,PDvsCTL,0.0432306,0.703430917,0.940304513
TRAPPC12,PDvsCTL,-0.038347945,0.574075935,0.900711952
UBLCP1,PDvsCTL,-0.32267678,0.007434676,0.263594841
PCNP,PDvsCTL,0.294548138,0.012847102,0.31582731
DNAJA4,PDvsCTL,0.009983772,0.908354292,0.983892156
SPRYD4,PDvsCTL,0.044221297,0.424315876,0.827080454
TRUB1,PDvsCTL,0.142402055,0.398364506,0.815666352
SPIRE2,PDvsCTL,-0.21285352,0.194532178,0.689246675
ATXN2L,PDvsCTL,0.009940177,0.878790241,0.974767052
PHIP,PDvsCTL,-0.048685078,0.717945463,0.943340698
ABCA5,PDvsCTL,0.03897892,0.717663306,0.943340698
PALLD,PDvsCTL,0.040411725,0.676342213,0.930374745
RUFY2,PDvsCTL,0.050599845,0.895336486,0.979070091
SCG3,PDvsCTL,0.16456069,0.070122189,0.518846029
CASKIN1,PDvsCTL,0.04905317,0.480358272,0.85332108
CASKIN2,PDvsCTL,0.190407031,0.282183526,0.75120137
SYNE2,PDvsCTL,0.16059298,0.340399106,0.787549298
CNKSR2,PDvsCTL,-0.007205304,0.896312849,0.979516609
ACOT11,PDvsCTL,-0.006355185,0.973087184,0.998466092
BAALC,PDvsCTL,0.160217752,0.231701689,0.719044476
BRI3BP,PDvsCTL,0.080035204,0.497104469,0.863271956
CNTNAP5,PDvsCTL,0.02586577,0.779358338,0.957538479
SSH1,PDvsCTL,0.008253746,0.953326195,0.993501102
AHCTF1,PDvsCTL,0.164045976,0.585712244,0.905832761
ARAP2,PDvsCTL,0.084418313,0.248010361,0.727523224
OVCA2,PDvsCTL,-0.587092705,0.063804164,0.508913587
IRGQ,PDvsCTL,-0.120480867,0.112133655,0.599205839
FAM3C,PDvsCTL,0.000875837,0.988598923,0.99875356
H1-10,PDvsCTL,0.20613143,0.113063252,0.599841466
SHC3,PDvsCTL,-0.016051072,0.795023687,0.959645775
GBF1,PDvsCTL,-0.083614002,0.213115384,0.703925265
LPIN2,PDvsCTL,-0.144102698,0.470287069,0.852968781
NCSTN,PDvsCTL,-0.099208823,0.277025527,0.748382178
WASF1,PDvsCTL,0.081902873,0.214106852,0.705273564
PHYHIP,PDvsCTL,0.057338485,0.412067779,0.823002938
FIG4,PDvsCTL,-0.157630194,0.085309073,0.553306812
FAM168A,PDvsCTL,-0.237992276,0.519487743,0.875714867
AP3S1,PDvsCTL,-0.066769334,0.256718074,0.732257728
TSC1,PDvsCTL,-0.072088645,0.17460005,0.667604074
PHF3,PDvsCTL,0.045681041,0.888993127,0.978055608
SEPTIN8,PDvsCTL,-0.065340593,0.337274411,0.787025807
LPGAT1,PDvsCTL,-0.087370691,0.384797406,0.806572182
TBC1D5,PDvsCTL,-0.053542485,0.299143069,0.764382272
MYO18A,PDvsCTL,-0.015854279,0.700799669,0.939268984
LARP4B,PDvsCTL,0.216559369,0.346067459,0.789309323
NUP205,PDvsCTL,-0.100893513,0.050102135,0.475502257
ANKS1A,PDvsCTL,0.471984978,0.152937153,0.639951682
SGCD,PDvsCTL,0.20338518,0.13287206,0.619869221
MRPS31,PDvsCTL,-0.428710217,0.006812389,0.253969323
NECTIN2,PDvsCTL,-0.063480624,0.550459532,0.889565359
RABGGTA,PDvsCTL,-0.018976195,0.706871947,0.94132126
RYR2,PDvsCTL,0.05321825,0.276511785,0.748382178
HTRA1,PDvsCTL,-0.015171009,0.913849877,0.985415021
ARPC1A,PDvsCTL,0.010418952,0.843930532,0.969250372
STAM,PDvsCTL,-0.033533463,0.45862901,0.85047059
TAF15,PDvsCTL,0.068010765,0.226401954,0.712695515
KCNJ9,PDvsCTL,-0.341920572,0.133325056,0.619869221
NRCAM,PDvsCTL,-0.061226961,0.193017024,0.688902426
INPP5D,PDvsCTL,-0.355708372,0.034237544,0.434288684
BCL2L2,PDvsCTL,-0.047826694,0.325802306,0.780453848
KIFAP3,PDvsCTL,-0.041643953,0.572891247,0.900329199
NEO1,PDvsCTL,-0.014491286,0.831650473,0.967871303
RAD50,PDvsCTL,-0.029699158,0.778793724,0.957538479
GLG1,PDvsCTL,-0.06064368,0.287996664,0.75618683
GPKOW,PDvsCTL,0.331219096,0.518272107,0.874950932
RAB8B,PDvsCTL,0.100934195,0.106318318,0.5909951
KHSRP,PDvsCTL,0.104674591,0.068106555,0.514537377
NINJ1,PDvsCTL,-0.230181399,0.076432863,0.53531995
GLMN,PDvsCTL,0.069305511,0.414441077,0.823211343
BRF1,PDvsCTL,0.05901201,0.580087122,0.902742462
USP9X,PDvsCTL,-0.125878702,0.000914525,0.147629411
USP7,PDvsCTL,0.002781077,0.93185494,0.988472583
CUL5,PDvsCTL,0.002851782,0.943506432,0.992702468
PHKB,PDvsCTL,-0.132186795,0.025476608,0.391566761
SCAMP4,PDvsCTL,-0.061597264,0.319718174,0.778251379
TCEAL3,PDvsCTL,0.070595837,0.4199103,0.825685354
CAVIN3,PDvsCTL,0.158861672,0.590778767,0.908589196
MYDGF,PDvsCTL,0.02909968,0.488211546,0.858736279
RNF34,PDvsCTL,-0.081116571,0.484283515,0.855989297
TOMM40L,PDvsCTL,0.169886358,0.169185544,0.660658683
IGSF8,PDvsCTL,-0.008939962,0.870823596,0.974767052
RAB24,PDvsCTL,0.031621891,0.661021084,0.926532259
OSBP2,PDvsCTL,-0.010766349,0.891297448,0.978743202
NT5C3B,PDvsCTL,-0.652396256,0.162732484,0.656129348
GTPBP3,PDvsCTL,-0.019523517,0.875386703,0.974767052
MTARC2,PDvsCTL,0.036242333,0.593866081,0.91000949
PPP1R14A,PDvsCTL,-0.223392499,0.425153354,0.82724327
CPNE4,PDvsCTL,-0.015213707,0.86391998,0.973966741
CCDC47,PDvsCTL,0.099126616,0.098876582,0.576983666
MRPL24,PDvsCTL,-0.094919726,0.613749728,0.914964102
COL26A1,PDvsCTL,0.663250089,0.36959746,0.799747013
JAKMIP2,PDvsCTL,-0.086138171,0.168820677,0.660658683
ISOC2,PDvsCTL,-0.103131474,0.216006025,0.706849215
KIFC2,PDvsCTL,0.234056391,0.06727008,0.514297414
SLC25A46,PDvsCTL,-0.031642999,0.719252524,0.943578274
LRRC59,PDvsCTL,-0.054368062,0.200183738,0.692748609
VTI1A,PDvsCTL,0.241175845,0.000504621,0.12520855
ESAM,PDvsCTL,0.220760588,0.546079329,0.887070599
PBXIP1,PDvsCTL,0.164369373,0.106874726,0.591793136
MCUR1,PDvsCTL,-0.066537941,0.462873377,0.85047059
RPE,PDvsCTL,0.004003373,0.962153436,0.99634948
C18orf25,PDvsCTL,0.421835521,0.0489648,0.475502257
BORCS7,PDvsCTL,0.045065191,0.626290291,0.917309318
TOMM6,PDvsCTL,0.025832586,0.874620594,0.974767052
TMEM186,PDvsCTL,-0.288585867,0.244332703,0.72402669
RNF25,PDvsCTL,0.126828297,0.176830298,0.670072889
CCDC127,PDvsCTL,0.038887621,0.697629506,0.93795309
COA7,PDvsCTL,0.020236334,0.844607443,0.969250372
TESC,PDvsCTL,-0.124243786,0.179622316,0.67392172
TAMM41,PDvsCTL,-0.062538295,0.533753771,0.880888787
MOB3A,PDvsCTL,0.114597382,0.247046484,0.727523224
DOCK10,PDvsCTL,-0.032987934,0.776581305,0.956988443
ATG2B,PDvsCTL,0.008282439,0.878626764,0.974767052
FAM136A,PDvsCTL,0.110487234,0.138539117,0.625164283
GALM,PDvsCTL,-0.290938406,0.104739628,0.586842844
DCPS,PDvsCTL,0.096089774,0.21148749,0.701992334
CTHRC1,PDvsCTL,-0.263193159,0.43714492,0.836049831
ACSF2,PDvsCTL,-0.047810764,0.579163113,0.902742462
EVI5L,PDvsCTL,-0.10612174,0.206950422,0.698542649
ISOC1,PDvsCTL,0.039250017,0.563862344,0.896323059
FAF2,PDvsCTL,-0.020319293,0.672439268,0.92969554
FOXRED1,PDvsCTL,-0.027099787,0.87380931,0.974767052
NTNG2,PDvsCTL,-0.303527466,0.339575756,0.787549298
CDH11,PDvsCTL,-0.002455698,0.973777987,0.998629179
GPRASP2,PDvsCTL,0.246077482,0.116354782,0.6039482
REPS1,PDvsCTL,-0.023139081,0.66771788,0.929165064
RAB39B,PDvsCTL,0.094313527,0.089478188,0.562505754
RMDN1,PDvsCTL,0.039053369,0.595056751,0.91000949
SHISA4,PDvsCTL,-0.183871696,0.366852259,0.798365629
NUDT16,PDvsCTL,0.008926331,0.904830728,0.982359565
ESS2,PDvsCTL,0.219887356,0.096934628,0.572455486
CMBL,PDvsCTL,0.151413999,0.002355656,0.173427036
ATG4C,PDvsCTL,-0.209168822,0.419562351,0.825580423
ERLEC1,PDvsCTL,-0.112313834,0.041410393,0.460588669
RAB3C,PDvsCTL,0.255530834,0.034407083,0.434859817
EEF1A1,PDvsCTL,-0.122267514,0.590750995,0.908589196
SEH1L,PDvsCTL,-0.027634362,0.789372791,0.959645775
TCEAL4,PDvsCTL,0.161707296,0.302082117,0.76710157
MRPL53,PDvsCTL,-0.179589188,0.235455231,0.719506203
L3HYPDH,PDvsCTL,-0.032727413,0.904044127,0.981997796
SGTB,PDvsCTL,-0.044699169,0.474804179,0.852968781
SGF29,PDvsCTL,0.432820587,0.066693322,0.514297414
PTCD3,PDvsCTL,-0.203968802,0.132249504,0.619674029
SAT2,PDvsCTL,-0.211534365,0.245035005,0.724429425
NRBF2,PDvsCTL,0.069312439,0.505424307,0.868169781
CNRIP1,PDvsCTL,-0.008752386,0.866060062,0.974656685
EDC3,PDvsCTL,0.048390789,0.552023957,0.890136752
POP1,PDvsCTL,0.059870609,0.781266377,0.958153435
LINGO1,PDvsCTL,-0.022631181,0.791049191,0.959645775
BORCS8,PDvsCTL,-0.193115409,0.11279787,0.599671158
STAMBPL1,PDvsCTL,-0.10999366,0.429805161,0.831138458
DYNLL2,PDvsCTL,-0.06406699,0.16875372,0.660658683
S100A16,PDvsCTL,-0.106566861,0.196346689,0.690178854
CHMP6,PDvsCTL,-0.024876032,0.738131729,0.94622001
PGM2,PDvsCTL,0.123783009,0.124879117,0.610880748
CFAP36,PDvsCTL,0.011049829,0.903101615,0.981566926
NUDT11,PDvsCTL,0.005723797,0.945473908,0.992702468
DMAC1,PDvsCTL,0.094639709,0.496479514,0.862937786
DCUN1D1,PDvsCTL,-0.067236314,0.320857071,0.778775282
BORCS6,PDvsCTL,-0.05721385,0.57563745,0.90159533
ABHD17A,PDvsCTL,0.115142467,0.402806259,0.818127942
MARS2,PDvsCTL,-0.109314872,0.668487308,0.929165064
ATXN7L3B,PDvsCTL,-0.216288034,0.429954984,0.831138458
APIP,PDvsCTL,0.282361282,0.527224617,0.879117124
SLC41A3,PDvsCTL,-0.011804627,0.883326089,0.975700946
SNF8,PDvsCTL,0.042942174,0.819949263,0.965590693
ERO1A,PDvsCTL,-0.038192834,0.368060932,0.798530652
GRAMD2B,PDvsCTL,0.017999362,0.874352765,0.974767052
PGAM5,PDvsCTL,-0.047142187,0.46956013,0.852968781
DIRAS2,PDvsCTL,-0.074194519,0.269935311,0.746812915
TMEM41A,PDvsCTL,0.061113531,0.749479802,0.948905295
TUBB2C,PDvsCTL,-0.328512165,0.250765815,0.728340096
DDRGK1,PDvsCTL,0.016886099,0.813600864,0.963901736
DHTKD1,PDvsCTL,-0.079360003,0.542356675,0.885422506
PPP1R16A,PDvsCTL,0.001078971,0.992976268,0.999367328
IGSF21,PDvsCTL,-0.038606132,0.631166212,0.918560781
NGLY1,PDvsCTL,0.110090785,0.129317027,0.616457049
ATP5MD,PDvsCTL,-0.117437547,0.326192508,0.780799571
PAWR,PDvsCTL,0.406357961,0.022427874,0.38443435
THOC3,PDvsCTL,0.128626711,0.37557592,0.802225413
ITCH,PDvsCTL,-0.195813249,0.016784566,0.342780806
CELF6,PDvsCTL,-0.049540211,0.762510577,0.952549632
LRIG1,PDvsCTL,0.194024691,0.234653969,0.719501899
COG3,PDvsCTL,-0.121548952,0.135061163,0.62195579
CDK5RAP3,PDvsCTL,-0.022991933,0.70641264,0.94132126
MAP6,PDvsCTL,0.178115095,0.01295274,0.31582731
VCPIP1,PDvsCTL,-0.048521064,0.295423578,0.762040039
TMX3,PDvsCTL,0.032332262,0.603735626,0.912015252
CHAMP1,PDvsCTL,0.113883184,0.293878701,0.761187034
DCHS1,PDvsCTL,-0.031226185,0.872186078,0.974767052
SERAC1,PDvsCTL,0.238369647,0.368008773,0.798530652
RNF170,PDvsCTL,0.155370616,0.066620053,0.514297414
USP47,PDvsCTL,0.041639106,0.320371189,0.778775282
MEGF10,PDvsCTL,0.19569143,0.169200638,0.660658683
ZNF512B,PDvsCTL,-0.00982111,0.956013232,0.99478279
CNDP2,PDvsCTL,0.001543601,0.986768784,0.99875356
PPP1R13B,PDvsCTL,0.135697324,0.302011377,0.76710157
FAM210B,PDvsCTL,0.050438748,0.731390461,0.944362593
MARK4,PDvsCTL,0.063535464,0.245555273,0.725073514
SNX27,PDvsCTL,0.032971663,0.642213115,0.921109422
TRIM47,PDvsCTL,-0.260760455,0.067448463,0.514537377
DHRS1,PDvsCTL,-0.087485941,0.729869578,0.944362593
LURAP1,PDvsCTL,-0.122333501,0.70499248,0.94132126
C9orf72,PDvsCTL,0.081975798,0.46635126,0.851760725
RMDN2,PDvsCTL,0.018621345,0.87261651,0.974767052
PRRC1,PDvsCTL,0.023031145,0.662926771,0.92751975
HSPA12B,PDvsCTL,-0.016658679,0.797718195,0.959979649
TLCD4-RWDD3,PDvsCTL,0.278142128,0.060162373,0.496458093
GDAP1L1,PDvsCTL,-0.011306672,0.893994672,0.979070091
VSTM2L,PDvsCTL,-0.321369833,0.082416333,0.54684607
JAKMIP1,PDvsCTL,-0.039672704,0.648548017,0.923458872
DOCK7,PDvsCTL,-0.154604419,0.055922988,0.484643439
ZMAT2,PDvsCTL,0.359512572,0.204905857,0.695518399
LRFN5,PDvsCTL,0.213278079,0.174805191,0.667626984
RUNDC3B,PDvsCTL,0.205755227,0.676843946,0.930613414
C8orf37,PDvsCTL,0.169201142,0.757565649,0.952260806
AIFM3,PDvsCTL,0.233118357,0.0009246,0.147629411
NAP1L5,PDvsCTL,0.022500033,0.692649336,0.936527639
ANKRD27,PDvsCTL,0.020369486,0.834064095,0.967871303
ACAP3,PDvsCTL,-0.114331047,0.368554823,0.799220634
IPO9,PDvsCTL,-0.058832829,0.384335705,0.806572182
ARHGEF17,PDvsCTL,0.051507386,0.557792558,0.893709959
MCEE,PDvsCTL,0.074939498,0.777616339,0.957242988
RCHY1,PDvsCTL,0.528246236,0.09457686,0.57072933
SORCS2,PDvsCTL,-0.227089984,0.016204111,0.342363943
NEDD4L,PDvsCTL,-0.088815725,0.2063634,0.697543203
QKI,PDvsCTL,-0.15102049,0.188956309,0.685946326
CCDC85A,PDvsCTL,0.140693281,0.352320261,0.7945833
TRAPPC9,PDvsCTL,-0.048040741,0.330705141,0.784552136
ALS2,PDvsCTL,0.022845309,0.808804251,0.963678811
SLC2A13,PDvsCTL,0.01121482,0.906161599,0.982961903
RAB3IP,PDvsCTL,-0.16680301,0.070902292,0.521857658
VPS35,PDvsCTL,0.023427147,0.620670664,0.9159795
PURB,PDvsCTL,0.055411131,0.470913936,0.852968781
MAGI1,PDvsCTL,-0.023536579,0.799424651,0.960886566
SNX18,PDvsCTL,0.137976484,0.189440405,0.686909879
IRS2,PDvsCTL,-0.116453363,0.397516467,0.815322483
VPS13A,PDvsCTL,-0.029516621,0.520465898,0.876542076
NUDCD1,PDvsCTL,0.066650638,0.633375413,0.918560781
ERBIN,PDvsCTL,0.068266285,0.478930712,0.852968781
PCNX1,PDvsCTL,-0.244466674,0.365826743,0.798359152
IFT140,PDvsCTL,0.159488798,0.6478879,0.923458872
LMF1,PDvsCTL,-0.083916535,0.836497353,0.967871303
IWS1,PDvsCTL,-0.250946106,0.645975082,0.923206589
SIN3A,PDvsCTL,-0.047609599,0.708347612,0.94132126
OSBPL9,PDvsCTL,-0.194507549,0.383660034,0.806572182
ADO,PDvsCTL,-0.145931361,0.346417015,0.789309323
RSF1,PDvsCTL,-0.10731561,0.549013998,0.888845829
PPP1R16B,PDvsCTL,-0.080644552,0.511774747,0.871208258
RUFY1,PDvsCTL,0.055391642,0.40297891,0.818127942
NMNAT3,PDvsCTL,-0.205822658,0.101805527,0.584795926
MMS19,PDvsCTL,-0.070513975,0.180703832,0.675924424
SCN2A,PDvsCTL,0.081130282,0.188047523,0.685017736
TBCB,PDvsCTL,-0.036256264,0.610435724,0.914191997
PCYT2,PDvsCTL,0.003222354,0.944773035,0.992702468
PFDN5,PDvsCTL,0.005524537,0.898560147,0.979613365
PARK7,PDvsCTL,0.074412078,0.082968334,0.549025969
NUP88,PDvsCTL,0.063653559,0.401378699,0.817151428
PKP4,PDvsCTL,0.011716577,0.783829154,0.958515672
RIT2,PDvsCTL,0.239445957,0.177721412,0.670072889
S100A13,PDvsCTL,0.11113251,0.398296454,0.815666352
DNAJC7,PDvsCTL,0.057030998,0.388201771,0.808903632
C12orf57,PDvsCTL,-0.139182774,0.042485414,0.462273864
PHB2,PDvsCTL,0.05036981,0.345857776,0.789309323
CGREF1,PDvsCTL,-0.026129798,0.851947737,0.97150186
MGLL,PDvsCTL,-0.151083407,0.049879533,0.475502257
LYST,PDvsCTL,-0.161667051,0.054430466,0.482945682
SEPTIN5,PDvsCTL,0.005938806,0.985370725,0.99875356
SLC30A3,PDvsCTL,0.046957019,0.764184654,0.952549632
HNRNPAB,PDvsCTL,0.153001258,0.163081472,0.656188822
DMAC2L,PDvsCTL,0.035562671,0.798208666,0.960280136
OLFM1,PDvsCTL,-0.148091267,0.285412381,0.754491458
MIPEP,PDvsCTL,-0.138834112,0.475336266,0.852968781
SLC29A1,PDvsCTL,0.099215557,0.371707584,0.799747013
H2BC13,PDvsCTL,-0.124605753,0.163203365,0.656188822
SLC6A7,PDvsCTL,0.128825785,0.345702168,0.789309323
PKP2,PDvsCTL,0.324653732,0.370216777,0.799747013
SH3GL2,PDvsCTL,0.117010003,0.057630907,0.487709551
SH3GL3,PDvsCTL,0.026271029,0.686723754,0.935453553
DPYSL5,PDvsCTL,0.039249797,0.63134809,0.918560781
NIPSNAP1,PDvsCTL,-0.010608954,0.871149607,0.974767052
HOPX,PDvsCTL,0.077412832,0.60733402,0.912867999
ZFYVE21,PDvsCTL,0.06770167,0.259311477,0.734920196
TRIR,PDvsCTL,0.174200473,0.120634953,0.608404588
MACROD1,PDvsCTL,0.184616383,0.118377326,0.608396051
TCF25,PDvsCTL,-0.055167678,0.477970105,0.852968781
ECSIT,PDvsCTL,-0.044176345,0.749404867,0.948905295
DPH2,PDvsCTL,-0.873438458,0.021088488,0.377337059
MYBBP1A,PDvsCTL,-0.214987627,0.031813828,0.418160584
AIF1L,PDvsCTL,-0.38349918,0.110917397,0.598970599
SGIP1,PDvsCTL,0.044987676,0.624581176,0.917075874
PSD2,PDvsCTL,0.128593793,0.0462087,0.475502257
NRIP2,PDvsCTL,0.321983516,0.055283778,0.483337336
FYCO1,PDvsCTL,-0.097571752,0.766984558,0.953973713
SULT4A1,PDvsCTL,-0.029569768,0.61576386,0.914966069
FARSB,PDvsCTL,0.011112659,0.869929976,0.974767052
CPPED1,PDvsCTL,-0.027073999,0.841365628,0.969250372
PYM1,PDvsCTL,0.070179686,0.469995503,0.852968781
LARP6,PDvsCTL,-0.057825649,0.508571838,0.869528157
MIEN1,PDvsCTL,-0.034831309,0.704408858,0.941116334
TCEAL7,PDvsCTL,0.224074676,0.233168873,0.719501899
PRXL2A,PDvsCTL,0.088173215,0.037939371,0.449584675
TRIM56,PDvsCTL,-0.066476567,0.858579446,0.973419552
GANAB,PDvsCTL,0.201577247,0.478226863,0.852968781
ERP44,PDvsCTL,0.016449328,0.696710567,0.937601279
LXN,PDvsCTL,0.258036598,0.153576732,0.641881133
NIPSNAP3B,PDvsCTL,-0.532139235,0.051293217,0.477257596
C2orf88,PDvsCTL,0.153309851,0.549037578,0.888845829
TIMM29,PDvsCTL,0.047525474,0.452060967,0.847234046
TACO1,PDvsCTL,0.055411171,0.638249556,0.91992743
TUBGCP2,PDvsCTL,-0.038826056,0.47498691,0.852968781
RTKN,PDvsCTL,-0.193873106,0.484939134,0.856412274
SYT17,PDvsCTL,0.008557963,0.921579856,0.986153512
ALG1,PDvsCTL,0.16710842,0.613237869,0.914927711
NDFIP1,PDvsCTL,0.014242892,0.959289487,0.995982864
SYT11,PDvsCTL,-0.016560152,0.81333908,0.963901736
WAC,PDvsCTL,0.557377918,0.015731095,0.34185428
LRFN3,PDvsCTL,0.020453958,0.891833472,0.978743202
PI4K2A,PDvsCTL,0.049713244,0.495236176,0.862506191
FSD1,PDvsCTL,0.03249654,0.606848711,0.912627525
CABLES2,PDvsCTL,0.263934216,0.203614865,0.694074586
DHRS4,PDvsCTL,0.120488195,0.45755324,0.85047059
THTPA,PDvsCTL,0.090705147,0.321369682,0.778775282
LMF2,PDvsCTL,0.041288931,0.733574587,0.944362593
NDUFAF3,PDvsCTL,0.088555691,0.389209045,0.809044942
C1orf35,PDvsCTL,-0.948956785,0.046658994,0.475502257
DOHH,PDvsCTL,0.004589197,0.977929678,0.99875356
ISCA1,PDvsCTL,0.130315786,0.084301889,0.550700802
TUBB6,PDvsCTL,-0.034430064,0.854896251,0.97267775
PAXX,PDvsCTL,0.153863154,0.186658298,0.685017736
CCDC28B,PDvsCTL,-0.316770994,0.238942653,0.719865672
EFHD1,PDvsCTL,0.024464959,0.915854739,0.985415021
HTATIP2,PDvsCTL,-0.399027373,0.05758264,0.487709551
C9orf16,PDvsCTL,0.303010762,0.14677528,0.633326089
C1orf50,PDvsCTL,0.012789695,0.900529352,0.980113926
MRI1,PDvsCTL,0.060142994,0.836536418,0.967871303
SLC25A23,PDvsCTL,0.093579824,0.353379287,0.795546551
CEP250,PDvsCTL,-0.063452361,0.852850307,0.971764848
MECR,PDvsCTL,-0.074479652,0.368942106,0.799578358
KATNB1,PDvsCTL,-0.010439321,0.893928243,0.979070091
TUBB2B,PDvsCTL,-0.229403132,0.037107326,0.445597655
MLST8,PDvsCTL,-0.132926898,0.057971871,0.487709551
PBDC1,PDvsCTL,0.009377353,0.866879148,0.974767052
DPCD,PDvsCTL,-0.130827368,0.410226181,0.822854691
GGACT,PDvsCTL,-0.463599268,0.012739156,0.31582731
NUP85,PDvsCTL,-0.05686623,0.584691267,0.905536924
IFT27,PDvsCTL,0.03804869,0.647526664,0.923458872
TARS2,PDvsCTL,0.107253429,0.61336465,0.914927711
FUNDC2,PDvsCTL,0.180828437,0.002173769,0.171823268
RPAP1,PDvsCTL,-0.229614381,0.436043029,0.835052584
SF3B5,PDvsCTL,0.021914269,0.917722118,0.985415021
LSM14B,PDvsCTL,0.649618747,0.108929549,0.596748093
SORBS1,PDvsCTL,0.336514076,0.158116461,0.648401362
JAM3,PDvsCTL,-0.109150187,0.578468998,0.902742462
BTBD2,PDvsCTL,0.122304113,0.495710125,0.862725122
NT5C1A,PDvsCTL,0.430127554,0.011265997,0.296836319
BCL2L13,PDvsCTL,0.121501752,0.107407423,0.59313347
PRX,PDvsCTL,0.784083195,0.014063071,0.325259399
FSD1L,PDvsCTL,0.008944197,0.855154913,0.97281817
SRRT,PDvsCTL,0.03966725,0.607986714,0.912996187
TMEM121B,PDvsCTL,0.112058715,0.514507036,0.873675593
COL25A1,PDvsCTL,0.091582448,0.843680447,0.969250372
GON7,PDvsCTL,0.121725002,0.216799872,0.707389205
HDHD5,PDvsCTL,-0.198834644,0.349997433,0.792738282
EMILIN2,PDvsCTL,0.157000188,0.41301268,0.823002938
SCAPER,PDvsCTL,-0.158598945,0.292698017,0.760993924
CHMP4A,PDvsCTL,0.256694093,0.11461431,0.602177396
PECR,PDvsCTL,0.104232504,0.580515664,0.902742462
KIAA1671,PDvsCTL,0.183404254,0.023672642,0.387845416
GNB1L,PDvsCTL,0.111536514,0.549149293,0.888845829
RBCK1,PDvsCTL,0.040814738,0.684463586,0.934140683
SRXN1,PDvsCTL,0.139282558,0.259621335,0.735219001
MRPS26,PDvsCTL,-0.008064071,0.92654701,0.987194231
CEP41,PDvsCTL,0.044607579,0.704643051,0.941225156
PANK2,PDvsCTL,-0.076075041,0.462566397,0.85047059
PITPNM2,PDvsCTL,-0.081471116,0.230838273,0.718174611
MRPL37,PDvsCTL,-0.191003069,0.125274574,0.610880748
ASPSCR1,PDvsCTL,-0.040893436,0.650714366,0.923458872
OSBPL6,PDvsCTL,-0.175092795,0.018185753,0.352587929
WDR11,PDvsCTL,0.17713307,0.04073026,0.459374371
UBXN6,PDvsCTL,0.003383774,0.952636047,0.993501102
API5,PDvsCTL,0.139603303,0.027554551,0.405316732
DPY30,PDvsCTL,-0.027158736,0.71161883,0.94132126
TRIM9,PDvsCTL,-0.093863255,0.295344687,0.762040039
TRIM2,PDvsCTL,-0.001626675,0.977925178,0.99875356
BRINP2,PDvsCTL,-0.179532847,0.152878305,0.639951682
SEMA4C,PDvsCTL,0.485212946,0.047509488,0.475502257
UBE2O,PDvsCTL,0.039580286,0.341626336,0.788076282
PHACTR1,PDvsCTL,-0.035594726,0.717396304,0.943197152
ZYG11B,PDvsCTL,-0.038214204,0.579425198,0.902742462
LNPK,PDvsCTL,0.02732095,0.488831226,0.858911952
ARHGAP39,PDvsCTL,-0.008671395,0.868022437,0.974767052
MTMR12,PDvsCTL,0.089381259,0.103681343,0.586842844
WDR33,PDvsCTL,0.290524345,0.402059012,0.817182953
HBB,PDvsCTL,0.521104988,0.07574883,0.53531995
TINAGL1,PDvsCTL,0.061850493,0.537886092,0.884197794
ROGDI,PDvsCTL,0.090684476,0.20192841,0.69361718
C20orf27,PDvsCTL,0.277113669,0.186687837,0.685017736
PITHD1,PDvsCTL,0.194210639,0.01607705,0.342363943
COMMD5,PDvsCTL,-0.06870949,0.361865126,0.797812197
ELOVL4,PDvsCTL,-0.046876698,0.82208778,0.965590693
WDR61,PDvsCTL,0.036401479,0.657186197,0.925496037
SLIRP,PDvsCTL,-0.051990187,0.56241084,0.895538096
EGLN1,PDvsCTL,-0.018493621,0.764654655,0.952549632
HAPLN2,PDvsCTL,0.017217199,0.954327761,0.993835438
MFF,PDvsCTL,-0.147529366,0.459828516,0.85047059
UBA5,PDvsCTL,0.104509984,0.096148634,0.572305833
LHPP,PDvsCTL,0.159499808,0.119299353,0.608396051
TMEM126A,PDvsCTL,0.024522405,0.773539889,0.955658139
CLPB,PDvsCTL,0.191929518,0.183361171,0.678469474
LSG1,PDvsCTL,0.087650412,0.360318121,0.797140295
FAM107B,PDvsCTL,-0.0319366,0.911241105,0.985351364
NAT10,PDvsCTL,0.117075569,0.410843169,0.823002938
COMMD4,PDvsCTL,0.06131467,0.523717001,0.877881469
KLC2,PDvsCTL,-0.013612081,0.811203787,0.963901736
ILKAP,PDvsCTL,0.118588279,0.375545501,0.802225413
ARL6,PDvsCTL,0.099881971,0.160708697,0.652971057
CSTF2T,PDvsCTL,-0.06292709,0.670410913,0.92969554
NT5C3A,PDvsCTL,-0.044932198,0.728448226,0.944362593
CYRIA,PDvsCTL,-0.098046431,0.050241766,0.475502257
HDHD2,PDvsCTL,0.026950773,0.783894397,0.958515672
QRSL1,PDvsCTL,-0.068976151,0.611967357,0.914504787
RAB1B,PDvsCTL,0.056034737,0.224393962,0.711320847
FAM234A,PDvsCTL,0.085718553,0.359342643,0.797140295
NAPB,PDvsCTL,0.063862722,0.202674495,0.694074586
DNTTIP1,PDvsCTL,-0.007672618,0.960000248,0.996063378
SLITRK2,PDvsCTL,-0.214307481,0.271859819,0.748378869
ANAPC1,PDvsCTL,-0.165408468,0.132221675,0.619674029
IRF2BPL,PDvsCTL,0.297572406,0.179080929,0.672394819
CYSTM1,PDvsCTL,-0.119451917,0.421975706,0.827080454
NUCKS1,PDvsCTL,0.077766117,0.579503249,0.902742462
TMX4,PDvsCTL,-0.118246558,0.19747085,0.691471792
ISCU,PDvsCTL,0.041948297,0.502736264,0.86702775
TLNRD1,PDvsCTL,-0.281898549,0.22597446,0.712609816
OSBPL2,PDvsCTL,-0.041578119,0.600835286,0.911709274
MEGF9,PDvsCTL,-0.093088329,0.136283788,0.622637893
SLC6A17,PDvsCTL,0.012808741,0.898852803,0.979613365
VPS16,PDvsCTL,-0.001972342,0.965022895,0.997713162
SLK,PDvsCTL,0.02533215,0.490660368,0.859124837
PDCL3,PDvsCTL,0.073576221,0.324459374,0.780025493
RAB3GAP2,PDvsCTL,0.010032299,0.810248398,0.963901736
DPH5,PDvsCTL,0.007804159,0.939683714,0.990910785
DHX36,PDvsCTL,-0.016375693,0.783577908,0.958515672
PPA2,PDvsCTL,-0.00198788,0.9721863,0.998466092
MRPL46,PDvsCTL,-0.308828357,0.007094631,0.256440597
TTYH1,PDvsCTL,-0.095112837,0.166389289,0.660658683
EPB41L4B,PDvsCTL,0.074739519,0.293442689,0.761187034
TMEM245,PDvsCTL,0.142457053,0.08228158,0.546749304
C11orf68,PDvsCTL,-0.185308739,0.239769098,0.721011339
TCEAL2,PDvsCTL,0.418553299,0.020156404,0.369859738
BOLA2B,PDvsCTL,-0.030158378,0.77777209,0.957242988
TMX1,PDvsCTL,0.081583915,0.204990825,0.695518399
PTPN23,PDvsCTL,0.059244728,0.062536604,0.504854989
DNAJC5,PDvsCTL,0.094407739,0.175310487,0.668432175
CHMP4B,PDvsCTL,0.007082192,0.877512895,0.974767052
CUEDC2,PDvsCTL,-0.070439584,0.750162484,0.948905295
RBKS,PDvsCTL,0.037823166,0.678188458,0.931688728
FN3K,PDvsCTL,-0.050172555,0.507045913,0.868169781
POFUT1,PDvsCTL,-0.063661878,0.321076065,0.778775282
MAP1LC3A,PDvsCTL,-0.047210046,0.438046658,0.836786943
RNPEP,PDvsCTL,-0.008015066,0.914830908,0.985415021
GOLPH3,PDvsCTL,0.123615652,0.331629018,0.785556848
OSBPL3,PDvsCTL,-0.333306778,0.034163581,0.434288684
SMARCAD1,PDvsCTL,-0.00893875,0.98756906,0.99875356
RGCC,PDvsCTL,0.326694081,0.05019994,0.475502257
SLC32A1,PDvsCTL,0.002284583,0.981036152,0.99875356
POMK,PDvsCTL,-0.001022558,0.990276734,0.99875356
TMEM38A,PDvsCTL,-0.001690793,0.989209318,0.99875356
OPA3,PDvsCTL,-0.03882179,0.698799717,0.93864918
PRR36,PDvsCTL,0.007425978,0.952928227,0.993501102
RETREG1,PDvsCTL,0.077742753,0.837948688,0.968550822
AZI2,PDvsCTL,-0.026943591,0.838532458,0.968556456
EPS8L2,PDvsCTL,0.114684217,0.627966765,0.917522839
RPAP3,PDvsCTL,0.103390776,0.066582878,0.514297414
BCAS3,PDvsCTL,-0.031474313,0.529504862,0.879117124
ANTXR1,PDvsCTL,-0.599806802,0.054521241,0.482969568
RANBP3,PDvsCTL,0.125317832,0.04431549,0.470149438
DCTPP1,PDvsCTL,-0.702868548,0.01082196,0.290534095
PEAK1,PDvsCTL,0.142436134,0.445241664,0.841484549
SMYD3,PDvsCTL,-0.172130652,0.08764449,0.55937766
AAMDC,PDvsCTL,-0.045897929,0.793523046,0.959645775
WDR26,PDvsCTL,-0.090801446,0.262053439,0.738038521
TDRD3,PDvsCTL,-0.330619939,0.23272869,0.719044476
ATP13A3,PDvsCTL,-0.42899713,0.238914376,0.719865672
PTGES2,PDvsCTL,0.08217163,0.279077109,0.749289915
PHAX,PDvsCTL,0.095954522,0.555999242,0.892718066
ACAD9,PDvsCTL,-0.235926917,0.00614163,0.245113166
RMND5A,PDvsCTL,-0.101065956,0.650981345,0.923458872
CNNM2,PDvsCTL,-0.072692787,0.300858014,0.766321584
MINDY3,PDvsCTL,0.03895789,0.599160144,0.911217644
SLC25A22,PDvsCTL,-0.108741833,0.098334003,0.576444408
QTRT2,PDvsCTL,-0.439422202,0.047997378,0.475502257
WDR54,PDvsCTL,-0.115392328,0.406095508,0.820973435
ARMT1,PDvsCTL,0.102943905,0.161411873,0.653368374
CNOT10,PDvsCTL,0.072378239,0.410221129,0.822854691
SFXN1,PDvsCTL,0.042813416,0.501510619,0.866114258
AGO3,PDvsCTL,-0.134629359,0.362877667,0.797812197
MAP6D1,PDvsCTL,0.218678013,0.174012124,0.667556911
L2HGDH,PDvsCTL,-0.089941308,0.193509393,0.689246675
ELP3,PDvsCTL,-0.107861124,0.580395708,0.902742462
TBC1D17,PDvsCTL,-0.002309968,0.962181425,0.99634948
CARS2,PDvsCTL,0.197462799,0.099968684,0.579898985
PPCS,PDvsCTL,0.158752192,0.001878575,0.164787719
LIN7B,PDvsCTL,0.171808317,0.221735507,0.709716357
SIAE,PDvsCTL,0.041667023,0.520692307,0.87671811
CACNA1B,PDvsCTL,-0.286940684,0.336570456,0.787025807
PLEKHA5,PDvsCTL,0.030091635,0.675624991,0.930117154
UPF2,PDvsCTL,0.13457726,0.020219494,0.370073332
GNB4,PDvsCTL,0.032365482,0.601865065,0.911709274
GRPEL1,PDvsCTL,0.067245716,0.16391987,0.657232791
SCPEP1,PDvsCTL,-0.111383643,0.491221905,0.859124837
MKKS,PDvsCTL,0.068445468,0.492388196,0.860587345
RRAGC,PDvsCTL,0.039547792,0.336684393,0.787025807
AS3MT,PDvsCTL,-0.129029491,0.559869621,0.894628979
PLGRKT,PDvsCTL,0.108033941,0.511738394,0.871208258
NMRAL1,PDvsCTL,-0.490079872,0.136279311,0.622637893
SLC38A10,PDvsCTL,0.10383208,0.669577192,0.92969554
LRRC4,PDvsCTL,0.12405201,0.67558404,0.930117154
EML4,PDvsCTL,-0.021891333,0.704430744,0.941116334
MRM3,PDvsCTL,0.00248742,0.991452436,0.99875356
GLOD4,PDvsCTL,0.063662898,0.137615937,0.624130793
SPON1,PDvsCTL,0.063902256,0.445485018,0.841484699
ZFYVE28,PDvsCTL,0.002189642,0.984529587,0.99875356
NCOA5,PDvsCTL,0.011472326,0.927188014,0.987194231
TANC2,PDvsCTL,-0.048468711,0.419734131,0.825580423
EPG5,PDvsCTL,-0.037856217,0.868057221,0.974767052
ARHGEF10L,PDvsCTL,-0.121099094,0.672362032,0.92969554
ANO8,PDvsCTL,-0.033145361,0.768596381,0.954903131
GBA2,PDvsCTL,-0.016497902,0.816942955,0.964904873
CPNE5,PDvsCTL,-0.015042157,0.804335986,0.962408324
KIAA1549,PDvsCTL,0.062364785,0.788855096,0.959645775
EPB41L5,PDvsCTL,0.071379571,0.390570391,0.809044942
CELSR2,PDvsCTL,0.078544303,0.310542892,0.774885071
PREB,PDvsCTL,0.182857881,0.058272084,0.489091129
MRS2,PDvsCTL,-0.092191458,0.641375993,0.921109422
GOPC,PDvsCTL,-0.042015543,0.541702228,0.884755706
MRPL47,PDvsCTL,-0.578438624,0.034968311,0.435759728
LYRM4,PDvsCTL,0.133643644,0.109651746,0.597687147
CHMP1A,PDvsCTL,0.06106914,0.279695926,0.749289915
APMAP,PDvsCTL,0.1146872,0.016412664,0.342363943
RAB18,PDvsCTL,0.070332211,0.109682613,0.597687147
RAB9B,PDvsCTL,0.198513086,0.038898153,0.453498003
DYNLRB1,PDvsCTL,0.088296638,0.206084196,0.697214738
GPCPD1,PDvsCTL,-0.174958816,0.143846182,0.63068899
OSGEP,PDvsCTL,0.005499052,0.946957031,0.992959485
ACOT13,PDvsCTL,0.020400815,0.743074012,0.946867678
TIMMDC1,PDvsCTL,-0.056851829,0.758237287,0.95248917
NLRC4,PDvsCTL,0.300880431,0.241861915,0.723072632
RIC8A,PDvsCTL,-0.035126855,0.474467361,0.852968781
LZTFL1,PDvsCTL,0.050091139,0.301978594,0.76710157
MRPL40,PDvsCTL,-0.236243047,0.039640092,0.456781384
TRIM36,PDvsCTL,-0.222987522,0.004771739,0.234752697
TIGAR,PDvsCTL,0.040975041,0.544400861,0.886471995
C12orf4,PDvsCTL,-0.089026094,0.612054,0.914504787
HINT3,PDvsCTL,-0.084151172,0.254718698,0.730783343
RPRD1B,PDvsCTL,0.07091129,0.399113662,0.815833305
XPNPEP3,PDvsCTL,0.122451696,0.57791373,0.902742462
RRAGD,PDvsCTL,-0.218875951,0.123308318,0.610484114
PFDN4,PDvsCTL,0.103138326,0.31635226,0.776480672
NIT2,PDvsCTL,0.120842056,0.180501813,0.675520052
CCDC177,PDvsCTL,0.070647303,0.465022951,0.851637161
AVEN,PDvsCTL,0.219241331,0.02850822,0.409421899
XPNPEP1,PDvsCTL,-0.02882559,0.469140453,0.852968781
GPHN,PDvsCTL,0.027977364,0.621018039,0.916116234
BIRC6,PDvsCTL,-0.153844747,0.045974345,0.475502257
PDLIM7,PDvsCTL,0.085544995,0.793365056,0.959645775
PRMT8,PDvsCTL,-0.039974811,0.68994399,0.936149751
DDX21,PDvsCTL,0.109814997,0.614527459,0.914966069
NANS,PDvsCTL,0.111426308,0.00832087,0.27216851
SH3GLB2,PDvsCTL,0.014190262,0.845917068,0.969830878
EIF2B3,PDvsCTL,-0.103013119,0.091381947,0.567625514
FBXO6,PDvsCTL,0.10008905,0.399534569,0.815833305
PRTFDC1,PDvsCTL,-0.169256768,0.11512679,0.602177396
SMYD2,PDvsCTL,0.027281442,0.821342671,0.965590693
SDR39U1,PDvsCTL,-0.087124282,0.237830343,0.719506203
AASDHPPT,PDvsCTL,-0.003930596,0.94412529,0.992702468
INPP5E,PDvsCTL,-0.064173897,0.59911702,0.911217644
CNNM1,PDvsCTL,-0.159652478,0.361774505,0.797812197
RAB6B,PDvsCTL,0.196152914,0.000149893,0.098016419
VPS45,PDvsCTL,0.040087408,0.312886648,0.774885071
MRPL17,PDvsCTL,-0.285042984,0.019554951,0.360678834
PHPT1,PDvsCTL,0.002468217,0.96968596,0.998466092
SERINC1,PDvsCTL,0.086978475,0.183502381,0.678469474
INIP,PDvsCTL,-0.135835959,0.7970143,0.959645775
ARHGAP35,PDvsCTL,-0.013438717,0.667229594,0.929165064
AGPAT4,PDvsCTL,-0.016323597,0.883832888,0.97611085
AGPAT3,PDvsCTL,-0.081365995,0.083415514,0.549433825
LANCL2,PDvsCTL,0.012813297,0.808357744,0.963465991
SEMA3G,PDvsCTL,-0.230176738,0.742357807,0.946867678
HOMER2,PDvsCTL,-0.014329568,0.862649902,0.973419552
IARS2,PDvsCTL,-0.009673919,0.877829797,0.974767052
NRBP2,PDvsCTL,-0.070698492,0.253598876,0.730613348
BMP2K,PDvsCTL,0.237363185,0.129676147,0.616694014
EMILIN3,PDvsCTL,0.016716372,0.956835742,0.994805711
ATG3,PDvsCTL,-0.00615233,0.917842829,0.985415021
TENM2,PDvsCTL,-0.107543368,0.63421487,0.919052626
PDS5B,PDvsCTL,0.057772573,0.430709831,0.831415486
SACM1L,PDvsCTL,0.046243081,0.261519274,0.737689466
CUTC,PDvsCTL,0.13396346,0.557457195,0.893646001
ECHDC1,PDvsCTL,-0.033349508,0.729344545,0.944362593
RNF146,PDvsCTL,-0.053009611,0.596838325,0.911217644
TBC1D22B,PDvsCTL,0.039740612,0.839882262,0.969250372
MDN1,PDvsCTL,-0.160626307,0.588151387,0.906680868
LYRM2,PDvsCTL,-0.11286756,0.403446363,0.818384007
ACSS1,PDvsCTL,-0.047791522,0.499084469,0.864831266
ABHD10,PDvsCTL,0.096996211,0.050476977,0.475859624
SHFL,PDvsCTL,0.127307849,0.198103045,0.691471792
LMBRD1,PDvsCTL,-0.225553705,0.253615106,0.730613348
TXLNG,PDvsCTL,0.078357065,0.612512453,0.914636096
UFSP2,PDvsCTL,-0.092624968,0.377341423,0.803292501
TBC1D23,PDvsCTL,-0.134548858,0.140068634,0.625778733
TMEM30A,PDvsCTL,0.130734503,0.052844602,0.480066129
PANK4,PDvsCTL,-0.042853295,0.313234854,0.774885071
EXD2,PDvsCTL,0.124666751,0.272070214,0.748378869
DNAJC11,PDvsCTL,0.083488622,0.16177192,0.653938898
TMLHE,PDvsCTL,-0.281883745,0.009297575,0.277996971
ATAD3A,PDvsCTL,-0.013737148,0.779115914,0.957538479
FGFR1OP2,PDvsCTL,0.056968795,0.397508394,0.815322483
DNAJC17,PDvsCTL,0.087665616,0.874919404,0.974767052
ARMC1,PDvsCTL,-0.05088723,0.301823189,0.76710157
MTPAP,PDvsCTL,-0.024369113,0.753997487,0.950596961
RBM22,PDvsCTL,0.129554223,0.169777407,0.660658683
BSDC1,PDvsCTL,0.10384127,0.176197208,0.66934652
GPATCH2,PDvsCTL,0.188879886,0.369397781,0.799747013
SLTM,PDvsCTL,0.169010976,0.039640206,0.456781384
PAG1,PDvsCTL,-0.035200226,0.843698405,0.969250372
RMND1,PDvsCTL,0.118300222,0.045494363,0.475502257
GID8,PDvsCTL,-0.040546548,0.53861526,0.884197794
CZIB,PDvsCTL,0.0808828,0.137269102,0.623343846
NMRK1,PDvsCTL,0.007251372,0.988322263,0.99875356
FAM120C,PDvsCTL,-0.112256721,0.174422095,0.667604074
COMMD8,PDvsCTL,0.013344829,0.908738213,0.98397621
MRPL16,PDvsCTL,-0.197530647,0.130297803,0.617789395
NHP2,PDvsCTL,-0.08580737,0.672369112,0.92969554
ADPRS,PDvsCTL,0.103710654,0.258876812,0.734266919
MARCHF5,PDvsCTL,-0.010998554,0.965117222,0.997713162
GFOD1,PDvsCTL,-0.041593968,0.549113646,0.888845829
MTMR10,PDvsCTL,-0.183479356,0.147881004,0.635930742
PGPEP1,PDvsCTL,0.184743968,0.420661867,0.826049906
SIDT1,PDvsCTL,0.26717817,0.075863282,0.53531995
NDE1,PDvsCTL,-0.095920258,0.645152471,0.923131435
BABAM2,PDvsCTL,0.15834999,0.064835791,0.512028388
CDKN2AIP,PDvsCTL,0.081180586,0.567272507,0.898010668
ALKBH4,PDvsCTL,-0.108578321,0.380054135,0.803565371
PPP4R2,PDvsCTL,-0.361855681,0.150712933,0.638491903
TUBA8,PDvsCTL,0.225388038,0.562943488,0.895654172
TERF2IP,PDvsCTL,-0.002504779,0.97299193,0.998466092
SLCO1C1,PDvsCTL,0.300597392,0.161825558,0.653938898
BCLAF1,PDvsCTL,0.034249761,0.52795129,0.879117124
MRPL39,PDvsCTL,-0.36300664,0.000908901,0.147629411
NKIRAS1,PDvsCTL,0.04516499,0.509827154,0.87044546
WSB2,PDvsCTL,-0.033520069,0.855408234,0.972897062
UGGT1,PDvsCTL,-0.017252659,0.646669904,0.923458872
UBAP1,PDvsCTL,0.055310661,0.51711899,0.874811075
ACTR10,PDvsCTL,-0.126080857,0.083768341,0.549433825
GGA3,PDvsCTL,0.108933594,0.120409128,0.608396051
PODXL2,PDvsCTL,0.037364901,0.795525578,0.959645775
FMN2,PDvsCTL,-0.000179046,0.997766234,0.999608014
STMN3,PDvsCTL,0.095733773,0.222664958,0.709716357
FAM120A,PDvsCTL,-0.002489197,0.971251363,0.998466092
MOCS1,PDvsCTL,0.128952327,0.073178899,0.527854979
SACS,PDvsCTL,-0.014648005,0.849209299,0.970636233
COQ3,PDvsCTL,0.193050526,0.065187848,0.513076856
HSPBP1,PDvsCTL,0.021565719,0.725225517,0.944362593
MYOF,PDvsCTL,0.025371793,0.867207284,0.974767052
EHD3,PDvsCTL,0.067066271,0.189864899,0.687145203
ARHGEF12,PDvsCTL,-0.027293281,0.56499928,0.896941033
NCKIPSD,PDvsCTL,-0.077886956,0.309344612,0.774492096
LRP1B,PDvsCTL,-0.190622884,0.080846709,0.544755831
LMCD1,PDvsCTL,-0.079716038,0.485700636,0.856934712
CABP1,PDvsCTL,0.096516901,0.299111618,0.764382272
CHMP5,PDvsCTL,0.093926913,0.688554817,0.935453553
CWC15,PDvsCTL,0.455258581,0.138935968,0.625713967
NDUFAF4,PDvsCTL,0.177930438,0.046790544,0.475502257
HACD3,PDvsCTL,0.043479583,0.296479325,0.762996703
GRIA3,PDvsCTL,0.112410248,0.338539126,0.787297747
EMC3,PDvsCTL,0.039224879,0.638465827,0.91992743
NDUFA13,PDvsCTL,0.006080165,0.931413233,0.988270555
PDP1,PDvsCTL,-0.071273009,0.152573699,0.639951682
KCMF1,PDvsCTL,0.127543446,0.069670714,0.518846029
ADAM22,PDvsCTL,0.050693096,0.4325885,0.83199159
FRRS1L,PDvsCTL,0.139265488,0.151022951,0.638491903
VAPA,PDvsCTL,0.061226496,0.117212984,0.606120055
CACNA1I,PDvsCTL,0.080299247,0.668377594,0.929165064
DLGAP2,PDvsCTL,0.052959408,0.596745425,0.911217644
ABRACL,PDvsCTL,-0.253567828,0.059748431,0.494457643
ACTR3B,PDvsCTL,-0.026233691,0.764868461,0.952549632
CAMSAP3,PDvsCTL,0.062497552,0.312689872,0.774885071
KIAA1522,PDvsCTL,-0.149578885,0.797731638,0.959979649
ARHGAP23,PDvsCTL,0.001473999,0.981119956,0.99875356
CNTN3,PDvsCTL,-0.067779958,0.534889015,0.882039589
NYAP2,PDvsCTL,-0.17041232,0.401643524,0.817151428
LRFN1,PDvsCTL,-0.118374076,0.507512671,0.868762171
DIP2B,PDvsCTL,0.012458495,0.784563482,0.958614766
JCAD,PDvsCTL,-0.034052657,0.722223438,0.944362593
FNIP2,PDvsCTL,0.539128721,0.05142147,0.477257596
PTGFRN,PDvsCTL,-0.025913618,0.727008542,0.944362593
TMEM181,PDvsCTL,-0.234989688,0.087073233,0.558713438
ARHGAP20,PDvsCTL,-0.157357246,0.540449736,0.884451507
ANKIB1,PDvsCTL,-0.141896474,0.070647525,0.520663574
USP35,PDvsCTL,0.836181731,0.218786631,0.707389205
EIF2AK4,PDvsCTL,0.038007034,0.767723496,0.954413257
WDR35,PDvsCTL,0.449882844,0.062058424,0.50325394
HECW2,PDvsCTL,-0.0684193,0.324153805,0.780025493
FRMD4A,PDvsCTL,-0.014885881,0.832259406,0.967871303
ANKFY1,PDvsCTL,-0.02300296,0.708830019,0.94132126
SLC17A7,PDvsCTL,0.005004845,0.952918252,0.993501102
SLC17A6,PDvsCTL,0.066718818,0.648372474,0.923458872
GNG13,PDvsCTL,0.098738815,0.688526777,0.935453553
PLP,PDvsCTL,-0.300721572,0.336565304,0.787025807
ATXN10,PDvsCTL,-0.09086358,0.171831763,0.66343847
EPS15L1,PDvsCTL,0.070109743,0.125659553,0.610880748
COMMD3,PDvsCTL,-0.293902833,0.001731275,0.162779313
GNG12,PDvsCTL,0.068419799,0.425975432,0.828318466
HECA,PDvsCTL,-0.763530444,0.165968482,0.660658683
ABCD2,PDvsCTL,0.090941395,0.456778493,0.850293663
UXT,PDvsCTL,0.154755436,0.443188575,0.840940825
ARPP21,PDvsCTL,0.242973605,0.273145391,0.748382178
CPNE7,PDvsCTL,0.025663552,0.766150285,0.953446194
VPS29,PDvsCTL,0.010941389,0.796435268,0.959645775
EIF3K,PDvsCTL,-0.148259847,0.041907445,0.461941097
GRHPR,PDvsCTL,0.100865617,0.200496883,0.692748609
DNAJB11,PDvsCTL,-0.092746794,0.094738054,0.57072933
UBA2,PDvsCTL,-0.026433495,0.638456129,0.91992743
SEL1L,PDvsCTL,-0.142028025,0.042017013,0.461941097
PEF1,PDvsCTL,-0.059806246,0.430300861,0.831198732
COPS7A,PDvsCTL,0.049855261,0.209473742,0.701169813
UQCR10,PDvsCTL,0.1494197,0.155133382,0.643897528
TJP2,PDvsCTL,-0.046562105,0.754632905,0.950959089
CFDP1,PDvsCTL,0.078057292,0.46231903,0.85047059
STK39,PDvsCTL,-0.050919805,0.390659159,0.809044942
ADD3,PDvsCTL,0.102397068,0.049504889,0.475502257
FBXL17,PDvsCTL,0.526540888,0.22750055,0.71334414
NIPSNAP3A,PDvsCTL,-0.121162587,0.527642705,0.879117124
CGGBP1,PDvsCTL,0.160723595,0.459298113,0.85047059
RGS17,PDvsCTL,0.129237035,0.237810215,0.719506203
WARS2,PDvsCTL,0.033225458,0.687960732,0.935453553
SLC2A6,PDvsCTL,0.096516731,0.674313431,0.930086683
ZC3H7B,PDvsCTL,-0.120931252,0.25002916,0.728340096
TCF20,PDvsCTL,-0.221147,0.259746476,0.735252188
NDRG3,PDvsCTL,-0.072818736,0.24764795,0.727523224
SEPTIN3,PDvsCTL,0.056943677,0.346215965,0.789309323
SWAP70,PDvsCTL,0.032797052,0.683112129,0.933179282
KLHL3,PDvsCTL,0.004969428,0.981493104,0.99875356
LAMTOR3,PDvsCTL,0.213341427,0.048609458,0.475502257
AFF4,PDvsCTL,0.358436208,0.266351393,0.743709022
SRP68,PDvsCTL,0.085710176,0.075406374,0.53531995
MKRN1,PDvsCTL,-0.09588253,0.336588988,0.787025807
TBK1,PDvsCTL,-0.079734875,0.130153864,0.617544024
PCSK1N,PDvsCTL,0.003838146,0.981003811,0.99875356
PCYOX1,PDvsCTL,0.018848299,0.652628564,0.9243585
DPP7,PDvsCTL,-0.312889249,0.09461186,0.57072933
USP25,PDvsCTL,0.243517956,0.474650663,0.852968781
CYB5R1,PDvsCTL,0.036970295,0.614990827,0.914966069
NRBP1,PDvsCTL,0.030886376,0.568418333,0.898010668
ENOPH1,PDvsCTL,0.064085883,0.313802006,0.774885071
NDUFA12,PDvsCTL,-0.020042854,0.800692368,0.960946092
TAGLN3,PDvsCTL,0.071223404,0.3391147,0.787549298
IPO11,PDvsCTL,-0.019207218,0.909752982,0.984630334
CTNNA3,PDvsCTL,-0.302846109,0.23604944,0.719506203
XPO7,PDvsCTL,-0.025792566,0.491372109,0.859124837
LCMT1,PDvsCTL,0.126153201,0.046562938,0.475502257
VPS51,PDvsCTL,-0.054888815,0.173964415,0.667556911
BAZ1B,PDvsCTL,-0.027187867,0.800914418,0.960946092
SLCO3A1,PDvsCTL,0.189350279,0.075248,0.53531995
ATP5IF1,PDvsCTL,0.175477365,0.062181258,0.503682199
PLXNA1,PDvsCTL,-0.038182127,0.58095299,0.902742462
TSPYL4,PDvsCTL,0.232504294,0.034710456,0.435650354
MSRA,PDvsCTL,-0.068778102,0.35181205,0.794548104
HACL1,PDvsCTL,-0.07343085,0.68252439,0.932876345
HOOK1,PDvsCTL,-0.049574871,0.617947818,0.915325868
SH3BGRL2,PDvsCTL,0.031475686,0.445275653,0.841484549
RIMS3,PDvsCTL,0.055229776,0.476551196,0.852968781
RASAL2,PDvsCTL,-0.150405519,0.02966629,0.409421899
TSR3,PDvsCTL,0.098250724,0.743923578,0.946867678
LAMP5,PDvsCTL,-0.133828207,0.681643381,0.932876345
CDC23,PDvsCTL,0.002582112,0.989770719,0.99875356
ANAPC4,PDvsCTL,-0.1801422,0.009505648,0.279023428
HSPB8,PDvsCTL,-0.09471985,0.363586775,0.797812197
GGA2,PDvsCTL,-0.1648473,0.416478444,0.825113089
GGA1,PDvsCTL,-0.000417982,0.99414835,0.999608014
STOML2,PDvsCTL,0.094887779,0.096703997,0.572455486
GNG8,PDvsCTL,-0.252072842,0.35864989,0.797140295
KCND3,PDvsCTL,-0.111132341,0.47337183,0.852968781
FBXO2,PDvsCTL,0.058948447,0.421152341,0.826416194
NOCT,PDvsCTL,-0.494596776,0.045486785,0.475502257
LSM7,PDvsCTL,-0.590029578,0.346854143,0.789309323
HBB,PDvsCTL,0.336167196,0.22740277,0.71334414
CCNL1,PDvsCTL,-0.032676588,0.83379546,0.967871303
TASOR,PDvsCTL,0.130687643,0.511699511,0.871208258
FEM1B,PDvsCTL,-0.185648767,0.302162419,0.76710157
JPT1,PDvsCTL,0.392092498,0.024306573,0.387845416
FBXW11,PDvsCTL,-0.211295839,0.133193031,0.619869221
AJAP1,PDvsCTL,0.177150913,0.422211315,0.827080454
TNIK,PDvsCTL,-0.068954037,0.408115456,0.822289769
PITPNC1,PDvsCTL,-0.097460805,0.277715095,0.748599713
APPL1,PDvsCTL,-0.032772154,0.450307978,0.846337892
GPATCH8,PDvsCTL,0.082615827,0.683310897,0.933179282
PARP4,PDvsCTL,-0.158398808,0.62198992,0.916786029
NXT1,PDvsCTL,0.022106617,0.856171423,0.973158362
ACSL6,PDvsCTL,0.031278485,0.541021667,0.884729623
TRHDE,PDvsCTL,-0.143213805,0.531612777,0.880275786
ACAD8,PDvsCTL,0.025623275,0.842404238,0.969250372
AGO2,PDvsCTL,-0.081176244,0.54365387,0.886471995
CDV3,PDvsCTL,0.209337463,0.060681085,0.498064151
CNOT11,PDvsCTL,0.187573068,0.279673357,0.749289915
RAB22A,PDvsCTL,0.075962626,0.114495755,0.602177396
HCN2,PDvsCTL,0.143471167,0.117674091,0.607630822
TAOK2,PDvsCTL,0.013624589,0.841234012,0.969250372
CDH9,PDvsCTL,-0.061069274,0.645427261,0.923157346
MCTS1,PDvsCTL,0.027064074,0.642920633,0.921109422
ZDHHC8,PDvsCTL,-0.168685322,0.642884173,0.921109422
OGDHL,PDvsCTL,-0.023668332,0.718910976,0.943578274
KIDINS220,PDvsCTL,-0.017414968,0.846643564,0.969978257
MRTFB,PDvsCTL,0.086082699,0.269484936,0.746810153
NWD2,PDvsCTL,-0.278762605,0.055052309,0.483337336
PNMA8B,PDvsCTL,0.227386558,0.022272914,0.38443435
PPM1H,PDvsCTL,0.022625516,0.732371565,0.944362593
CADPS,PDvsCTL,0.001136211,0.983257855,0.99875356
NFU1,PDvsCTL,0.047764347,0.54500088,0.886471995
PRPF19,PDvsCTL,-0.142199526,0.02461488,0.38829274
UBQLN1,PDvsCTL,-0.005989513,0.918443612,0.985415021
NENF,PDvsCTL,-0.066208866,0.54527134,0.88648598
SYNRG,PDvsCTL,0.125715419,0.085908152,0.554823608
PCDHGC3,PDvsCTL,-0.073681067,0.423454719,0.827080454
STUB1,PDvsCTL,0.000734621,0.985534908,0.99875356
SNX7,PDvsCTL,0.03259231,0.761758459,0.952549632
STX8,PDvsCTL,-0.167066,0.500737097,0.865977866
COPS3,PDvsCTL,-0.013744664,0.681881468,0.932876345
RABL2B,PDvsCTL,-0.143788359,0.258427225,0.733829043
MINPP1,PDvsCTL,-0.165979907,0.755478248,0.951535619
NOVA2,PDvsCTL,0.102762128,0.120990876,0.608476673
NSFL1C,PDvsCTL,-0.874516142,0.107527603,0.59313347
BSN,PDvsCTL,1.239644508,0.222536584,0.709716357
MACF1,PDvsCTL,0.131299492,0.280644406,0.749322648
PPP6R1,PDvsCTL,-0.05021038,0.60507722,0.912381279
BTBD8,PDvsCTL,0.1273148,0.151595978,0.638578206
LIMCH1,PDvsCTL,-0.106875387,0.124103645,0.610880748
PLCL2,PDvsCTL,-0.116983458,0.144814525,0.632453477
SLC8A2,PDvsCTL,0.127989817,0.056202065,0.485117421
ZC3H4,PDvsCTL,0.039478061,0.818327529,0.965588897
USP22,PDvsCTL,0.213555431,0.092747139,0.568253976
USP24,PDvsCTL,-0.0536227,0.410495661,0.82294312
TBC1D2B,PDvsCTL,0.365208218,0.305952344,0.771639275
SAMD4A,PDvsCTL,0.117082926,0.695830875,0.937294136
PHF24,PDvsCTL,-0.17876266,0.032999937,0.427093834
IGSF9B,PDvsCTL,-0.130861335,0.212239772,0.703196998
SHANK2,PDvsCTL,-0.056540182,0.572163904,0.899775899
DICER1,PDvsCTL,-0.335689748,0.210726892,0.701992334
SLC7A11,PDvsCTL,-0.006417571,0.966754214,0.998097875
WASF3,PDvsCTL,-0.002629272,0.979748608,0.99875356
CORO2B,PDvsCTL,-0.084237438,0.053331179,0.480534403
SHOC2,PDvsCTL,0.014965055,0.894370587,0.979070091
DNM3,PDvsCTL,0.00243316,0.953573092,0.993501102
RIMS2,PDvsCTL,0.039832705,0.668240423,0.929165064
SPG7,PDvsCTL,0.052471356,0.414475486,0.823211343
CTNND2,PDvsCTL,-0.023422272,0.623355813,0.916923893
BAIAP2,PDvsCTL,0.009226803,0.905044258,0.982359565
GAB2,PDvsCTL,-0.027007664,0.781614543,0.958153435
SCN8A,PDvsCTL,0.053056019,0.660563679,0.926532259
MTMR6,PDvsCTL,0.027928035,0.761661177,0.952549632
RUVBL2,PDvsCTL,0.004430937,0.912343313,0.985415021
PIN4,PDvsCTL,-0.116456019,0.278224434,0.749255079
LZTS1,PDvsCTL,-0.075373071,0.479022913,0.852968781
EIF3L,PDvsCTL,-0.058942106,0.121993161,0.610484114
PLAA,PDvsCTL,-0.100965328,0.055309668,0.483337336
NUDC,PDvsCTL,0.092237336,0.052187122,0.477677524
VSIG4,PDvsCTL,-0.035006614,0.862370926,0.973419552
ASF1A,PDvsCTL,-0.001089282,0.996367611,0.999608014
DRG1,PDvsCTL,-0.040536384,0.755968784,0.951808763
TRAPPC4,PDvsCTL,-0.075297969,0.053377866,0.480534403
NCKAP1,PDvsCTL,-0.012549529,0.776515021,0.956988443
VPS9D1,PDvsCTL,0.010877557,0.946071627,0.992748973
DIP2C,PDvsCTL,-0.001720579,0.977163972,0.99875356
EFR3B,PDvsCTL,-0.023544667,0.710325277,0.94132126
STK38L,PDvsCTL,0.039601617,0.458520743,0.85047059
INPP5F,PDvsCTL,0.117874047,0.475896081,0.852968781
MAST1,PDvsCTL,0.104299128,0.025779838,0.393703558
HEL37,PDvsCTL,-0.500126717,0.00841566,0.27216851
WDR37,PDvsCTL,0.096826192,0.077110718,0.53531995
RPH3A,PDvsCTL,-0.063102607,0.603736821,0.912015252
STXBP5L,PDvsCTL,-0.024338987,0.758833269,0.95248917
DIS3,PDvsCTL,-0.028439974,0.835968315,0.967871303
ATP8A1,PDvsCTL,0.155904241,0.024574969,0.38829274
LAMTOR2,PDvsCTL,0.131105681,0.253489045,0.730613348
CRYL1,PDvsCTL,0.021299862,0.793857038,0.959645775
POLDIP2,PDvsCTL,-0.085827069,0.317530295,0.776480672
PPP2R2C,PDvsCTL,-0.234999588,0.010413729,0.287170681
CARHSP1,PDvsCTL,0.044558129,0.658946407,0.926237945
THRAP3,PDvsCTL,-0.065367807,0.517575831,0.874832652
NOP58,PDvsCTL,-0.081266596,0.08538448,0.553306812
COQ6,PDvsCTL,0.003156198,0.978318034,0.99875356
AMDHD2,PDvsCTL,-0.180861684,0.496291118,0.862916674
ACOT9,PDvsCTL,0.183578554,0.002688,0.179988829
DERA,PDvsCTL,-0.022688655,0.864084192,0.973966741
LSM2,PDvsCTL,0.000865109,0.99120373,0.99875356
SH3GLB1,PDvsCTL,-0.120125571,0.029363371,0.409421899
LUC7L2,PDvsCTL,0.098141723,0.118432604,0.608396051
DHRS7,PDvsCTL,0.073241445,0.219410109,0.707403367
TMED5,PDvsCTL,-0.498879698,0.000471068,0.12520855
SF3B6,PDvsCTL,-0.011119498,0.902651001,0.981513098
RNF11,PDvsCTL,0.11771312,0.392188466,0.810677801
UFC1,PDvsCTL,0.097378204,0.094477791,0.57072933
CIAO2B,PDvsCTL,-0.03187819,0.708556617,0.94132126
MSRB2,PDvsCTL,0.111552765,0.129716158,0.616694014
MRPS16,PDvsCTL,-0.277984857,0.004503818,0.229758596
FIS1,PDvsCTL,0.01584416,0.728407606,0.944362593
MRPS23,PDvsCTL,-0.242924897,0.043520019,0.466526823
BOLA1,PDvsCTL,-0.150913432,0.610930312,0.914504787
CHMP3,PDvsCTL,-0.01653357,0.793471239,0.959645775
STRAP,PDvsCTL,-0.049043951,0.19194588,0.688902426
RTCB,PDvsCTL,0.047736927,0.25012522,0.728340096
RAP2C,PDvsCTL,0.145210097,0.097424771,0.574090725
RABGAP1,PDvsCTL,-0.007033322,0.842357197,0.969250372
HCN4,PDvsCTL,-0.160643023,0.457841378,0.85047059
DOP1B,PDvsCTL,0.013551958,0.925561732,0.987183502
RPL36,PDvsCTL,0.066159379,0.522846549,0.87759507
SAMHD1,PDvsCTL,0.041235908,0.654514632,0.92484404
C2CD2,PDvsCTL,0.243312521,0.000662816,0.147629411
TLN1,PDvsCTL,-0.010121834,0.881894531,0.975008506
MTCL1,PDvsCTL,-0.085352098,0.488948802,0.858911952
DCAF1,PDvsCTL,0.043808587,0.753795719,0.950596961
TCAF1,PDvsCTL,0.009739803,0.941648555,0.991695176
DAAM1,PDvsCTL,0.143395815,0.009730274,0.279967187
PLXND1,PDvsCTL,-0.238322585,0.113914288,0.601604606
WDR7,PDvsCTL,-0.015972831,0.789075281,0.959645775
USP15,PDvsCTL,0.000116065,0.997854026,0.999608014
TLN2,PDvsCTL,0.005055508,0.917926693,0.985415021
DTNA,PDvsCTL,0.141647502,0.576687106,0.902742462
TRAF6,PDvsCTL,-0.540631665,0.029180456,0.409421899
HYOU1,PDvsCTL,-0.042169918,0.384421706,0.806572182
TELO2,PDvsCTL,1.063368755,0.072045764,0.525583345
ARIH1,PDvsCTL,-0.072122835,0.366666973,0.798365629
LSM4,PDvsCTL,0.070978049,0.297051444,0.763105124
VH3,PDvsCTL,-0.003098483,0.99204368,0.998987847
SAMM50,PDvsCTL,0.019951517,0.69461529,0.937294136
HSPB11,PDvsCTL,0.040995821,0.772484749,0.955546955
TIMM22,PDvsCTL,-0.108303702,0.377959756,0.803565371
AP4S1,PDvsCTL,0.121316313,0.127660712,0.614260728
YTHDF2,PDvsCTL,-0.129333674,0.465725783,0.851637161
CTDP1,PDvsCTL,-0.001631497,0.996959849,0.999608014
PAXBP1,PDvsCTL,0.780351903,0.020639952,0.372088165
NME7,PDvsCTL,0.07815988,0.317888452,0.776683423
SUPT16H,PDvsCTL,0.038013773,0.649996632,0.923458872
PCDHB14,PDvsCTL,-0.082251652,0.68892297,0.935453553
PCDHGC5,PDvsCTL,-0.057877725,0.730064694,0.944362593
PHLDA3,PDvsCTL,0.033520451,0.911951455,0.985415021
TIMM8B,PDvsCTL,-0.167439922,0.009324476,0.277996971
PCYT1B,PDvsCTL,0.013827922,0.928322175,0.987194231
CD2AP,PDvsCTL,0.023586272,0.828343964,0.967871303
ENTPD2,PDvsCTL,0.222818609,0.235217273,0.719501899
TIMM13,PDvsCTL,0.03848397,0.552803836,0.890368087
TRPV2,PDvsCTL,0.122491482,0.368921743,0.799578358
RBM8A,PDvsCTL,-0.03478175,0.715373951,0.941838045
COPG1,PDvsCTL,-0.076481273,0.132816497,0.619869221
ARL5A,PDvsCTL,-0.072698585,0.476540688,0.852968781
CACNG2,PDvsCTL,0.006106305,0.953807384,0.993501102
CYP46A1,PDvsCTL,-0.03567875,0.673423124,0.930086683
CFAP20,PDvsCTL,0.069402616,0.366801609,0.798365629
EMILIN1,PDvsCTL,0.347002034,0.154354239,0.642511052
MTCH2,PDvsCTL,-0.002655345,0.961918543,0.99634948
ARFGEF2,PDvsCTL,-0.034369628,0.470230701,0.852968781
DYNC1LI1,PDvsCTL,-0.053605222,0.421193072,0.826416194
CHCHD2,PDvsCTL,0.056503814,0.574702577,0.900973011
EPN1,PDvsCTL,0.145880203,0.098591393,0.576644274
AK5,PDvsCTL,0.003275997,0.957855654,0.995356215
SLC30A1,PDvsCTL,0.053811447,0.412326742,0.823002938
NDUFB9,PDvsCTL,-0.073118086,0.341772413,0.788076282
LAMC3,PDvsCTL,-0.137962304,0.316706391,0.776480672
CDH10,PDvsCTL,-0.1216583,0.296645617,0.763105124
SCIN,PDvsCTL,0.538538449,0.026774027,0.399555141
PCLO,PDvsCTL,0.08672899,0.354115433,0.795553947
WASF2,PDvsCTL,0.013863516,0.894525447,0.979070091
FAM169A,PDvsCTL,0.138943866,0.096431902,0.572305833
ENPP4,PDvsCTL,-0.115799345,0.268899769,0.746028775
IVNS1ABP,PDvsCTL,0.197196619,0.215040749,0.705651509
PSMC3,PDvsCTL,0.005958747,0.869880385,0.974767052
HSPE1-MOB4,PDvsCTL,-0.004808668,0.896477709,0.979547951
HBA2,PDvsCTL,0.234561634,0.390695137,0.809044942
Mprip-Ntrk1,PDvsCTL,0.483664022,0.071421167,0.52314914
CD74-Ntrk1,PDvsCTL,0.169360792,0.329180061,0.783273591
HEL-176,PDvsCTL,0.1254232,0.423136438,0.827080454
HEL-214,PDvsCTL,0.04481191,0.862361074,0.973419552
QPRT,PDvsCTL,0.017692169,0.900760791,0.98020762
CADPS2,PDvsCTL,-0.017351567,0.78555004,0.959008827
RAPGEF4,PDvsCTL,-0.040680002,0.617577441,0.915325868
ALDH5A1,PDvsCTL,-0.055641684,0.36226898,0.797812197
GPX1,PDvsCTL,-1.369968647,0.152061933,0.638891056
SLIT2,PDvsCTL,-0.032063103,0.791600423,0.959645775
RAP1GAP,PDvsCTL,0.067198173,0.175906792,0.669115577
NFASC,PDvsCTL,0.03200963,0.671222627,0.92969554
